
 CROP PRODUCTION AND SOIL WATER STATUS FROM LINTUL6 ROTATION MODEL 
 =======================================


DATA-FILE  WARO1PTS.OUT


Name of run: WARO1


Station=  WAGE , Soil=  1, Manage=  1, Rotat=  5 YrRot=  1 , NYear=  4 , NRot=  3 , Crop=  2, Irr.=  1, IOPT=  1,     Runof=0.00, CO2=370. , StYear=1969, StDay=  1

 DAY  YEAR  WLVG    WLVD    WST    WSO     TAGB    TSUML    DVS    LAI  TRANRF  SMACT  SMACTL   RD    TRAIN   TIRR   TTRANS  TESOIL  TDRAIN  TRUNOF    WTOT   WAVT    WTOTL      WAVTL WTOTLX  PARAB    PAR    NNI   NMINT  NMIN    NUPT       NFIX   NLIV   NLOSS  
    1  69      0.      0.      0.      0.      0.      0.   0.00   0.00   1.00   0.30   0.30     10.      0.      0.      0.      0.      0.      0.      0.      0.      0.      0.      0.     0.     0.   0.00      0.      0.      0.      0.      0.      0.
   10  69      0.      0.      0.      0.      0.      0.   0.00   0.00   1.00   0.33   0.30     10.      3.      0.      0.      1.      0.      0.     33.     13.    330.    110.     90.     0.     0.   0.00      0.      0.      0.      0.      0.      0.
   20  69      0.      0.      0.      0.      0.      0.   0.00   0.00   1.00   0.35   0.31     10.     18.      0.      0.      3.      0.      0.     35.     15.    341.    121.     90.     0.     0.   0.00      0.      0.      0.      0.      0.      0.
   30  69      0.      0.      0.      0.      0.      0.   0.00   0.00   1.00   0.35   0.32     10.     34.      0.      0.      4.      0.      0.     35.     15.    355.    135.     90.     0.     0.   0.00      0.      0.      0.      0.      0.      0.
   40  69      0.      0.      0.      0.      0.      0.   0.00   0.00   1.00   0.35   0.33     10.     50.      0.      0.      8.      0.      0.     35.     15.    367.    147.     90.     0.     0.   0.00      0.      0.      0.      0.      0.      0.
   50  69      0.      0.      0.      0.      0.      0.   0.00   0.00   1.00   0.35   0.35     10.     69.      0.      0.      9.      0.      0.     35.     15.    385.    165.     90.     0.     0.   0.00      0.      0.      0.      0.      0.      0.
   60  69      0.      0.      0.      0.      0.      0.   0.00   0.00   1.00   0.34   0.35     10.     80.      0.      0.     12.      0.      0.     34.     14.    385.    165.     98.     0.     0.   0.00      0.      0.      0.      0.      0.      0.
   70  69      0.      0.      0.      0.      0.      0.   0.00   0.00   1.00   0.34   0.35     10.     83.      0.      0.     15.      0.      0.     34.     14.    385.    165.     98.     0.     0.   0.00      0.      0.      0.      0.      0.      0.
   80  69      0.      0.      0.      0.      0.      0.   0.00   0.00   1.00   0.34   0.35     10.    119.      0.      0.     20.     24.      0.     34.     14.    385.    165.    105.     0.     0.   0.00      0.      0.      0.      0.      0.      0.
   90  69      0.      0.      0.      0.      0.      0.   0.00   0.00   1.00   0.35   0.35     10.    126.      0.      0.     25.     26.      0.     35.     15.    385.    165.    105.     0.     0.   0.00      0.      0.      0.      0.      0.      0.


Station=  WAGE , Soil=  1, Manage=  1, Rotat=  5 YrRot=  1 , NYear=  4 , NRot=  3 , Crop=  2, Irr.=  1, IOPT=  1,     Runof=0.00, CO2=370. , StYear=1969, StDay=  1

 Planting on day 100, 1969
 Crop emergence on day   0, 1969
 Wageningen, rotation 1, soil1, current                                          

 DAY  YEAR  WLVG    WLVD    WST    WSO     TAGB    TSUML    DVS    LAI  TRANRF  SMACT  SMACTL   RD    TRAIN   TIRR   TTRANS  TESOIL  TDRAIN  TRUNOF    WTOT   WAVT    WTOTL     WAVTL  WTOTLX  PARAB    PAR    NNI   NMINT  NMIN    NUPT     NFIX   NLIV   NLOSS  
  100  69      0.      0.      0.      0.      0.      0.   0.00   0.00   1.00   0.25   0.35     10.    138.      0.      0.     37.     36.      0.     25.      5.    385.    165.    105.     0.     0.   1.00      0.     30.      0.      0.      0.      0.
  110  69      0.      0.      0.      0.      0.      0.   0.00   0.00   1.00   0.33   0.35     10.    184.      7.      0.     55.     63.      0.     33.     13.    385.    165.    105.     0.    60.   1.00      0.     30.      0.      0.      0.      0.
  120  69      0.      0.      0.      0.      0.      0.   0.00   0.00   1.00   0.29   0.35     10.    212.      7.      0.     71.     78.      0.     29.      9.    385.    165.    105.     0.   131.   1.00      0.     30.      0.      0.      0.      0.
  130  69      1.      0.      0.      0.      1.     93.   0.14   0.00   1.00   0.32   0.35     22.    218.     19.      0.     90.     78.      0.     66.     25.    347.    149.    105.     0.   203.   1.00      7.     22.      0.      0.      0.      0.
  140  69      5.      0.      2.      0.      7.    200.   0.31   0.01   1.00   0.35   0.35     34.    257.     19.      0.    117.     84.      0.    115.     49.    305.    131.    105.     0.   271.   1.00     99.     15.      0.      0.      0.      0.
  150  69     26.      0.     10.      0.     36.    298.   0.46   0.05   1.00   0.34   0.35     46.    275.     19.      1.    139.     85.      0.    151.     61.    263.    113.    105.     2.   357.   1.00    105.      8.      1.      0.      1.      0.
  160  69     96.      0.     46.      0.    142.    387.   0.60   0.19   1.00   0.33   0.35     58.    316.     19.      2.    162.    108.      0.    187.     73.    221.     95.    105.     7.   434.   1.00    109.      0.      5.      0.      5.      0.
  170  69    533.      0.    336.      0.    869.    536.   0.82   1.07   1.00   0.34   0.35     70.    331.     49.     14.    192.    108.      0.    232.     94.    179.     77.    105.    40.   552.   1.00     79.      0.     35.      0.     35.      0.
  180  69   1169.      0.    893.      0.   2062.    657.   1.01   2.34   1.00   0.32   0.35     82.    346.     49.     33.    201.    108.      0.    261.     99.    137.     59.    105.    89.   628.   1.00     68.      0.     74.      0.     74.      0.
  190  69   2003.      0.   1744.    291.   4037.    789.   1.10   4.01   1.00   0.32   0.35     94.    365.     59.     61.    204.    108.      0.    301.    115.     95.     41.    105.   164.   713.   1.00      3.      0.    139.      0.    139.      0.
  200  69   2540.     92.   2428.   1222.   6281.    918.   1.20   5.08   1.00   0.32   0.35    106.    376.     69.     91.    205.    108.      0.    333.    123.     53.     23.    105.   241.   794.   1.00    -45.      0.    187.      0.    185.      2.
  210  69   2566.    419.   2892.   3130.   9007.   1087.   1.32   5.13   1.00   0.32   0.35    118.    389.     89.    129.    206.    108.      0.    369.    135.     11.      5.    105.   332.   887.   1.00    -82.      0.    224.      0.    214.     10.
  220  69   1856.   1264.   3163.   5431.  11714.   1256.   1.44   3.71   1.00   0.31   0.00    120.    406.    109.    171.    208.    108.      0.    373.    133.      0.      0.    105.   425.   985.   1.00    -99.      0.    241.      0.    211.     30.
  230  69   1372.   1854.   3053.   7225.  13825.   1419.   1.55   2.74   1.00   0.33   0.00    120.    436.    149.    215.    212.    108.      0.    395.    155.      0.      0.    105.   499.  1067.   1.00   -112.      0.    254.      0.    203.     51.
  240  69   1074.   2215.   2605.   8303.  15088.   1538.   1.64   2.15   1.00   0.35   0.00    120.    512.    149.    235.    216.    135.      0.    420.    180.      0.      0.    105.   544.  1122.   1.00   -112.      0.    254.      0.    182.     72.
  250  69    861.   2494.   2230.   9446.  16408.   1653.   1.72   1.72   1.00   0.34   0.00    120.    518.    149.    250.    219.    137.      0.    406.    166.      0.      0.    105.   591.  1187.   1.00   -112.      0.    254.      0.    165.     89.
  260  69    657.   2753.   1894.  10404.  17501.   1800.   1.83   1.31   1.00   0.32   0.00    120.    519.    149.    265.    221.    137.      0.    390.    150.      0.      0.    105.   631.  1248.   1.00   -112.      0.    254.      0.    150.    105.
  270  69    527.   2917.   1584.  11020.  18192.   1909.   1.90   1.05   1.00   0.32   0.00    120.    528.    149.    275.    225.    137.      0.    384.    144.      0.      0.    105.   661.  1300.   1.00   -112.      0.    254.      0.    138.    116.
  280  69    435.   3034.   1317.  11460.  18680.   1998.   1.97   0.87   1.00   0.31   0.00    120.    531.    149.    282.    229.    137.      0.    377.    137.      0.      0.    105.   684.  1347.   1.00   -112.      0.    254.      0.    129.    125.
  285  69    395.   3084.   1224.  11644.  18885.   2047.   2.00   0.79   1.00   0.31   0.00    120.    531.    149.    284.    230.    137.      0.    375.    135.      0.      0.    105.   692.  1366.   1.00   -112.      0.    254.      0.    126.    128.
  289  69      0.      0.      0.      0.      0.      0.   0.00   0.00   1.00   0.31   0.00    120.    532.    149.    284.    231.    137.      0.    374.    134.      0.      0.    105.     0.     0.   1.00   -112.      0.      0.      0.      0.      0.
  299  69      0.      0.      0.      0.      0.      0.   0.00   0.00   1.00   0.32   0.00    120.    545.    149.    284.    235.    137.      0.    383.    143.      0.      0.    105.     0.     0.   1.00   -112.      0.      0.      0.      0.      0.
  309  69      0.      0.      0.      0.      0.      0.   0.00   0.00   1.00   0.32   0.00    120.    554.    149.    284.    238.    137.      0.    389.    149.      0.      0.    105.     0.     0.   1.00   -112.      0.      0.      0.      0.      0.
  319  69      0.      0.      0.      0.      0.      0.   0.00   0.00   1.00   0.35   0.00    120.    592.    149.    284.    242.    140.      0.    420.    180.      0.      0.    105.     0.     0.   1.00   -112.      0.      0.      0.      0.      0.
  329  69      0.      0.      0.      0.      0.      0.   0.00   0.00   1.00   0.35   0.00    120.    599.    149.    284.    244.    144.      0.    420.    180.      0.      0.    105.     0.     0.   1.00   -112.      0.      0.      0.      0.      0.
  339  69      0.      0.      0.      0.      0.      0.   0.00   0.00   1.00   0.35   0.00    120.    611.    149.    284.    245.    156.      0.    420.    180.      0.      0.    105.     0.     0.   1.00   -112.      0.      0.      0.      0.      0.
  349  69      0.      0.      0.      0.      0.      0.   0.00   0.00   1.00   0.35   0.00    120.    622.    149.    284.    245.    166.      0.    420.    180.      0.      0.    105.     0.     0.   1.00   -112.      0.      0.      0.      0.      0.
  359  69      0.      0.      0.      0.      0.      0.   0.00   0.00   1.00   0.35   0.00    120.    643.    149.    284.    246.    187.      0.    420.    180.      0.      0.    105.     0.     0.   1.00   -112.      0.      0.      0.      0.      0.
    4  70      0.      0.      0.      0.      0.      0.   0.00   0.00   1.00   0.35   0.00    120.    648.    149.    284.    246.    192.      0.    420.    180.      0.      0.    105.     0.     0.   1.00   -112.      0.      0.      0.      0.      0.
   14  70      0.      0.      0.      0.      0.      0.   0.00   0.00   1.00   0.35   0.00    120.    658.    149.    284.    247.    201.      0.    420.    180.      0.      0.    105.     0.     0.   1.00   -112.      0.      0.      0.      0.      0.
   24  70      0.      0.      0.      0.      0.      0.   0.00   0.00   1.00   0.35   0.00    120.    668.    149.    284.    247.    211.      0.    420.    180.      0.      0.    105.     0.     0.   1.00   -112.      0.      0.      0.      0.      0.
   34  70      0.      0.      0.      0.      0.      0.   0.00   0.00   1.00   0.35   0.00    120.    700.    149.    284.    248.    242.      0.    420.    180.      0.      0.    105.     0.     0.   1.00   -112.      0.      0.      0.      0.      0.
   44  70      0.      0.      0.      0.      0.      0.   0.00   0.00   1.00   0.35   0.00    120.    727.    149.    284.    250.    267.      0.    420.    180.      0.      0.    105.     0.     0.   1.00   -112.      0.      0.      0.      0.      0.
   54  70      0.      0.      0.      0.      0.      0.   0.00   0.00   1.00   0.35   0.00    120.    777.    149.    284.    251.    316.      0.    420.    180.      0.      0.    105.     0.     0.   1.00   -112.      0.      0.      0.      0.      0.
   64  70      0.      0.      0.      0.      0.      0.   0.00   0.00   1.00   0.35   0.00    120.    795.    149.    284.    254.    331.      0.    420.    180.      0.      0.    105.     0.     0.   1.00   -112.      0.      0.      0.      0.      0.
   74  70      0.      0.      0.      0.      0.      0.   0.00   0.00   1.00   0.35   0.00    120.    800.    149.    284.    256.    334.      0.    419.    179.      0.      0.    105.     0.     0.   1.00   -112.      0.      0.      0.      0.      0.
   84  70      0.      0.      0.      0.      0.      0.   0.00   0.00   1.00   0.35   0.00    120.    822.    149.    284.    260.    352.      0.    420.    180.      0.      0.    105.     0.     0.   1.00   -112.      0.      0.      0.      0.      0.
   94  70      0.      0.      0.      0.      0.      0.   0.00   0.00   1.00   0.35   0.00    120.    854.    149.    284.    268.    376.      0.    420.    180.      0.      0.    105.     0.     0.   1.00   -112.      0.      0.      0.      0.      0.
  104  70      0.      0.      0.      0.      0.      0.   0.00   0.00   1.00   0.35   0.00    120.    893.    149.    284.    275.    409.      0.    419.    179.      0.      0.    105.     0.     0.   1.00   -112.      0.      0.      0.      0.      0.
  114  70      0.      0.      0.      0.      0.      0.   0.00   0.00   1.00   0.35   0.00    120.    905.    149.    284.    281.    414.      0.    420.    180.      0.      0.    105.     0.     0.   1.00   -112.      0.      0.      0.      0.      0.


Station=  WAGE , Soil=  1, Manage=  1, Rotat=  5 YrRot=  2 , NYear=  4 , NRot=  3 , Crop=  3, Irr.=  1, IOPT=  1,     Runof=0.00, CO2=370. , StYear=1969, StDay=  1

 Planting on day 120, 1970
 Crop emergence on day   0, 1970
 Wageningen, rotation 1, soil1, current                                          

 DAY  YEAR  WLVG    WLVD    WST    WSO     TAGB    TSUML    DVS    LAI  TRANRF  SMACT  SMACTL   RD    TRAIN   TIRR   TTRANS  TESOIL  TDRAIN  TRUNOF    WTOT   WAVT    WTOTL     WAVTL  WTOTLX  PARAB    PAR    NNI   NMINT  NMIN    NUPT     NFIX   NLIV   NLOSS  
  120  70     19.      0.     11.      0.     30.      0.   0.00   0.05   1.00   0.35   0.35     10.    930.    149.    284.    289.    431.      0.     35.     15.    315.    135.    175.     0.     0.   1.00      0.     30.      0.      0.      2.      0.
  130  70     19.      0.     11.      0.     30.      0.   0.00   0.05   1.00   0.27   0.35     10.    935.    149.    285.    301.    432.      0.     27.      7.    315.    135.    175.     0.    84.   1.00      0.     30.      0.      0.      2.      0.
  133  70     19.      0.     11.      0.     30.      0.   0.00   0.05   1.00   0.27   0.35     10.    936.    155.    285.    307.    432.      0.     27.      7.    315.    135.    175.     0.   112.   1.00      0.     30.      0.      0.      2.      0.
  140  70     34.      0.     21.      0.     55.     50.   0.07   0.09   1.00   0.30   0.35     18.    942.    162.    285.    320.    432.      0.     52.     18.    290.    124.    175.     2.   163.   1.00     88.     25.      1.      0.      4.      0.
  150  70     72.      0.     44.      0.    116.    107.   0.15   0.16   1.00   0.30   0.35     30.    950.    162.    287.    334.    432.      0.     87.     29.    248.    106.    175.     7.   243.   1.00     93.     17.      4.      0.      6.      0.
  160  70    339.      0.    208.      0.    546.    204.   0.29   0.74   1.00   0.28   0.35     42.    952.    162.    294.    344.    432.      0.    114.     32.    206.     88.    175.    26.   355.   1.00     85.     10.     20.      0.     22.      0.
  170  70   1163.      0.    806.      0.   1969.    316.   0.45   2.34   1.00   0.28   0.35     54.    960.    182.    317.    359.    432.      0.    147.     40.    164.     70.    175.    93.   473.   1.00     49.      2.     63.      0.     65.      0.
  180  70   2268.      1.   2158.      0.   4428.    440.   0.63   4.17   1.00   0.27   0.35     66.    968.    202.    349.    364.    432.      0.    179.     49.    122.     52.    175.   173.   567.   1.00     13.      0.    129.      0.    131.      0.
  190  70   2795.     73.   3592.      0.   6460.    544.   0.78   4.84   1.00   0.31   0.35     78.   1018.    202.    376.    366.    432.      0.    242.     87.     80.     34.    175.   234.   632.   1.00     -3.      0.    145.      0.    147.      0.
  200  70   3060.    295.   5730.      0.   9085.    639.   0.92   5.05   1.00   0.34   0.35     90.   1071.    202.    404.    367.    435.      0.    304.    126.     38.     16.    175.   306.   708.   1.00    -22.      0.    164.      0.    164.      2.
  210  70   2894.    756.   7320.    251.  11222.    735.   1.05   4.65   1.00   0.34   0.07    100.   1100.    202.    429.    369.    438.      0.    342.    142.      0.      0.    175.   362.   767.   1.00    -29.      0.    171.      0.    169.      4.
  220  70   2262.   1695.   8630.   2363.  14950.    867.   1.20   3.54   1.00   0.32   0.07    100.   1107.    202.    459.    370.    438.      0.    318.    118.      0.      0.    175.   445.   857.   1.00    -46.      0.    188.      0.    181.      9.
  230  70   1653.   2304.   8630.   4364.  16951.    966.   1.32   2.58   1.00   0.32   0.07    100.   1130.    202.    479.    373.    438.      0.    318.    118.      0.      0.    175.   501.   925.   1.00    -56.      0.    198.      0.    188.     12.
  240  70   1202.   2755.   8630.   6264.  18851.   1066.   1.43   1.88   1.00   0.30   0.07    100.   1139.    202.    497.    377.    438.      0.    304.    104.      0.      0.    175.   554.   996.   1.00    -56.      0.    198.      0.    185.     15.
  250  70    886.   3071.   8122.   7798.  20385.   1159.   1.54   1.38   1.00   0.29   0.07    100.   1142.    202.    513.    381.    438.      0.    287.     87.      0.      0.    175.   598.  1066.   1.00    -56.      0.    198.      0.    182.     18.
  260  70    658.   3299.   6637.   8369.  20956.   1247.   1.64   1.03   1.00   0.34   0.07    100.   1216.    202.    524.    390.    438.      0.    342.    142.      0.      0.    175.   619.  1107.   1.00    -56.      0.    198.      0.    176.     24.
  270  70    501.   3456.   5423.   8824.  21411.   1322.   1.73   0.78   1.00   0.33   0.07    100.   1216.    202.    529.    393.    438.      0.    333.    133.      0.      0.    175.   643.  1165.   1.00    -56.      0.    198.      0.    171.     29.
  280  70    381.   3576.   4431.   9121.  21708.   1398.   1.82   0.60   1.00   0.35   0.07    100.   1253.    202.    534.    400.    445.      0.    350.    150.      0.      0.    175.   656.  1201.   1.00    -56.      0.    198.      0.    167.     33.
  290  70    308.   3650.   3694.   9189.  21776.   1448.   1.88   0.48   1.00   0.35   0.07    100.   1253.    202.    536.    403.    445.      0.    346.    146.      0.      0.    175.   664.  1230.   1.00    -56.      0.    198.      0.    164.     36.
  299  70      0.      0.      0.      0.      0.      0.   0.00   0.00   1.00   0.35   0.07    100.   1285.    202.    536.    406.    470.      0.    350.    150.      0.      0.    175.     0.     0.   1.00    -56.      0.      0.      0.      0.      0.
  309  70      0.      0.      0.      0.      0.      0.   0.00   0.00   1.00   0.35   0.07    100.   1348.    202.    536.    412.    528.      0.    350.    150.      0.      0.    175.     0.     0.   1.00    -56.      0.      0.      0.      0.      0.
  319  70      0.      0.      0.      0.      0.      0.   0.00   0.00   1.00   0.35   0.07    100.   1361.    202.    536.    415.    537.      0.    350.    150.      0.      0.    175.     0.     0.   1.00    -56.      0.      0.      0.      0.      0.
  329  70      0.      0.      0.      0.      0.      0.   0.00   0.00   1.00   0.35   0.07    100.   1384.    202.    536.    419.    557.      0.    350.    150.      0.      0.    175.     0.     0.   1.00    -56.      0.      0.      0.      0.      0.
  339  70      0.      0.      0.      0.      0.      0.   0.00   0.00   1.00   0.35   0.07    100.   1422.    202.    536.    420.    593.      0.    350.    150.      0.      0.    175.     0.     0.   1.00    -56.      0.      0.      0.      0.      0.
  349  70      0.      0.      0.      0.      0.      0.   0.00   0.00   1.00   0.35   0.07    100.   1431.    202.    536.    421.    602.      0.    350.    150.      0.      0.    175.     0.     0.   1.00    -56.      0.      0.      0.      0.      0.
  359  70      0.      0.      0.      0.      0.      0.   0.00   0.00   1.00   0.35   0.07    100.   1436.    202.    536.    421.    606.      0.    350.    150.      0.      0.    175.     0.     0.   1.00    -56.      0.      0.      0.      0.      0.
    4  71      0.      0.      0.      0.      0.      0.   0.00   0.00   1.00   0.35   0.07    100.   1442.    202.    536.    421.    613.      0.    350.    150.      0.      0.    175.     0.     0.   1.00    -56.      0.      0.      0.      0.      0.
   14  71      0.      0.      0.      0.      0.      0.   0.00   0.00   1.00   0.35   0.07    100.   1444.    202.    536.    421.    614.      0.    350.    150.      0.      0.    175.     0.     0.   1.00    -56.      0.      0.      0.      0.      0.
   24  71      0.      0.      0.      0.      0.      0.   0.00   0.00   1.00   0.35   0.07    100.   1469.    202.    536.    423.    638.      0.    350.    150.      0.      0.    175.     0.     0.   1.00    -56.      0.      0.      0.      0.      0.
   34  71      0.      0.      0.      0.      0.      0.   0.00   0.00   1.00   0.35   0.07    100.   1503.    202.    536.    425.    669.      0.    350.    150.      0.      0.    175.     0.     0.   1.00    -56.      0.      0.      0.      0.      0.
   44  71      0.      0.      0.      0.      0.      0.   0.00   0.00   1.00   0.35   0.07    100.   1510.    202.    536.    427.    674.      0.    350.    150.      0.      0.    175.     0.     0.   1.00    -56.      0.      0.      0.      0.      0.
   54  71      0.      0.      0.      0.      0.      0.   0.00   0.00   1.00   0.35   0.07    100.   1533.    202.    536.    429.    695.      0.    350.    150.      0.      0.    175.     0.     0.   1.00    -56.      0.      0.      0.      0.      0.
   64  71      0.      0.      0.      0.      0.      0.   0.00   0.00   1.00   0.35   0.07    100.   1538.    202.    536.    432.    697.      0.    350.    150.      0.      0.    175.     0.     0.   1.00    -56.      0.      0.      0.      0.      0.
   74  71      0.      0.      0.      0.      0.      0.   0.00   0.00   1.00   0.35   0.07    100.   1551.    202.    536.    436.    706.      0.    350.    150.      0.      0.    175.     0.     0.   1.00    -56.      0.      0.      0.      0.      0.
   84  71      0.      0.      0.      0.      0.      0.   0.00   0.00   1.00   0.35   0.07    100.   1570.    202.    536.    444.    718.      0.    350.    150.      0.      0.    175.     0.     0.   1.00    -56.      0.      0.      0.      0.      0.
   94  71      0.      0.      0.      0.      0.      0.   0.00   0.00   1.00   0.35   0.07    100.   1573.    202.    536.    448.    718.      0.    348.    148.      0.      0.    175.     0.     0.   1.00    -56.      0.      0.      0.      0.      0.


Station=  WAGE , Soil=  1, Manage=  1, Rotat=  5 YrRot=  3 , NYear=  4 , NRot=  3 , Crop=  6, Irr.=  1, IOPT=  1,     Runof=0.00, CO2=370. , StYear=1969, StDay=  1

 Planting on day 100, 1971
 Crop emergence on day   0, 1971
 Wageningen, rotation 1, soil1, current                                          

 DAY  YEAR  WLVG    WLVD    WST    WSO     TAGB    TSUML    DVS    LAI  TRANRF  SMACT  SMACTL   RD    TRAIN   TIRR   TTRANS  TESOIL  TDRAIN  TRUNOF    WTOT   WAVT    WTOTL     WAVTL  WTOTLX  PARAB    PAR    NNI   NMINT  NMIN    NUPT     NFIX   NLIV   NLOSS  
  100  71     11.      0.     11.      0.     22.      0.   0.00   0.03   1.00   0.34   0.35     10.   1573.    202.    536.    450.    718.      0.     34.     14.    313.    133.    174.     0.     0.   1.00      0.     30.      0.      0.      2.      0.
  110  71     11.      0.     11.      0.     22.      0.   0.00   0.03   1.00   0.33   0.35     10.   1577.    202.    537.    455.    718.      0.     33.     13.    313.    133.    174.     0.    79.   1.00      0.     30.      0.      0.      2.      0.
  112  71     11.      0.     11.      0.     22.      0.   0.00   0.03   1.00   0.32   0.35     10.   1577.    202.    537.    456.    718.      0.     32.     12.    313.    133.    174.     0.    94.   1.00      0.     30.      0.      0.      2.      0.
  120  71     16.      0.     16.      0.     33.     70.   0.08   0.08   1.00   0.32   0.35     20.   1593.    202.    538.    470.    718.      0.     59.     22.    286.    122.    174.     3.   152.   1.00      6.     24.      0.      0.      2.      0.
  130  71     55.      0.     50.      0.    105.    180.   0.22   0.25   1.00   0.30   0.35     32.   1600.    202.    540.    483.    718.      0.     93.     32.    244.    104.    174.    11.   256.   1.00     13.     16.      1.      3.      6.      0.
  140  71    383.      0.    310.      0.    693.    336.   0.40   1.54   1.00   0.34   0.35     44.   1642.    202.    551.    500.    723.      0.    143.     58.    202.     86.    175.    47.   348.   1.00    100.      9.      5.     20.     27.      0.
  150  71   1013.      0.    752.      1.   1765.    468.   0.56   4.15   1.00   0.33   0.35     56.   1661.    202.    573.    504.    723.      0.    178.     70.    160.     68.    175.   115.   428.   1.00     99.      2.     13.     53.     68.      0.
  160  71   1797.    269.   1599.    109.   3774.    630.   0.76   7.46   1.00   0.27   0.35     68.   1661.    202.    612.    504.    723.      0.    181.     48.    118.     50.    175.   218.   532.   1.00     87.      0.     27.    108.    133.      3.
  170  71   1741.    737.   2098.    277.   4854.    760.   0.91   7.25   1.00   0.33   0.35     80.   1720.    202.    637.    504.    723.      0.    258.    101.     76.     32.    175.   279.   593.   1.00     84.      0.     30.    120.    144.      8.
  180  71   1658.   1184.   2781.    646.   6269.    903.   1.06   6.91   1.00   0.34   0.35     92.   1759.    202.    665.    504.    723.      0.    310.    129.     34.     14.    175.   350.   664.   1.00    107.      0.     35.    139.    163.     13.
  190  71   1507.   1703.   3781.   2049.   9041.   1071.   1.18   6.30   1.00   0.31   0.07    100.   1760.    202.    704.    504.    723.      0.    305.    105.      0.      0.    175.   461.   776.   1.00     98.      0.     44.    176.    203.     18.
  200  71   1189.   2125.   4392.   3920.  11626.   1234.   1.30   4.97   1.00   0.27   0.07    100.   1760.    202.    739.    505.    723.      0.    270.     70.      0.      0.    175.   557.   873.   1.00     84.      0.     58.    233.    271.     23.
  210  71    890.   2469.   4690.   5270.  13319.   1407.   1.43   3.72   1.00   0.27   0.07    100.   1789.    202.    765.    505.    723.      0.    273.     73.      0.      0.    175.   623.   941.   1.00     84.      0.     58.    233.    267.     26.
  220  71    633.   2738.   4410.   6846.  14998.   1594.   1.57   2.64   1.00   0.28   0.07    100.   1814.    222.    797.    507.    723.      0.    284.     84.      0.      0.    175.   699.  1023.   1.00     84.      0.     58.    233.    261.     32.
  230  71    461.   2909.   3607.   7626.  15781.   1754.   1.69   1.93   1.00   0.27   0.07    100.   1824.    222.    815.    510.    723.      0.    272.     72.      0.      0.    175.   750.  1084.   1.00     84.      0.     58.    233.    253.     41.
  240  71    329.   3042.   2947.   8312.  16468.   1930.   1.82   1.37   1.00   0.27   0.07    100.   1852.    222.    835.    516.    723.      0.    275.     75.      0.      0.    175.   804.  1158.   1.00     84.      0.     58.    233.    246.     48.
  250  71    242.   3129.   2408.   8602.  16758.   2085.   1.93   1.01   1.00   0.26   0.07    100.   1857.    222.    850.    520.    723.      0.    261.     61.      0.      0.    175.   843.  1221.   1.00     84.      0.     58.    233.    240.     53.
  259  71    196.   3174.   2049.   8723.  16879.   2188.   2.01   0.82   1.00   0.25   0.07    100.   1858.    222.    859.    523.    723.      0.    250.     50.      0.      0.    175.   869.  1271.   1.00     84.      0.     58.    233.    237.     57.
  259  71      0.      0.      0.      0.      0.      0.   0.00   0.00   1.00   0.25   0.07    100.   1858.    222.    859.    523.    723.      0.    250.     50.      0.      0.    175.     0.     0.   1.00     84.      0.      0.      0.      0.      0.
  269  71      0.      0.      0.      0.      0.      0.   0.00   0.00   1.00   0.26   0.07    100.   1869.    222.    859.    526.    723.      0.    258.     58.      0.      0.    175.     0.     0.   1.00     84.      0.      0.      0.      0.      0.
  279  71      0.      0.      0.      0.      0.      0.   0.00   0.00   1.00   0.26   0.07    100.   1875.    222.    859.    529.    723.      0.    261.     61.      0.      0.    175.     0.     0.   1.00     84.      0.      0.      0.      0.      0.
  289  71      0.      0.      0.      0.      0.      0.   0.00   0.00   1.00   0.26   0.07    100.   1878.    222.    859.    531.    723.      0.    262.     62.      0.      0.    175.     0.     0.   1.00     84.      0.      0.      0.      0.      0.
  299  71      0.      0.      0.      0.      0.      0.   0.00   0.00   1.00   0.28   0.07    100.   1899.    222.    859.    535.    723.      0.    279.     79.      0.      0.    175.     0.     0.   1.00     84.      0.      0.      0.      0.      0.
  309  71      0.      0.      0.      0.      0.      0.   0.00   0.00   1.00   0.28   0.07    100.   1899.    222.    859.    536.    723.      0.    278.     78.      0.      0.    175.     0.     0.   1.00     84.      0.      0.      0.      0.      0.
  319  71      0.      0.      0.      0.      0.      0.   0.00   0.00   1.00   0.29   0.07    100.   1910.    222.    859.    537.    723.      0.    288.     88.      0.      0.    175.     0.     0.   1.00     84.      0.      0.      0.      0.      0.
  329  71      0.      0.      0.      0.      0.      0.   0.00   0.00   1.00   0.32   0.07    100.   1946.    222.    859.    539.    723.      0.    322.    122.      0.      0.    175.     0.     0.   1.00     84.      0.      0.      0.      0.      0.
  339  71      0.      0.      0.      0.      0.      0.   0.00   0.00   1.00   0.33   0.07    100.   1958.    222.    859.    539.    723.      0.    333.    133.      0.      0.    175.     0.     0.   1.00     84.      0.      0.      0.      0.      0.
  349  71      0.      0.      0.      0.      0.      0.   0.00   0.00   1.00   0.34   0.07    100.   1964.    222.    859.    540.    723.      0.    339.    139.      0.      0.    175.     0.     0.   1.00     84.      0.      0.      0.      0.      0.
  359  71      0.      0.      0.      0.      0.      0.   0.00   0.00   1.00   0.35   0.07    100.   1985.    222.    859.    540.    733.      0.    350.    150.      0.      0.    175.     0.     0.   1.00     84.      0.      0.      0.      0.      0.
    4  72      0.      0.      0.      0.      0.      0.   0.00   0.00   1.00   0.35   0.07    100.   1986.    222.    859.    540.    734.      0.    350.    150.      0.      0.    175.     0.     0.   1.00     84.      0.      0.      0.      0.      0.
   14  72      0.      0.      0.      0.      0.      0.   0.00   0.00   1.00   0.35   0.07    100.   1991.    222.    859.    541.    739.      0.    350.    150.      0.      0.    175.     0.     0.   1.00     84.      0.      0.      0.      0.      0.
   24  72      0.      0.      0.      0.      0.      0.   0.00   0.00   1.00   0.35   0.07    100.   2005.    222.    859.    541.    752.      0.    350.    150.      0.      0.    175.     0.     0.   1.00     84.      0.      0.      0.      0.      0.
   34  72      0.      0.      0.      0.      0.      0.   0.00   0.00   1.00   0.35   0.07    100.   2019.    222.    859.    543.    765.      0.    350.    150.      0.      0.    175.     0.     0.   1.00     84.      0.      0.      0.      0.      0.
   44  72      0.      0.      0.      0.      0.      0.   0.00   0.00   1.00   0.35   0.07    100.   2040.    222.    859.    545.    784.      0.    350.    150.      0.      0.    175.     0.     0.   1.00     84.      0.      0.      0.      0.      0.
   54  72      0.      0.      0.      0.      0.      0.   0.00   0.00   1.00   0.35   0.07    100.   2045.    222.    859.    546.    788.      0.    350.    150.      0.      0.    175.     0.     0.   1.00     84.      0.      0.      0.      0.      0.
   64  72      0.      0.      0.      0.      0.      0.   0.00   0.00   1.00   0.35   0.07    100.   2050.    222.    859.    548.    791.      0.    350.    150.      0.      0.    175.     0.     0.   1.00     84.      0.      0.      0.      0.      0.
   74  72      0.      0.      0.      0.      0.      0.   0.00   0.00   1.00   0.35   0.07    100.   2062.    222.    859.    552.    800.      0.    349.    149.      0.      0.    175.     0.     0.   1.00     84.      0.      0.      0.      0.      0.
   84  72      0.      0.      0.      0.      0.      0.   0.00   0.00   1.00   0.35   0.07    100.   2062.    222.    859.    555.    800.      0.    345.    145.      0.      0.    175.     0.     0.   1.00     84.      0.      0.      0.      0.      0.
   94  72      0.      0.      0.      0.      0.      0.   0.00   0.00   1.00   0.35   0.07    100.   2102.    222.    859.    561.    829.      0.    350.    150.      0.      0.    175.     0.     0.   1.00     84.      0.      0.      0.      0.      0.


Station=  WAGE , Soil=  1, Manage=  1, Rotat=  5 YrRot=  1 , NYear=  4 , NRot=  3 , Crop=  2, Irr.=  1, IOPT=  1,     Runof=0.00, CO2=370. , StYear=1969, StDay=  1

 Planting on day 100, 1972
 Crop emergence on day   0, 1972
 Wageningen, rotation 1, soil1, current                                          

 DAY  YEAR  WLVG    WLVD    WST    WSO     TAGB    TSUML    DVS    LAI  TRANRF  SMACT  SMACTL   RD    TRAIN   TIRR   TTRANS  TESOIL  TDRAIN  TRUNOF    WTOT   WAVT    WTOTL     WAVTL  WTOTLX  PARAB    PAR    NNI   NMINT  NMIN    NUPT     NFIX   NLIV   NLOSS  
  100  72      0.      0.      0.      0.      0.      0.   0.00   0.00   1.00   0.35   0.35     10.   2137.    222.    859.    567.    858.      0.     35.     15.    385.    165.    105.     0.     0.   1.00      0.     30.      0.      0.      0.      0.
  110  72      0.      0.      0.      0.      0.      0.   0.00   0.00   1.00   0.32   0.35     10.   2168.    222.    860.    580.    878.      0.     32.     12.    385.    165.    105.     0.    61.   1.00      0.     30.      0.      0.      0.      0.
  112  72      0.      0.      0.      0.      0.      0.   0.00   0.00   1.00   0.33   0.35     10.   2175.    222.    860.    583.    881.      0.     33.     13.    385.    165.    105.     0.    73.   1.00      0.     30.      0.      0.      0.      0.
  120  72      0.      0.      0.      0.      0.      0.   0.00   0.00   1.00   0.29   0.35     10.   2177.    227.    860.    594.    881.      0.     29.      9.    385.    165.    105.     0.   137.   1.00      0.     30.      0.      0.      0.      0.
  123  72      0.      0.      0.      0.      0.      0.   0.00   0.00   1.00   0.31   0.35     10.   2186.    227.    860.    601.    881.      0.     31.     11.    385.    165.    105.     0.   154.   1.00      0.     30.      0.      0.      0.      0.
  130  72      1.      0.      0.      0.      1.     73.   0.11   0.00   1.00   0.30   0.35     18.   2188.    233.    860.    614.    881.      0.     51.     17.    360.    154.    105.     0.   213.   1.00      5.     25.      0.      0.      0.      0.
  140  72      3.      0.      1.      0.      3.    136.   0.21   0.01   1.00   0.35   0.35     30.   2246.    233.    860.    632.    912.      0.    102.     44.    318.    136.    105.     0.   264.   1.00     97.     17.      0.      0.      0.      0.
  150  72     14.      0.      4.      0.     18.    237.   0.36   0.03   1.00   0.35   0.35     42.   2276.    233.    860.    657.    916.      0.    144.     62.    276.    118.    105.     1.   354.   1.00    103.     10.      1.      0.      1.      0.
  160  72     47.      0.     19.      0.     65.    340.   0.52   0.09   1.00   0.35   0.35     54.   2298.    233.    861.    679.    918.      0.    184.     77.    234.    100.    105.     3.   425.   1.00    109.      2.      3.      0.      3.      0.
  170  72    225.      0.    120.      0.    345.    434.   0.67   0.45   1.00   0.33   0.35     66.   2315.    233.    865.    702.    920.      0.    214.     84.    192.     82.    105.    16.   521.   1.00    101.      0.     13.      0.     13.      0.
  180  72    613.      0.    397.      0.   1011.    551.   0.85   1.23   1.00   0.34   0.35     78.   2356.    233.    876.    717.    928.      0.    263.    108.    150.     64.    105.    46.   595.   1.00    104.      0.     38.      0.     38.      0.
  190  72   1159.      0.    896.     10.   2064.    676.   1.03   2.32   1.00   0.34   0.35     90.   2385.    233.    892.    725.    938.      0.    300.    122.    108.     46.    105.    89.   660.   1.00     68.      0.     74.      0.     74.      0.
  200  72   2092.      0.   1859.    519.   4470.    805.   1.12   4.18   1.00   0.32   0.35    102.   2397.    233.    921.    727.    938.      0.    322.    119.     66.     28.    105.   178.   760.   1.00     -3.      0.    145.      0.    145.      0.
  210  72   2476.    130.   2427.   1464.   6497.    963.   1.23   4.95   1.00   0.35   0.35    114.   2461.    253.    950.    728.    960.      0.    396.    170.     24.     10.    105.   248.   833.   1.00    -49.      0.    191.      0.    188.      3.
  220  72   2296.    488.   2698.   3038.   8520.   1095.   1.33   4.59   1.00   0.34   0.00    120.   2470.    253.    973.    729.    963.      0.    402.    162.      0.      0.    105.   314.   902.   1.00    -68.      0.    210.      0.    199.     12.
  230  72   1740.   1153.   2918.   4903.  10714.   1237.   1.43   3.48   1.00   0.34   0.00    120.   2497.    253.    998.    730.    963.      0.    403.    163.      0.      0.    105.   388.   980.   1.00    -83.      0.    225.      0.    198.     28.
  240  72   1393.   1585.   3088.   6352.  12418.   1344.   1.51   2.79   1.00   0.34   0.00    120.   2518.    253.   1016.    732.    963.      0.    405.    165.      0.      0.    105.   446.  1046.   1.00   -102.      0.    244.      0.    206.     38.
  250  72   1142.   1936.   2704.   8040.  14405.   1452.   1.58   2.28   1.00   0.32   0.00    120.   2518.    253.   1035.    733.    963.      0.    385.    145.      0.      0.    105.   516.  1131.   1.00   -102.      0.    244.      0.    185.     59.
  260  72    923.   2205.   2294.   8901.  15409.   1553.   1.66   1.85   1.00   0.34   0.00    120.   2553.    253.   1046.    736.    963.      0.    406.    166.      0.      0.    105.   553.  1180.   1.00   -102.      0.    244.      0.    168.     76.
  270  72    793.   2382.   1947.   9715.  16351.   1623.   1.71   1.59   1.00   0.34   0.00    120.   2563.    253.   1053.    739.    963.      0.    406.    166.      0.      0.    105.   596.  1241.   1.00   -102.      0.    244.      0.    155.     90.
  280  72    679.   2530.   1639.  10299.  17019.   1690.   1.75   1.36   1.00   0.33   0.00    120.   2563.    253.   1061.    740.    963.      0.    398.    158.      0.      0.    105.   628.  1291.   1.00   -102.      0.    244.      0.    143.    101.
  290  72    583.   2643.   1389.  10603.  17366.   1745.   1.79   1.17   1.00   0.33   0.00    120.   2564.    253.   1065.    741.    963.      0.    393.    153.      0.      0.    105.   649.  1328.   1.00   -102.      0.    244.      0.    135.    110.
  299  72      0.      0.      0.      0.      0.      0.   0.00   0.00   1.00   0.34   0.00    120.   2579.    253.   1065.    742.    963.      0.    407.    167.      0.      0.    105.     0.     0.   1.00   -102.      0.      0.      0.      0.      0.
  309  72      0.      0.      0.      0.      0.      0.   0.00   0.00   1.00   0.34   0.00    120.   2587.    253.   1065.    743.    963.      0.    413.    173.      0.      0.    105.     0.     0.   1.00   -102.      0.      0.      0.      0.      0.
  319  72      0.      0.      0.      0.      0.      0.   0.00   0.00   1.00   0.35   0.00    120.   2633.    253.   1065.    745.   1000.      0.    420.    180.      0.      0.    105.     0.     0.   1.00   -102.      0.      0.      0.      0.      0.
  329  72      0.      0.      0.      0.      0.      0.   0.00   0.00   1.00   0.35   0.00    120.   2662.    253.   1065.    746.   1028.      0.    420.    180.      0.      0.    105.     0.     0.   1.00   -102.      0.      0.      0.      0.      0.
  339  72      0.      0.      0.      0.      0.      0.   0.00   0.00   1.00   0.35   0.00    120.   2665.    253.   1065.    747.   1031.      0.    420.    180.      0.      0.    105.     0.     0.   1.00   -102.      0.      0.      0.      0.      0.
  349  72      0.      0.      0.      0.      0.      0.   0.00   0.00   1.00   0.35   0.00    120.   2684.    253.   1065.    748.   1049.      0.    420.    180.      0.      0.    105.     0.     0.   1.00   -102.      0.      0.      0.      0.      0.
  359  72      0.      0.      0.      0.      0.      0.   0.00   0.00   1.00   0.35   0.00    120.   2684.    253.   1065.    748.   1049.      0.    420.    180.      0.      0.    105.     0.     0.   1.00   -102.      0.      0.      0.      0.      0.
    1  73      0.      0.      0.      0.      0.      0.   0.00   0.00   1.00   0.35   0.00    120.   2684.    253.   1065.    748.   1049.      0.    420.    180.      0.      0.    105.     0.     0.   1.00   -102.      0.      0.      0.      0.      0.


DATA-FILE  WARO1PTS.OUT


Name of run: WAR02


Station=  WAGE , Soil=  1, Manage=  1, Rotat=  6 YrRot=  1 , NYear=  4 , NRot=  3 , Crop=  2, Irr.=  2, IOPT=  2,     Runof=0.00, CO2=370. , StYear=1969, StDay=  1

 DAY  YEAR  WLVG    WLVD    WST    WSO     TAGB    TSUML    DVS    LAI  TRANRF  SMACT  SMACTL   RD    TRAIN   TIRR   TTRANS  TESOIL  TDRAIN  TRUNOF    WTOT   WAVT    WTOTL      WAVTL WTOTLX  PARAB    PAR    NNI   NMINT  NMIN    NUPT       NFIX   NLIV   NLOSS  
    1  69      0.      0.      0.      0.      0.      0.   0.00   0.00   1.00   0.30   0.30     10.   2684.    253.   1065.    748.   1049.      0.    420.    180.      0.      0.    105.     0.     0.   1.00   -102.      0.      0.      0.      0.      0.
    3  69      0.      0.      0.      0.      0.      0.   0.00   0.00   1.00   0.33   0.30     10.      3.      0.      0.      0.      0.      0.     33.     13.    330.    110.     90.     0.     0.   1.00   -102.      0.      0.      0.      0.      0.
   13  69      0.      0.      0.      0.      0.      0.   0.00   0.00   1.00   0.34   0.30     10.      5.      0.      0.      1.      0.      0.     34.     14.    330.    110.     90.     0.     0.   1.00   -102.      0.      0.      0.      0.      0.
   23  69      0.      0.      0.      0.      0.      0.   0.00   0.00   1.00   0.35   0.32     10.     28.      0.      0.      3.      0.      0.     35.     15.    350.    130.     90.     0.     0.   1.00   -102.      0.      0.      0.      0.      0.
   33  69      0.      0.      0.      0.      0.      0.   0.00   0.00   1.00   0.35   0.32     10.     37.      0.      0.      6.      0.      0.     35.     15.    356.    136.     90.     0.     0.   1.00   -102.      0.      0.      0.      0.      0.
   43  69      0.      0.      0.      0.      0.      0.   0.00   0.00   1.00   0.35   0.34     10.     58.      0.      0.      9.      0.      0.     35.     15.    374.    154.     90.     0.     0.   1.00   -102.      0.      0.      0.      0.      0.
   53  69      0.      0.      0.      0.      0.      0.   0.00   0.00   1.00   0.35   0.35     10.     79.      0.      0.     10.      0.      0.     35.     15.    385.    165.     98.     0.     0.   1.00   -102.      0.      0.      0.      0.      0.
   63  69      0.      0.      0.      0.      0.      0.   0.00   0.00   1.00   0.33   0.35     10.     80.      0.      0.     13.      0.      0.     33.     13.    385.    165.     98.     0.     0.   1.00   -102.      0.      0.      0.      0.      0.
   73  69      0.      0.      0.      0.      0.      0.   0.00   0.00   1.00   0.35   0.35     10.    108.      0.      0.     16.     17.      0.     35.     15.    385.    165.    105.     0.     0.   1.00   -102.      0.      0.      0.      0.      0.
   83  69      0.      0.      0.      0.      0.      0.   0.00   0.00   1.00   0.33   0.35     10.    120.      0.      0.     23.     24.      0.     33.     13.    385.    165.    105.     0.     0.   1.00   -102.      0.      0.      0.      0.      0.
   93  69      0.      0.      0.      0.      0.      0.   0.00   0.00   1.00   0.33   0.35     10.    138.      0.      0.     29.     36.      0.     33.     13.    385.    165.    105.     0.     0.   1.00   -102.      0.      0.      0.      0.      0.


Station=  WAGE , Soil=  1, Manage=  1, Rotat=  6 YrRot=  1 , NYear=  4 , NRot=  3 , Crop=  2, Irr.=  2, IOPT=  2,     Runof=0.00, CO2=370. , StYear=1969, StDay=  1

 Planting on day 100, 1969
 Crop emergence on day   0, 1969
 Wageningen, rotation 2, soil1, current                                          

 DAY  YEAR  WLVG    WLVD    WST    WSO     TAGB    TSUML    DVS    LAI  TRANRF  SMACT  SMACTL   RD    TRAIN   TIRR   TTRANS  TESOIL  TDRAIN  TRUNOF    WTOT   WAVT    WTOTL     WAVTL  WTOTLX  PARAB    PAR    NNI   NMINT  NMIN    NUPT     NFIX   NLIV   NLOSS  
  100  69      0.      0.      0.      0.      0.      0.   0.00   0.00   1.00   0.25   0.35     10.    138.      0.      0.     37.     36.      0.     25.      5.    385.    165.    105.     0.     0.   1.00      0.     30.      0.      0.      0.      0.
  110  69      0.      0.      0.      0.      0.      0.   0.00   0.00   1.00   0.33   0.35     10.    184.      0.      0.     55.     56.      0.     33.     13.    385.    165.    105.     0.    60.   1.00      0.     30.      0.      0.      0.      0.
  120  69      0.      0.      0.      0.      0.      0.   0.00   0.00   1.00   0.29   0.35     10.    212.      0.      0.     71.     71.      0.     29.      9.    385.    165.    105.     0.   131.   1.00      0.     30.      0.      0.      0.      0.
  130  69      1.      0.      0.      0.      1.     93.   0.14   0.00   1.00   0.29   0.35     22.    218.      0.      0.     85.     71.      0.     60.     19.    347.    149.    105.     0.   203.   1.00      7.     22.      0.      0.      0.      0.
  140  69      5.      0.      2.      0.      7.    200.   0.31   0.01   1.00   0.35   0.35     34.    257.      0.      0.    112.     71.      0.    114.     49.    305.    131.    105.     0.   271.   1.00     99.     15.      0.      0.      0.      0.
  150  69     26.      0.     10.      0.     36.    298.   0.46   0.05   1.00   0.34   0.35     46.    275.      0.      1.    134.     71.      0.    151.     61.    263.    113.    105.     2.   357.   1.00    105.      8.      1.      0.      1.      0.
  160  69     96.      0.     46.      0.    142.    387.   0.60   0.19   1.00   0.33   0.35     58.    316.      0.      2.    157.     94.      0.    187.     73.    221.     95.    105.     7.   434.   1.00    109.      0.      5.      0.      5.      0.
  170  69    530.      0.    334.      0.    865.    536.   0.82   1.06   1.00   0.33   0.35     70.    331.     20.     14.    178.     94.      0.    230.     92.    179.     77.    105.    40.   552.   1.00     79.      0.     35.      0.     35.      0.
  180  69   1165.      0.    890.      0.   2056.    657.   1.01   2.33   1.00   0.32   0.35     82.    346.     20.     33.    187.     94.      0.    259.     98.    137.     59.    105.    89.   628.   1.00     68.      0.     74.      0.     74.      0.
  190  69   1998.      0.   1740.    291.   4029.    789.   1.10   4.00   1.00   0.31   0.35     94.    365.     20.     61.    190.     94.      0.    290.    104.     95.     41.    105.   164.   713.   1.00      3.      0.    139.      0.    139.      0.
  200  69   2537.     91.   2424.   1221.   6273.    918.   1.20   5.08   1.00   0.30   0.35    106.    376.     20.     91.    191.     94.      0.    312.    102.     53.     23.    105.   241.   794.   1.00    -44.      0.    186.      0.    184.      2.
  210  69   2562.    416.   2886.   3122.   8986.   1087.   1.32   5.13   0.83   0.30   0.35    118.    389.     40.    129.    192.     94.      0.    348.    114.     11.      5.    105.   332.   887.   1.00    -82.      0.    224.      0.    214.     10.
  220  69   1848.   1259.   3143.   5310.  11560.   1256.   1.44   3.70   0.76   0.28   0.00    120.    406.     40.    168.    193.     94.      0.    335.     95.      0.      0.    105.   424.   985.   1.00    -98.      0.    240.      0.    210.     30.
  230  69   1349.   1841.   2995.   6726.  13226.   1419.   1.55   2.70   1.00   0.29   0.00    120.    436.     60.    201.    197.     94.      0.    348.    108.      0.      0.    105.   498.  1067.   1.00   -108.      0.    250.      0.    199.     51.
  240  69   1056.   2196.   2556.   7788.  14470.   1538.   1.64   2.11   1.00   0.33   0.00    120.    512.     60.    221.    202.     94.      0.    401.    161.      0.      0.    105.   543.  1122.   1.00   -108.      0.    250.      0.    178.     71.
  250  69    847.   2471.   2189.   8922.  15780.   1653.   1.72   1.69   1.00   0.32   0.00    120.    518.     60.    236.    205.     94.      0.    389.    149.      0.      0.    105.   590.  1187.   1.00   -108.      0.    250.      0.    162.     88.
  260  69    646.   2725.   1860.   9872.  16863.   1800.   1.83   1.29   1.00   0.31   0.00    120.    519.     60.    250.    207.     94.      0.    373.    133.      0.      0.    105.   630.  1248.   1.00   -108.      0.    250.      0.    147.    103.
  270  69    519.   2886.   1556.  10482.  17547.   1909.   1.90   1.04   1.00   0.31   0.00    120.    528.     60.    260.    211.     94.      0.    367.    127.      0.      0.    105.   659.  1300.   1.00   -108.      0.    250.      0.    136.    114.
  280  69    428.   3002.   1293.  10916.  18030.   1998.   1.97   0.86   1.00   0.30   0.00    120.    531.     60.    267.    215.     94.      0.    360.    120.      0.      0.    105.   682.  1347.   1.00   -108.      0.    250.      0.    127.    123.
  285  69    389.   3051.   1203.  11099.  18233.   2047.   2.00   0.78   1.00   0.30   0.00    120.    531.     60.    269.    216.     94.      0.    358.    118.      0.      0.    105.   690.  1366.   1.00   -108.      0.    250.      0.    123.    127.
  289  69      0.      0.      0.      0.      0.      0.   0.00   0.00   1.00   0.30   0.00    120.    532.     60.    269.    217.     94.      0.    357.    117.      0.      0.    105.     0.     0.   1.00   -108.      0.      0.      0.      0.      0.
  299  69      0.      0.      0.      0.      0.      0.   0.00   0.00   1.00   0.30   0.00    120.    545.     60.    269.    221.     94.      0.    366.    126.      0.      0.    105.     0.     0.   1.00   -108.      0.      0.      0.      0.      0.
  309  69      0.      0.      0.      0.      0.      0.   0.00   0.00   1.00   0.31   0.00    120.    554.     60.    269.    224.     94.      0.    372.    132.      0.      0.    105.     0.     0.   1.00   -108.      0.      0.      0.      0.      0.
  319  69      0.      0.      0.      0.      0.      0.   0.00   0.00   1.00   0.34   0.00    120.    592.     60.    269.    228.     94.      0.    406.    166.      0.      0.    105.     0.     0.   1.00   -108.      0.      0.      0.      0.      0.
  329  69      0.      0.      0.      0.      0.      0.   0.00   0.00   1.00   0.34   0.00    120.    599.     60.    269.    230.     94.      0.    410.    170.      0.      0.    105.     0.     0.   1.00   -108.      0.      0.      0.      0.      0.
  339  69      0.      0.      0.      0.      0.      0.   0.00   0.00   1.00   0.35   0.00    120.    611.     60.    269.    231.     96.      0.    420.    180.      0.      0.    105.     0.     0.   1.00   -108.      0.      0.      0.      0.      0.
  349  69      0.      0.      0.      0.      0.      0.   0.00   0.00   1.00   0.35   0.00    120.    622.     60.    269.    231.    106.      0.    420.    180.      0.      0.    105.     0.     0.   1.00   -108.      0.      0.      0.      0.      0.
  359  69      0.      0.      0.      0.      0.      0.   0.00   0.00   1.00   0.35   0.00    120.    643.     60.    269.    232.    127.      0.    420.    180.      0.      0.    105.     0.     0.   1.00   -108.      0.      0.      0.      0.      0.
    4  70      0.      0.      0.      0.      0.      0.   0.00   0.00   1.00   0.35   0.00    120.    648.     60.    269.    232.    132.      0.    420.    180.      0.      0.    105.     0.     0.   1.00   -108.      0.      0.      0.      0.      0.
   14  70      0.      0.      0.      0.      0.      0.   0.00   0.00   1.00   0.35   0.00    120.    658.     60.    269.    233.    141.      0.    420.    180.      0.      0.    105.     0.     0.   1.00   -108.      0.      0.      0.      0.      0.
   24  70      0.      0.      0.      0.      0.      0.   0.00   0.00   1.00   0.35   0.00    120.    668.     60.    269.    233.    151.      0.    420.    180.      0.      0.    105.     0.     0.   1.00   -108.      0.      0.      0.      0.      0.
   34  70      0.      0.      0.      0.      0.      0.   0.00   0.00   1.00   0.35   0.00    120.    700.     60.    269.    234.    182.      0.    420.    180.      0.      0.    105.     0.     0.   1.00   -108.      0.      0.      0.      0.      0.
   44  70      0.      0.      0.      0.      0.      0.   0.00   0.00   1.00   0.35   0.00    120.    727.     60.    269.    236.    207.      0.    420.    180.      0.      0.    105.     0.     0.   1.00   -108.      0.      0.      0.      0.      0.
   54  70      0.      0.      0.      0.      0.      0.   0.00   0.00   1.00   0.35   0.00    120.    777.     60.    269.    237.    256.      0.    420.    180.      0.      0.    105.     0.     0.   1.00   -108.      0.      0.      0.      0.      0.
   64  70      0.      0.      0.      0.      0.      0.   0.00   0.00   1.00   0.35   0.00    120.    795.     60.    269.    240.    271.      0.    420.    180.      0.      0.    105.     0.     0.   1.00   -108.      0.      0.      0.      0.      0.
   74  70      0.      0.      0.      0.      0.      0.   0.00   0.00   1.00   0.35   0.00    120.    800.     60.    269.    242.    274.      0.    419.    179.      0.      0.    105.     0.     0.   1.00   -108.      0.      0.      0.      0.      0.
   84  70      0.      0.      0.      0.      0.      0.   0.00   0.00   1.00   0.35   0.00    120.    822.     60.    269.    247.    292.      0.    420.    180.      0.      0.    105.     0.     0.   1.00   -108.      0.      0.      0.      0.      0.
   94  70      0.      0.      0.      0.      0.      0.   0.00   0.00   1.00   0.35   0.00    120.    854.     60.    269.    254.    316.      0.    420.    180.      0.      0.    105.     0.     0.   1.00   -108.      0.      0.      0.      0.      0.
  104  70      0.      0.      0.      0.      0.      0.   0.00   0.00   1.00   0.35   0.00    120.    893.     60.    269.    261.    348.      0.    419.    179.      0.      0.    105.     0.     0.   1.00   -108.      0.      0.      0.      0.      0.
  114  70      0.      0.      0.      0.      0.      0.   0.00   0.00   1.00   0.35   0.00    120.    905.     60.    269.    267.    353.      0.    420.    180.      0.      0.    105.     0.     0.   1.00   -108.      0.      0.      0.      0.      0.


Station=  WAGE , Soil=  1, Manage=  1, Rotat=  6 YrRot=  2 , NYear=  4 , NRot=  3 , Crop=  3, Irr.=  2, IOPT=  2,     Runof=0.00, CO2=370. , StYear=1969, StDay=  1

 Planting on day 120, 1970
 Crop emergence on day   0, 1970
 Wageningen, rotation 2, soil1, current                                          

 DAY  YEAR  WLVG    WLVD    WST    WSO     TAGB    TSUML    DVS    LAI  TRANRF  SMACT  SMACTL   RD    TRAIN   TIRR   TTRANS  TESOIL  TDRAIN  TRUNOF    WTOT   WAVT    WTOTL     WAVTL  WTOTLX  PARAB    PAR    NNI   NMINT  NMIN    NUPT     NFIX   NLIV   NLOSS  
  120  70     19.      0.     11.      0.     30.      0.   0.00   0.05   1.00   0.35   0.35     10.    930.     60.    269.    275.    370.      0.     35.     15.    315.    135.    175.     0.     0.   1.00      0.     30.      0.      0.      2.      0.
  130  70     19.      0.     11.      0.     30.      0.   0.00   0.05   1.00   0.27   0.35     10.    935.     60.    270.    287.    371.      0.     27.      7.    315.    135.    175.     0.    84.   1.00      0.     30.      0.      0.      2.      0.
  133  70     19.      0.     11.      0.     30.      0.   0.00   0.05   1.00   0.24   0.35     10.    936.     60.    270.    291.    371.      0.     24.      4.    315.    135.    175.     0.   112.   1.00      0.     30.      0.      0.      2.      0.
  140  70     32.      0.     20.      0.     52.     50.   0.07   0.09   1.00   0.28   0.35     18.    942.     60.    271.    298.    371.      0.     47.     13.    290.    124.    175.     2.   163.   1.00     88.     25.      1.      0.      3.      0.
  150  70     68.      0.     42.      0.    111.    107.   0.15   0.16   1.00   0.29   0.35     30.    950.     60.    272.    309.    371.      0.     85.     26.    248.    106.    175.     7.   243.   1.00     93.     17.      4.      0.      6.      0.
  160  70    326.      0.    200.      0.    526.    204.   0.29   0.71   1.00   0.28   0.35     42.    952.     60.    279.    317.    371.      0.    114.     31.    206.     88.    175.    25.   355.   1.00     86.     10.     19.      0.     21.      0.
  170  70   1134.      0.    787.      0.   1921.    316.   0.45   2.28   1.00   0.28   0.35     54.    960.     80.    301.    332.    371.      0.    147.     40.    164.     70.    175.    91.   473.   1.00     50.      2.     61.      0.     63.      0.
  180  70   2202.     13.   2105.      0.   4320.    440.   0.63   4.05   1.00   0.25   0.35     66.    968.     80.    332.    336.    371.      0.    162.     32.    122.     52.    175.   170.   567.   1.00     17.      0.    125.      0.    127.      0.
  190  70   2747.     64.   3532.      0.   6343.    544.   0.78   4.75   1.00   0.29   0.35     78.   1018.     80.    359.    338.    371.      0.    225.     70.     80.     34.    175.   231.   632.   1.00     -1.      0.    143.      0.    144.      0.
  200  70   3030.    267.   5665.      0.   8962.    639.   0.92   4.99   1.00   0.33   0.35     90.   1071.     80.    388.    339.    371.      0.    291.    112.     38.     16.    175.   302.   708.   1.00    -19.      0.    161.      0.    162.      1.
  210  70   2875.    717.   7253.    251.  11095.    735.   1.05   4.62   1.00   0.34   0.07    100.   1100.    100.    412.    340.    378.      0.    345.    145.      0.      0.    175.   358.   767.   1.00    -27.      0.    169.      0.    167.      4.
  220  70   2248.   1650.   8560.   2359.  14817.    867.   1.20   3.51   1.00   0.32   0.07    100.   1107.    100.    442.    341.    378.      0.    321.    121.      0.      0.    175.   441.   857.   1.00    -44.      0.    186.      0.    179.      9.
  230  70   1643.   2255.   8560.   4354.  16812.    966.   1.32   2.56   1.00   0.34   0.07    100.   1130.    120.    462.    345.    379.      0.    340.    140.      0.      0.    175.   498.   925.   1.00    -53.      0.    195.      0.    186.     12.
  240  70   1195.   2703.   8560.   6248.  18706.   1066.   1.43   1.87   1.00   0.33   0.07    100.   1139.    120.    481.    349.    379.      0.    326.    126.      0.      0.    175.   550.   996.   1.00    -53.      0.    195.      0.    183.     14.
  250  70    880.   3017.   8057.   7775.  20233.   1159.   1.54   1.37   1.00   0.31   0.07    100.   1142.    120.    496.    353.    379.      0.    309.    109.      0.      0.    175.   594.  1066.   1.00    -53.      0.    195.      0.    180.     18.
  260  70    654.   3244.   6583.   8343.  20802.   1247.   1.64   1.02   1.00   0.35   0.07    100.   1216.    120.    507.    362.    392.      0.    350.    150.      0.      0.    175.   615.  1107.   1.00    -53.      0.    195.      0.    174.     24.
  270  70    498.   3400.   5379.   8795.  21253.   1322.   1.73   0.78   1.00   0.34   0.07    100.   1216.    120.    512.    365.    392.      0.    342.    142.      0.      0.    175.   639.  1165.   1.00    -53.      0.    195.      0.    169.     29.
  280  70    378.   3520.   4395.   9090.  21548.   1398.   1.82   0.59   1.00   0.35   0.07    100.   1253.    120.    517.    372.    408.      0.    350.    150.      0.      0.    175.   652.  1201.   1.00    -53.      0.    195.      0.    165.     33.
  290  70    306.   3592.   3664.   9158.  21617.   1448.   1.88   0.48   1.00   0.35   0.07    100.   1253.    120.    519.    375.    408.      0.    346.    146.      0.      0.    175.   660.  1230.   1.00    -53.      0.    195.      0.    162.     36.
  299  70      0.      0.      0.      0.      0.      0.   0.00   0.00   1.00   0.35   0.07    100.   1285.    120.    519.    379.    433.      0.    350.    150.      0.      0.    175.     0.     0.   1.00    -53.      0.      0.      0.      0.      0.
  309  70      0.      0.      0.      0.      0.      0.   0.00   0.00   1.00   0.35   0.07    100.   1348.    120.    519.    384.    491.      0.    350.    150.      0.      0.    175.     0.     0.   1.00    -53.      0.      0.      0.      0.      0.
  319  70      0.      0.      0.      0.      0.      0.   0.00   0.00   1.00   0.35   0.07    100.   1361.    120.    519.    387.    500.      0.    350.    150.      0.      0.    175.     0.     0.   1.00    -53.      0.      0.      0.      0.      0.
  329  70      0.      0.      0.      0.      0.      0.   0.00   0.00   1.00   0.35   0.07    100.   1384.    120.    519.    391.    519.      0.    350.    150.      0.      0.    175.     0.     0.   1.00    -53.      0.      0.      0.      0.      0.
  339  70      0.      0.      0.      0.      0.      0.   0.00   0.00   1.00   0.35   0.07    100.   1422.    120.    519.    392.    556.      0.    350.    150.      0.      0.    175.     0.     0.   1.00    -53.      0.      0.      0.      0.      0.
  349  70      0.      0.      0.      0.      0.      0.   0.00   0.00   1.00   0.35   0.07    100.   1431.    120.    519.    393.    564.      0.    350.    150.      0.      0.    175.     0.     0.   1.00    -53.      0.      0.      0.      0.      0.
  359  70      0.      0.      0.      0.      0.      0.   0.00   0.00   1.00   0.35   0.07    100.   1436.    120.    519.    393.    569.      0.    350.    150.      0.      0.    175.     0.     0.   1.00    -53.      0.      0.      0.      0.      0.
    4  71      0.      0.      0.      0.      0.      0.   0.00   0.00   1.00   0.35   0.07    100.   1442.    120.    519.    393.    575.      0.    350.    150.      0.      0.    175.     0.     0.   1.00    -53.      0.      0.      0.      0.      0.
   14  71      0.      0.      0.      0.      0.      0.   0.00   0.00   1.00   0.35   0.07    100.   1444.    120.    519.    393.    577.      0.    350.    150.      0.      0.    175.     0.     0.   1.00    -53.      0.      0.      0.      0.      0.
   24  71      0.      0.      0.      0.      0.      0.   0.00   0.00   1.00   0.35   0.07    100.   1469.    120.    519.    395.    601.      0.    350.    150.      0.      0.    175.     0.     0.   1.00    -53.      0.      0.      0.      0.      0.
   34  71      0.      0.      0.      0.      0.      0.   0.00   0.00   1.00   0.35   0.07    100.   1503.    120.    519.    398.    631.      0.    350.    150.      0.      0.    175.     0.     0.   1.00    -53.      0.      0.      0.      0.      0.
   44  71      0.      0.      0.      0.      0.      0.   0.00   0.00   1.00   0.35   0.07    100.   1510.    120.    519.    399.    637.      0.    350.    150.      0.      0.    175.     0.     0.   1.00    -53.      0.      0.      0.      0.      0.
   54  71      0.      0.      0.      0.      0.      0.   0.00   0.00   1.00   0.35   0.07    100.   1533.    120.    519.    402.    657.      0.    350.    150.      0.      0.    175.     0.     0.   1.00    -53.      0.      0.      0.      0.      0.
   64  71      0.      0.      0.      0.      0.      0.   0.00   0.00   1.00   0.35   0.07    100.   1538.    120.    519.    404.    660.      0.    350.    150.      0.      0.    175.     0.     0.   1.00    -53.      0.      0.      0.      0.      0.
   74  71      0.      0.      0.      0.      0.      0.   0.00   0.00   1.00   0.35   0.07    100.   1551.    120.    519.    408.    669.      0.    350.    150.      0.      0.    175.     0.     0.   1.00    -53.      0.      0.      0.      0.      0.
   84  71      0.      0.      0.      0.      0.      0.   0.00   0.00   1.00   0.35   0.07    100.   1570.    120.    519.    416.    680.      0.    350.    150.      0.      0.    175.     0.     0.   1.00    -53.      0.      0.      0.      0.      0.
   94  71      0.      0.      0.      0.      0.      0.   0.00   0.00   1.00   0.35   0.07    100.   1573.    120.    519.    421.    681.      0.    348.    148.      0.      0.    175.     0.     0.   1.00    -53.      0.      0.      0.      0.      0.


Station=  WAGE , Soil=  1, Manage=  1, Rotat=  6 YrRot=  3 , NYear=  4 , NRot=  3 , Crop=  6, Irr.=  2, IOPT=  2,     Runof=0.00, CO2=370. , StYear=1969, StDay=  1

 Planting on day 100, 1971
 Crop emergence on day   0, 1971
 Wageningen, rotation 2, soil1, current                                          

 DAY  YEAR  WLVG    WLVD    WST    WSO     TAGB    TSUML    DVS    LAI  TRANRF  SMACT  SMACTL   RD    TRAIN   TIRR   TTRANS  TESOIL  TDRAIN  TRUNOF    WTOT   WAVT    WTOTL     WAVTL  WTOTLX  PARAB    PAR    NNI   NMINT  NMIN    NUPT     NFIX   NLIV   NLOSS  
  100  71     11.      0.     11.      0.     22.      0.   0.00   0.03   1.00   0.34   0.35     10.   1573.    120.    519.    422.    681.      0.     34.     14.    313.    133.    174.     0.     0.   1.00      0.     30.      0.      0.      2.      0.
  110  71     11.      0.     11.      0.     22.      0.   0.00   0.03   1.00   0.33   0.35     10.   1577.    120.    520.    427.    681.      0.     33.     13.    313.    133.    174.     0.    79.   1.00      0.     30.      0.      0.      2.      0.
  112  71     11.      0.     11.      0.     22.      0.   0.00   0.03   1.00   0.32   0.35     10.   1577.    120.    520.    428.    681.      0.     32.     12.    313.    133.    174.     0.    94.   1.00      0.     30.      0.      0.      2.      0.
  120  71     16.      0.     16.      0.     33.     70.   0.08   0.08   1.00   0.32   0.35     20.   1593.    120.    521.    442.    681.      0.     59.     22.    286.    122.    174.     3.   152.   1.00      6.     24.      0.      0.      2.      0.
  130  71     55.      0.     50.      0.    105.    180.   0.22   0.25   1.00   0.30   0.35     32.   1600.    120.    523.    455.    681.      0.     93.     32.    244.    104.    174.    11.   256.   1.00     13.     16.      1.      3.      6.      0.
  140  71    383.      0.    310.      0.    693.    336.   0.40   1.54   1.00   0.34   0.35     44.   1642.    120.    534.    473.    686.      0.    143.     58.    202.     86.    175.    47.   348.   1.00    100.      9.      5.     20.     27.      0.
  150  71   1013.      0.    752.      1.   1765.    468.   0.56   4.15   1.00   0.33   0.35     56.   1661.    120.    556.    476.    686.      0.    178.     70.    160.     68.    175.   115.   428.   1.00     99.      2.     13.     53.     68.      0.
  160  71   1797.    269.   1599.    109.   3774.    630.   0.76   7.46   1.00   0.27   0.35     68.   1661.    120.    595.    476.    686.      0.    181.     48.    118.     50.    175.   218.   532.   1.00     87.      0.     27.    108.    133.      3.
  170  71   1741.    737.   2098.    277.   4854.    760.   0.91   7.25   1.00   0.35   0.35     80.   1720.    140.    620.    476.    689.      0.    274.    118.     76.     32.    175.   279.   593.   1.00     84.      0.     30.    120.    144.      8.
  180  71   1658.   1184.   2781.    646.   6269.    903.   1.06   6.91   1.00   0.35   0.35     92.   1759.    140.    648.    477.    700.      0.    315.    134.     34.     14.    175.   350.   664.   1.00    107.      0.     35.    139.    163.     13.
  190  71   1507.   1703.   3781.   2049.   9041.   1071.   1.18   6.30   1.00   0.31   0.07    100.   1760.    140.    688.    477.    700.      0.    310.    110.      0.      0.    175.   461.   776.   1.00     98.      0.     44.    176.    203.     18.
  200  71   1189.   2125.   4392.   3920.  11626.   1234.   1.30   4.97   1.00   0.28   0.07    100.   1760.    140.    723.    477.    700.      0.    276.     76.      0.      0.    175.   557.   873.   1.00     84.      0.     58.    233.    271.     23.
  210  71    890.   2469.   4690.   5270.  13319.   1407.   1.43   3.72   1.00   0.30   0.07    100.   1789.    160.    748.    477.    700.      0.    298.     98.      0.      0.    175.   623.   941.   1.00     84.      0.     58.    233.    267.     26.
  220  71    633.   2738.   4410.   6846.  14998.   1594.   1.57   2.64   1.00   0.29   0.07    100.   1814.    160.    780.    479.    700.      0.    289.     89.      0.      0.    175.   699.  1023.   1.00     84.      0.     58.    233.    261.     32.
  230  71    461.   2909.   3607.   7626.  15781.   1754.   1.69   1.93   1.00   0.30   0.07    100.   1824.    180.    799.    482.    700.      0.    298.     98.      0.      0.    175.   750.  1084.   1.00     84.      0.     58.    233.    253.     41.
  240  71    329.   3042.   2947.   8312.  16468.   1930.   1.82   1.37   1.00   0.30   0.07    100.   1852.    180.    819.    488.    700.      0.    300.    100.      0.      0.    175.   804.  1158.   1.00     84.      0.     58.    233.    246.     48.
  250  71    242.   3129.   2408.   8602.  16758.   2085.   1.93   1.01   1.00   0.29   0.07    100.   1857.    180.    833.    492.    700.      0.    286.     86.      0.      0.    175.   843.  1221.   1.00     84.      0.     58.    233.    240.     53.
  259  71    196.   3174.   2049.   8723.  16879.   2188.   2.01   0.82   1.00   0.28   0.07    100.   1858.    180.    842.    495.    700.      0.    276.     76.      0.      0.    175.   869.  1271.   1.00     84.      0.     58.    233.    237.     57.
  259  71      0.      0.      0.      0.      0.      0.   0.00   0.00   1.00   0.28   0.07    100.   1858.    180.    842.    495.    700.      0.    276.     76.      0.      0.    175.     0.     0.   1.00     84.      0.      0.      0.      0.      0.
  269  71      0.      0.      0.      0.      0.      0.   0.00   0.00   1.00   0.28   0.07    100.   1869.    180.    842.    498.    700.      0.    284.     84.      0.      0.    175.     0.     0.   1.00     84.      0.      0.      0.      0.      0.
  279  71      0.      0.      0.      0.      0.      0.   0.00   0.00   1.00   0.29   0.07    100.   1875.    180.    842.    501.    700.      0.    287.     87.      0.      0.    175.     0.     0.   1.00     84.      0.      0.      0.      0.      0.
  289  71      0.      0.      0.      0.      0.      0.   0.00   0.00   1.00   0.29   0.07    100.   1878.    180.    842.    503.    700.      0.    288.     88.      0.      0.    175.     0.     0.   1.00     84.      0.      0.      0.      0.      0.
  299  71      0.      0.      0.      0.      0.      0.   0.00   0.00   1.00   0.30   0.07    100.   1899.    180.    842.    507.    700.      0.    304.    104.      0.      0.    175.     0.     0.   1.00     84.      0.      0.      0.      0.      0.
  309  71      0.      0.      0.      0.      0.      0.   0.00   0.00   1.00   0.30   0.07    100.   1899.    180.    842.    508.    700.      0.    304.    104.      0.      0.    175.     0.     0.   1.00     84.      0.      0.      0.      0.      0.
  319  71      0.      0.      0.      0.      0.      0.   0.00   0.00   1.00   0.31   0.07    100.   1910.    180.    842.    509.    700.      0.    313.    113.      0.      0.    175.     0.     0.   1.00     84.      0.      0.      0.      0.      0.
  329  71      0.      0.      0.      0.      0.      0.   0.00   0.00   1.00   0.35   0.07    100.   1946.    180.    842.    511.    700.      0.    347.    147.      0.      0.    175.     0.     0.   1.00     84.      0.      0.      0.      0.      0.
  339  71      0.      0.      0.      0.      0.      0.   0.00   0.00   1.00   0.35   0.07    100.   1958.    180.    842.    511.    709.      0.    350.    150.      0.      0.    175.     0.     0.   1.00     84.      0.      0.      0.      0.      0.
  349  71      0.      0.      0.      0.      0.      0.   0.00   0.00   1.00   0.35   0.07    100.   1964.    180.    842.    512.    715.      0.    350.    150.      0.      0.    175.     0.     0.   1.00     84.      0.      0.      0.      0.      0.
  359  71      0.      0.      0.      0.      0.      0.   0.00   0.00   1.00   0.35   0.07    100.   1985.    180.    842.    512.    735.      0.    350.    150.      0.      0.    175.     0.     0.   1.00     84.      0.      0.      0.      0.      0.
    4  72      0.      0.      0.      0.      0.      0.   0.00   0.00   1.00   0.35   0.07    100.   1986.    180.    842.    512.    736.      0.    350.    150.      0.      0.    175.     0.     0.   1.00     84.      0.      0.      0.      0.      0.
   14  72      0.      0.      0.      0.      0.      0.   0.00   0.00   1.00   0.35   0.07    100.   1991.    180.    842.    513.    741.      0.    350.    150.      0.      0.    175.     0.     0.   1.00     84.      0.      0.      0.      0.      0.
   24  72      0.      0.      0.      0.      0.      0.   0.00   0.00   1.00   0.35   0.07    100.   2005.    180.    842.    513.    755.      0.    350.    150.      0.      0.    175.     0.     0.   1.00     84.      0.      0.      0.      0.      0.
   34  72      0.      0.      0.      0.      0.      0.   0.00   0.00   1.00   0.35   0.07    100.   2019.    180.    842.    515.    767.      0.    350.    150.      0.      0.    175.     0.     0.   1.00     84.      0.      0.      0.      0.      0.
   44  72      0.      0.      0.      0.      0.      0.   0.00   0.00   1.00   0.35   0.07    100.   2040.    180.    842.    517.    787.      0.    350.    150.      0.      0.    175.     0.     0.   1.00     84.      0.      0.      0.      0.      0.
   54  72      0.      0.      0.      0.      0.      0.   0.00   0.00   1.00   0.35   0.07    100.   2045.    180.    842.    518.    790.      0.    350.    150.      0.      0.    175.     0.     0.   1.00     84.      0.      0.      0.      0.      0.
   64  72      0.      0.      0.      0.      0.      0.   0.00   0.00   1.00   0.35   0.07    100.   2050.    180.    842.    520.    793.      0.    350.    150.      0.      0.    175.     0.     0.   1.00     84.      0.      0.      0.      0.      0.
   74  72      0.      0.      0.      0.      0.      0.   0.00   0.00   1.00   0.35   0.07    100.   2062.    180.    842.    524.    802.      0.    349.    149.      0.      0.    175.     0.     0.   1.00     84.      0.      0.      0.      0.      0.
   84  72      0.      0.      0.      0.      0.      0.   0.00   0.00   1.00   0.35   0.07    100.   2062.    180.    842.    527.    802.      0.    345.    145.      0.      0.    175.     0.     0.   1.00     84.      0.      0.      0.      0.      0.
   94  72      0.      0.      0.      0.      0.      0.   0.00   0.00   1.00   0.35   0.07    100.   2102.    180.    842.    533.    831.      0.    350.    150.      0.      0.    175.     0.     0.   1.00     84.      0.      0.      0.      0.      0.


Station=  WAGE , Soil=  1, Manage=  1, Rotat=  6 YrRot=  1 , NYear=  4 , NRot=  3 , Crop=  2, Irr.=  2, IOPT=  2,     Runof=0.00, CO2=370. , StYear=1969, StDay=  1

 Planting on day 100, 1972
 Crop emergence on day   0, 1972
 Wageningen, rotation 2, soil1, current                                          

 DAY  YEAR  WLVG    WLVD    WST    WSO     TAGB    TSUML    DVS    LAI  TRANRF  SMACT  SMACTL   RD    TRAIN   TIRR   TTRANS  TESOIL  TDRAIN  TRUNOF    WTOT   WAVT    WTOTL     WAVTL  WTOTLX  PARAB    PAR    NNI   NMINT  NMIN    NUPT     NFIX   NLIV   NLOSS  
  100  72      0.      0.      0.      0.      0.      0.   0.00   0.00   1.00   0.35   0.35     10.   2137.    180.    842.    539.    861.      0.     35.     15.    385.    165.    105.     0.     0.   1.00      0.     30.      0.      0.      0.      0.
  110  72      0.      0.      0.      0.      0.      0.   0.00   0.00   1.00   0.32   0.35     10.   2168.    180.    843.    552.    881.      0.     32.     12.    385.    165.    105.     0.    61.   1.00      0.     30.      0.      0.      0.      0.
  112  72      0.      0.      0.      0.      0.      0.   0.00   0.00   1.00   0.33   0.35     10.   2175.    180.    843.    555.    883.      0.     33.     13.    385.    165.    105.     0.    73.   1.00      0.     30.      0.      0.      0.      0.
  120  72      0.      0.      0.      0.      0.      0.   0.00   0.00   0.79   0.25   0.35     10.   2177.    180.    843.    565.    883.      0.     25.      5.    385.    165.    105.     0.   137.   1.00      0.     30.      0.      0.      0.      0.
  123  72      0.      0.      0.      0.      0.      0.   0.00   0.00   1.00   0.28   0.35     10.   2186.    180.    843.    571.    883.      0.     28.      8.    385.    165.    105.     0.   154.   1.00      0.     30.      0.      0.      0.      0.
  130  72      1.      0.      0.      0.      1.     73.   0.11   0.00   1.00   0.28   0.35     18.   2188.    180.    843.    579.    883.      0.     48.     14.    360.    154.    105.     0.   213.   1.00      5.     25.      0.      0.      0.      0.
  140  72      3.      0.      1.      0.      3.    136.   0.21   0.01   1.00   0.35   0.35     30.   2246.    180.    843.    597.    911.      0.    102.     44.    318.    136.    105.     0.   264.   1.00     97.     17.      0.      0.      0.      0.
  150  72     14.      0.      4.      0.     18.    237.   0.36   0.03   1.00   0.35   0.35     42.   2276.    180.    843.    622.    915.      0.    144.     62.    276.    118.    105.     1.   354.   1.00    103.     10.      1.      0.      1.      0.
  160  72     47.      0.     19.      0.     65.    340.   0.52   0.09   1.00   0.35   0.35     54.   2298.    180.    844.    644.    918.      0.    184.     77.    234.    100.    105.     3.   425.   1.00    109.      2.      3.      0.      3.      0.
  170  72    225.      0.    120.      0.    345.    434.   0.67   0.45   1.00   0.34   0.35     66.   2315.    200.    848.    670.    926.      0.    224.     93.    192.     82.    105.    16.   521.   1.00    101.      0.     13.      0.     13.      0.
  180  72    613.      0.    397.      0.   1011.    551.   0.85   1.23   1.00   0.34   0.35     78.   2356.    200.    859.    686.    944.      0.    263.    108.    150.     64.    105.    46.   595.   1.00    104.      0.     38.      0.     38.      0.
  190  72   1159.      0.    896.     10.   2064.    676.   1.03   2.32   1.00   0.34   0.35     90.   2385.    200.    875.    693.    954.      0.    300.    122.    108.     46.    105.    89.   660.   1.00     68.      0.     74.      0.     74.      0.
  200  72   2092.      0.   1859.    519.   4470.    805.   1.12   4.18   1.00   0.32   0.35    102.   2397.    200.    904.    696.    954.      0.    322.    119.     66.     28.    105.   178.   760.   1.00     -3.      0.    145.      0.    145.      0.
  210  72   2476.    130.   2427.   1464.   6497.    963.   1.23   4.95   1.00   0.35   0.35    114.   2461.    220.    933.    697.    975.      0.    396.    170.     24.     10.    105.   248.   833.   1.00    -49.      0.    191.      0.    188.      3.
  220  72   2296.    488.   2698.   3038.   8520.   1095.   1.33   4.59   1.00   0.34   0.00    120.   2470.    220.    957.    698.    978.      0.    402.    162.      0.      0.    105.   314.   902.   1.00    -68.      0.    210.      0.    199.     12.
  230  72   1740.   1153.   2918.   4903.  10714.   1237.   1.43   3.48   1.00   0.34   0.00    120.   2497.    240.    981.    699.    992.      0.    409.    169.      0.      0.    105.   388.   980.   1.00    -83.      0.    225.      0.    198.     28.
  240  72   1393.   1585.   3088.   6352.  12418.   1344.   1.51   2.79   1.00   0.34   0.00    120.   2518.    240.    999.    701.    994.      0.    408.    168.      0.      0.    105.   446.  1046.   1.00   -102.      0.    244.      0.    206.     38.
  250  72   1142.   1936.   2704.   8040.  14405.   1452.   1.58   2.28   1.00   0.32   0.00    120.   2518.    240.   1018.    702.    994.      0.    389.    149.      0.      0.    105.   516.  1131.   1.00   -102.      0.    244.      0.    185.     59.
  260  72    923.   2205.   2294.   8901.  15409.   1553.   1.66   1.85   1.00   0.34   0.00    120.   2553.    240.   1029.    706.    994.      0.    410.    170.      0.      0.    105.   553.  1180.   1.00   -102.      0.    244.      0.    168.     76.
  270  72    793.   2382.   1947.   9715.  16351.   1623.   1.71   1.59   1.00   0.34   0.00    120.   2563.    240.   1036.    708.    994.      0.    409.    169.      0.      0.    105.   596.  1241.   1.00   -102.      0.    244.      0.    155.     90.
  280  72    679.   2530.   1639.  10299.  17019.   1690.   1.75   1.36   1.00   0.33   0.00    120.   2563.    240.   1044.    709.    994.      0.    402.    162.      0.      0.    105.   628.  1291.   1.00   -102.      0.    244.      0.    143.    101.
  290  72    583.   2643.   1389.  10603.  17366.   1745.   1.79   1.17   1.00   0.33   0.00    120.   2564.    240.   1048.    710.    994.      0.    396.    156.      0.      0.    105.   649.  1328.   1.00   -102.      0.    244.      0.    135.    110.
  299  72      0.      0.      0.      0.      0.      0.   0.00   0.00   1.00   0.34   0.00    120.   2579.    240.   1048.    711.    994.      0.    411.    171.      0.      0.    105.     0.     0.   1.00   -102.      0.      0.      0.      0.      0.
  309  72      0.      0.      0.      0.      0.      0.   0.00   0.00   1.00   0.35   0.00    120.   2587.    240.   1048.    712.    994.      0.    417.    177.      0.      0.    105.     0.     0.   1.00   -102.      0.      0.      0.      0.      0.
  319  72      0.      0.      0.      0.      0.      0.   0.00   0.00   1.00   0.35   0.00    120.   2633.    240.   1048.    714.   1035.      0.    420.    180.      0.      0.    105.     0.     0.   1.00   -102.      0.      0.      0.      0.      0.
  329  72      0.      0.      0.      0.      0.      0.   0.00   0.00   1.00   0.35   0.00    120.   2662.    240.   1048.    715.   1063.      0.    420.    180.      0.      0.    105.     0.     0.   1.00   -102.      0.      0.      0.      0.      0.
  339  72      0.      0.      0.      0.      0.      0.   0.00   0.00   1.00   0.35   0.00    120.   2665.    240.   1048.    716.   1066.      0.    420.    180.      0.      0.    105.     0.     0.   1.00   -102.      0.      0.      0.      0.      0.
  349  72      0.      0.      0.      0.      0.      0.   0.00   0.00   1.00   0.35   0.00    120.   2684.    240.   1048.    717.   1084.      0.    420.    180.      0.      0.    105.     0.     0.   1.00   -102.      0.      0.      0.      0.      0.
  359  72      0.      0.      0.      0.      0.      0.   0.00   0.00   1.00   0.35   0.00    120.   2684.    240.   1048.    717.   1084.      0.    420.    180.      0.      0.    105.     0.     0.   1.00   -102.      0.      0.      0.      0.      0.
    1  73      0.      0.      0.      0.      0.      0.   0.00   0.00   1.00   0.35   0.00    120.   2684.    240.   1048.    717.   1084.      0.    420.    180.      0.      0.    105.     0.     0.   1.00   -102.      0.      0.      0.      0.      0.


DATA-FILE  WARO1PTS.OUT


Name of run: WARO3


Station=  WAGE , Soil=  1, Manage=  2, Rotat=  7 YrRot=  1 , NYear=  4 , NRot=  3 , Crop=  2, Irr.=  0, IOPT=  3,     Runof=0.00, CO2=370. , StYear=1969, StDay=  1

 DAY  YEAR  WLVG    WLVD    WST    WSO     TAGB    TSUML    DVS    LAI  TRANRF  SMACT  SMACTL   RD    TRAIN   TIRR   TTRANS  TESOIL  TDRAIN  TRUNOF    WTOT   WAVT    WTOTL      WAVTL WTOTLX  PARAB    PAR    NNI   NMINT  NMIN    NUPT       NFIX   NLIV   NLOSS  
    1  69      0.      0.      0.      0.      0.      0.   0.00   0.00   1.00   0.30   0.30     10.   2684.    240.   1048.    717.   1084.      0.    420.    180.      0.      0.    105.     0.     0.   1.00   -102.      0.      0.      0.      0.      0.
    3  69      0.      0.      0.      0.      0.      0.   0.00   0.00   1.00   0.33   0.30     10.      3.      0.      0.      0.      0.      0.     33.     13.    330.    110.     90.     0.     0.   1.00   -102.      0.      0.      0.      0.      0.
   13  69      0.      0.      0.      0.      0.      0.   0.00   0.00   1.00   0.34   0.30     10.      5.      0.      0.      1.      0.      0.     34.     14.    330.    110.     90.     0.     0.   1.00   -102.      0.      0.      0.      0.      0.
   23  69      0.      0.      0.      0.      0.      0.   0.00   0.00   1.00   0.35   0.32     10.     28.      0.      0.      3.      0.      0.     35.     15.    350.    130.     90.     0.     0.   1.00   -102.      0.      0.      0.      0.      0.
   33  69      0.      0.      0.      0.      0.      0.   0.00   0.00   1.00   0.35   0.32     10.     37.      0.      0.      6.      0.      0.     35.     15.    356.    136.     90.     0.     0.   1.00   -102.      0.      0.      0.      0.      0.
   43  69      0.      0.      0.      0.      0.      0.   0.00   0.00   1.00   0.35   0.34     10.     58.      0.      0.      9.      0.      0.     35.     15.    374.    154.     90.     0.     0.   1.00   -102.      0.      0.      0.      0.      0.
   53  69      0.      0.      0.      0.      0.      0.   0.00   0.00   1.00   0.35   0.35     10.     79.      0.      0.     10.      0.      0.     35.     15.    385.    165.     98.     0.     0.   1.00   -102.      0.      0.      0.      0.      0.
   63  69      0.      0.      0.      0.      0.      0.   0.00   0.00   1.00   0.33   0.35     10.     80.      0.      0.     13.      0.      0.     33.     13.    385.    165.     98.     0.     0.   1.00   -102.      0.      0.      0.      0.      0.
   73  69      0.      0.      0.      0.      0.      0.   0.00   0.00   1.00   0.35   0.35     10.    108.      0.      0.     16.     17.      0.     35.     15.    385.    165.    105.     0.     0.   1.00   -102.      0.      0.      0.      0.      0.
   83  69      0.      0.      0.      0.      0.      0.   0.00   0.00   1.00   0.33   0.35     10.    120.      0.      0.     23.     24.      0.     33.     13.    385.    165.    105.     0.     0.   1.00   -102.      0.      0.      0.      0.      0.
   93  69      0.      0.      0.      0.      0.      0.   0.00   0.00   1.00   0.33   0.35     10.    138.      0.      0.     29.     36.      0.     33.     13.    385.    165.    105.     0.     0.   1.00   -102.      0.      0.      0.      0.      0.


Station=  WAGE , Soil=  1, Manage=  2, Rotat=  7 YrRot=  1 , NYear=  4 , NRot=  3 , Crop=  2, Irr.=  0, IOPT=  3,     Runof=0.00, CO2=370. , StYear=1969, StDay=  1

 Planting on day 100, 1969
 Crop emergence on day   0, 1969
 Wageningen, rotation 3, soil1, current                                          

 DAY  YEAR  WLVG    WLVD    WST    WSO     TAGB    TSUML    DVS    LAI  TRANRF  SMACT  SMACTL   RD    TRAIN   TIRR   TTRANS  TESOIL  TDRAIN  TRUNOF    WTOT   WAVT    WTOTL     WAVTL  WTOTLX  PARAB    PAR    NNI   NMINT  NMIN    NUPT     NFIX   NLIV   NLOSS  
  100  69      0.      0.      0.      0.      0.      0.   0.00   0.00   1.00   0.25   0.35     10.    138.      0.      0.     37.     36.      0.     25.      5.    385.    165.    105.     0.     0.   0.00      0.     30.      0.      0.      0.      0.
  110  69      0.      0.      0.      0.      0.      0.   0.00   0.00   1.00   0.33   0.35     10.    184.      0.      0.     55.     56.      0.     33.     13.    385.    165.    105.     0.    60.   0.00      0.     30.      0.      0.      0.      0.
  120  69      0.      0.      0.      0.      0.      0.   0.00   0.00   1.00   0.29   0.35     10.    212.      0.      0.     71.     71.      0.     29.      9.    385.    165.    105.     0.   131.   1.00      0.     30.      0.      0.      0.      0.
  130  69      1.      0.      0.      0.      1.     93.   0.14   0.00   1.00   0.29   0.35     22.    218.      0.      0.     85.     71.      0.     60.     19.    347.    149.    105.     0.   203.   0.80      7.     22.      0.      0.      0.      0.
  140  69      3.      0.      2.      0.      5.    200.   0.31   0.01   1.00   0.35   0.35     34.    257.      0.      0.    112.     71.      0.    114.     49.    305.    131.    105.     0.   271.   0.93    127.     15.      0.      0.      0.      0.
  150  69      9.      1.      6.      0.     16.    298.   0.46   0.02   1.00   0.34   0.35     46.    275.      0.      0.    134.     71.      0.    151.     61.    263.    113.    105.     1.   357.   0.74    134.      8.      1.      0.      1.      0.
  160  69     23.      2.     19.      0.     44.    387.   0.60   0.04   1.00   0.33   0.35     58.    316.      0.      1.    158.     94.      0.    187.     73.    221.     95.    105.     2.   434.   0.66    140.      0.      2.      0.      2.      0.
  170  69     72.      8.     83.      0.    162.    536.   0.82   0.13   1.00   0.31   0.35     70.    331.      0.      3.    183.     94.      0.    217.     79.    179.     77.    105.     8.   552.   0.91    192.      0.      6.      0.      6.      0.
  180  69    161.     16.    201.      0.    378.    657.   1.01   0.29   1.00   0.31   0.35     82.    346.      0.      6.    203.     94.      0.    250.     88.    137.     59.    105.    17.   628.   0.75    186.      0.     12.      0.     12.      0.
  190  69    319.     39.    464.     83.    905.    789.   1.10   0.58   1.00   0.31   0.35     94.    365.      0.     14.    219.     94.      0.    288.    102.     95.     41.    105.    38.   713.   0.86    170.      0.     28.      0.     27.      1.
  200  69    516.     66.    774.    473.   1828.    918.   1.20   0.95   1.00   0.30   0.35    106.    376.      0.     26.    232.     94.      0.    315.    106.     53.     23.    105.    71.   794.   0.85    152.      0.     46.      0.     44.      2.
  210  69    624.    122.   1038.   1496.   3280.   1087.   1.32   1.16   0.78   0.29   0.35    118.    389.      0.     46.    242.     94.      0.    341.    107.     11.      5.    105.   120.   887.   0.95    132.      0.     66.      0.     63.      3.
  220  69    465.    344.   1172.   2622.   4604.   1256.   1.44   0.87   0.75   0.28   0.00    120.    406.      0.     67.    255.     94.      0.    335.     95.      0.      0.    105.   169.   985.   0.93    120.      0.     78.      0.     70.      8.
  230  69    334.    511.   1128.   3244.   5336.   1419.   1.55   0.62   1.00   0.28   0.00    120.    436.      0.     82.    272.     94.      0.    333.     93.      0.      0.    105.   203.  1067.   0.75    113.      0.     85.      0.     70.     15.
  240  69    209.    649.    960.   3567.   5714.   1538.   1.64   0.40   1.00   0.32   0.00    120.    512.      0.     89.    289.     94.      0.    385.    145.      0.      0.    105.   220.  1122.   0.39    113.      0.     85.      0.     62.     22.
  250  69    109.    753.    799.   3696.   5864.   1653.   1.72   0.23   1.00   0.31   0.00    120.    518.      0.     93.    298.     94.      0.    377.    137.      0.      0.    105.   232.  1187.   0.17    113.      0.     85.      0.     56.     28.
  260  69     49.    814.    656.   3725.   5897.   1800.   1.83   0.13   1.00   0.31   0.00    120.    519.      0.     96.    304.     94.      0.    370.    130.      0.      0.    105.   240.  1248.   0.07    113.      0.     85.      0.     52.     33.
  270  69     23.    840.    536.   3726.   5898.   1909.   1.90   0.08   1.00   0.31   0.00    120.    528.      0.     97.    312.     94.      0.    369.    129.      0.      0.    105.   244.  1300.   0.03    113.      0.     85.      0.     49.     36.
  272  69     19.    843.    515.   3726.   5898.   1926.   1.92   0.07   1.00   0.31   0.00    120.    528.      0.     98.    314.     94.      0.    368.    128.      0.      0.    105.   244.  1312.   0.03    113.      0.     85.      0.     48.     36.
  272  69      0.      0.      0.      0.      0.      0.   0.00   0.00   1.00   0.31   0.00    120.    528.      0.     98.    314.     94.      0.    368.    128.      0.      0.    105.     0.     0.   1.00    113.      0.      0.      0.      0.      0.
  278  69      0.      0.      0.      0.      0.      0.   0.00   0.00   1.00   0.31   0.00    120.    531.      0.     98.    318.     94.      0.    366.    126.      0.      0.    105.     0.     0.   1.00    113.      0.      0.      0.      0.      0.
  288  69      0.      0.      0.      0.      0.      0.   0.00   0.00   1.00   0.30   0.00    120.    532.      0.     98.    320.     94.      0.    365.    125.      0.      0.    105.     0.     0.   1.00    113.      0.      0.      0.      0.      0.
  298  69      0.      0.      0.      0.      0.      0.   0.00   0.00   1.00   0.31   0.00    120.    544.      0.     98.    326.     94.      0.    371.    131.      0.      0.    105.     0.     0.   1.00    113.      0.      0.      0.      0.      0.
  308  69      0.      0.      0.      0.      0.      0.   0.00   0.00   1.00   0.31   0.00    120.    546.      0.     98.    330.     94.      0.    369.    129.      0.      0.    105.     0.     0.   1.00    113.      0.      0.      0.      0.      0.
  318  69      0.      0.      0.      0.      0.      0.   0.00   0.00   1.00   0.34   0.00    120.    592.      0.     98.    338.     94.      0.    407.    167.      0.      0.    105.     0.     0.   1.00    113.      0.      0.      0.      0.      0.
  328  69      0.      0.      0.      0.      0.      0.   0.00   0.00   1.00   0.34   0.00    120.    598.      0.     98.    342.     94.      0.    410.    170.      0.      0.    105.     0.     0.   1.00    113.      0.      0.      0.      0.      0.
  338  69      0.      0.      0.      0.      0.      0.   0.00   0.00   1.00   0.35   0.00    120.    611.      0.     98.    342.     96.      0.    420.    180.      0.      0.    105.     0.     0.   1.00    113.      0.      0.      0.      0.      0.
  348  69      0.      0.      0.      0.      0.      0.   0.00   0.00   1.00   0.35   0.00    120.    615.      0.     98.    342.    100.      0.    420.    180.      0.      0.    105.     0.     0.   1.00    113.      0.      0.      0.      0.      0.
  358  69      0.      0.      0.      0.      0.      0.   0.00   0.00   1.00   0.35   0.00    120.    640.      0.     98.    344.    124.      0.    420.    180.      0.      0.    105.     0.     0.   1.00    113.      0.      0.      0.      0.      0.
    3  70      0.      0.      0.      0.      0.      0.   0.00   0.00   1.00   0.35   0.00    120.    647.      0.     98.    344.    131.      0.    420.    180.      0.      0.    105.     0.     0.   1.00    113.      0.      0.      0.      0.      0.
   13  70      0.      0.      0.      0.      0.      0.   0.00   0.00   1.00   0.35   0.00    120.    658.      0.     98.    346.    139.      0.    420.    180.      0.      0.    105.     0.     0.   1.00    113.      0.      0.      0.      0.      0.
   23  70      0.      0.      0.      0.      0.      0.   0.00   0.00   1.00   0.35   0.00    120.    665.      0.     98.    346.    146.      0.    420.    180.      0.      0.    105.     0.     0.   1.00    113.      0.      0.      0.      0.      0.
   33  70      0.      0.      0.      0.      0.      0.   0.00   0.00   1.00   0.35   0.00    120.    690.      0.     98.    347.    170.      0.    420.    180.      0.      0.    105.     0.     0.   1.00    113.      0.      0.      0.      0.      0.
   43  70      0.      0.      0.      0.      0.      0.   0.00   0.00   1.00   0.35   0.00    120.    725.      0.     98.    350.    202.      0.    420.    180.      0.      0.    105.     0.     0.   1.00    113.      0.      0.      0.      0.      0.
   53  70      0.      0.      0.      0.      0.      0.   0.00   0.00   1.00   0.35   0.00    120.    766.      0.     98.    353.    241.      0.    420.    180.      0.      0.    105.     0.     0.   1.00    113.      0.      0.      0.      0.      0.
   63  70      0.      0.      0.      0.      0.      0.   0.00   0.00   1.00   0.35   0.00    120.    795.      0.     98.    358.    265.      0.    420.    180.      0.      0.    105.     0.     0.   1.00    113.      0.      0.      0.      0.      0.
   73  70      0.      0.      0.      0.      0.      0.   0.00   0.00   1.00   0.35   0.00    120.    799.      0.     98.    361.    267.      0.    419.    179.      0.      0.    105.     0.     0.   1.00    113.      0.      0.      0.      0.      0.
   83  70      0.      0.      0.      0.      0.      0.   0.00   0.00   1.00   0.35   0.00    120.    822.      0.     98.    367.    282.      0.    420.    180.      0.      0.    105.     0.     0.   1.00    113.      0.      0.      0.      0.      0.
   93  70      0.      0.      0.      0.      0.      0.   0.00   0.00   1.00   0.35   0.00    120.    853.      0.     98.    377.    304.      0.    420.    180.      0.      0.    105.     0.     0.   1.00    113.      0.      0.      0.      0.      0.
  103  70      0.      0.      0.      0.      0.      0.   0.00   0.00   1.00   0.35   0.00    120.    892.      0.     98.    389.    331.      0.    420.    180.      0.      0.    105.     0.     0.   1.00    113.      0.      0.      0.      0.      0.
  113  70      0.      0.      0.      0.      0.      0.   0.00   0.00   1.00   0.35   0.00    120.    901.      0.     98.    399.    331.      0.    419.    179.      0.      0.    105.     0.     0.   1.00    113.      0.      0.      0.      0.      0.


Station=  WAGE , Soil=  1, Manage=  2, Rotat=  7 YrRot=  2 , NYear=  4 , NRot=  3 , Crop=  3, Irr.=  0, IOPT=  3,     Runof=0.00, CO2=370. , StYear=1969, StDay=  1

 Planting on day 120, 1970
 Crop emergence on day   0, 1970
 Wageningen, rotation 3, soil1, current                                          

 DAY  YEAR  WLVG    WLVD    WST    WSO     TAGB    TSUML    DVS    LAI  TRANRF  SMACT  SMACTL   RD    TRAIN   TIRR   TTRANS  TESOIL  TDRAIN  TRUNOF    WTOT   WAVT    WTOTL     WAVTL  WTOTLX  PARAB    PAR    NNI   NMINT  NMIN    NUPT     NFIX   NLIV   NLOSS  
  120  70     19.      0.     11.      0.     30.      0.   0.00   0.05   1.00   0.34   0.35     10.    929.      0.     98.    413.    345.      0.     34.     14.    315.    135.    175.     0.     0.   0.00      0.     30.      0.      0.      2.      0.
  130  70     19.      0.     11.      0.     30.      0.   0.00   0.05   1.00   0.27   0.35     10.    935.      0.     98.    426.    345.      0.     27.      7.    315.    135.    175.     0.    84.   0.00      0.     30.      0.      0.      2.      0.
  133  70     19.      0.     11.      0.     30.      0.   0.00   0.05   1.00   0.24   0.35     10.    935.      0.     98.    429.    345.      0.     24.      4.    315.    135.    175.     0.   112.   1.00      0.     30.      0.      0.      2.      0.
  140  70     31.      1.     20.      0.     52.     50.   0.07   0.08   1.00   0.28   0.35     18.    942.      0.     98.    437.    345.      0.     47.     13.    290.    124.    175.     2.   163.   1.00    116.     25.      1.      0.      3.      0.
  150  70     60.      2.     43.      0.    105.    107.   0.15   0.14   1.00   0.29   0.35     30.    950.      0.    100.    448.    345.      0.     85.     26.    248.    106.    175.     6.   243.   0.92    121.     17.      3.      0.      6.      0.
  160  70    226.      9.    191.      0.    427.    204.   0.29   0.48   1.00   0.28   0.35     42.    951.      0.    105.    456.    345.      0.    115.     32.    206.     88.    175.    21.   355.   0.81    118.     10.     15.      0.     17.      0.
  170  70    681.     35.    619.      0.   1336.    316.   0.45   1.31   0.89   0.25   0.35     54.    960.      0.    120.    472.    345.      0.    135.     28.    164.     70.    175.    67.   473.   0.86    154.      2.     41.      0.     43.      0.
  180  70   1288.    125.   1570.      0.   2983.    440.   0.63   2.26   1.00   0.24   0.35     66.    968.      0.    141.    478.    345.      0.    157.     27.    122.     52.    175.   128.   567.   0.97    118.      0.     80.      0.     82.      1.
  190  70   1750.    146.   2789.      0.   4686.    544.   0.78   2.86   1.00   0.29   0.35     78.   1018.      0.    164.    484.    345.      0.    220.     66.     80.     34.    175.   179.   632.   0.95     99.      0.     99.      0.    100.      1.
  200  70   2145.    169.   4696.      0.   7011.    639.   0.92   3.33   1.00   0.32   0.35     90.   1071.      0.    189.    487.    345.      0.    287.    109.     38.     16.    175.   243.   708.   1.00     79.      0.    119.      0.    120.      1.
  210  70   2193.    394.   6157.    232.   8976.    735.   1.05   3.32   1.00   0.33   0.07    100.   1100.      0.    212.    490.    345.      0.    328.    128.      0.      0.    175.   294.   767.   1.00     71.      0.    127.      0.    127.      2.
  220  70   1752.   1114.   7354.   2153.  12374.    867.   1.20   2.58   1.00   0.31   0.07    100.   1107.      0.    239.    493.    345.      0.    306.    106.      0.      0.    175.   370.   857.   1.00     55.      0.    143.      0.    139.      6.
  230  70   1281.   1586.   7354.   3913.  14133.    966.   1.32   1.88   1.00   0.31   0.07    100.   1130.      0.    257.    497.    345.      0.    306.    106.      0.      0.    175.   420.   925.   1.00     44.      0.    154.      0.    148.      8.
  240  70    905.   1961.   7354.   5507.  15728.   1066.   1.43   1.34   1.00   0.29   0.07    100.   1139.      0.    272.    503.    345.      0.    294.     94.      0.      0.    175.   464.   996.   0.82     44.      0.    154.      0.    146.     10.
  250  70    572.   2295.   6922.   6610.  16831.   1159.   1.54   0.89   1.00   0.28   0.07    100.   1142.      0.    285.    509.    345.      0.    279.     79.      0.      0.    175.   499.  1066.   0.58     44.      0.    154.      0.    142.     14.
  260  70    331.   2535.   5656.   6906.  17127.   1247.   1.64   0.57   1.00   0.33   0.07    100.   1216.      0.    292.    520.    345.      0.    334.    134.      0.      0.    175.   513.  1107.   0.46     44.      0.    154.      0.    137.     19.
  270  70    187.   2679.   4621.   7083.  17304.   1322.   1.73   0.38   1.00   0.33   0.07    100.   1216.      0.    295.    524.    345.      0.    327.    127.      0.      0.    175.   528.  1165.   0.40     44.      0.    154.      0.    133.     23.
  280  70    103.   2763.   3776.   7175.  17395.   1398.   1.82   0.25   1.00   0.35   0.07    100.   1252.      0.    298.    534.    346.      0.    350.    150.      0.      0.    175.   534.  1201.   0.37     44.      0.    154.      0.    130.     26.
  290  70     62.   2804.   3148.   7192.  17413.   1448.   1.88   0.19   1.00   0.35   0.07    100.   1253.      0.    299.    536.    346.      0.    347.    147.      0.      0.    175.   538.  1230.   0.39     44.      0.    154.      0.    127.     29.
  299  70      0.      0.      0.      0.      0.      0.   0.00   0.00   1.00   0.35   0.07    100.   1285.      0.    299.    541.    371.      0.    350.    150.      0.      0.    175.     0.     0.   1.00     44.      0.      0.      0.      0.      0.
  309  70      0.      0.      0.      0.      0.      0.   0.00   0.00   1.00   0.35   0.07    100.   1348.      0.    299.    547.    428.      0.    350.    150.      0.      0.    175.     0.     0.   1.00     44.      0.      0.      0.      0.      0.
  319  70      0.      0.      0.      0.      0.      0.   0.00   0.00   1.00   0.35   0.07    100.   1361.      0.    299.    551.    436.      0.    350.    150.      0.      0.    175.     0.     0.   1.00     44.      0.      0.      0.      0.      0.
  329  70      0.      0.      0.      0.      0.      0.   0.00   0.00   1.00   0.35   0.07    100.   1384.      0.    299.    555.    455.      0.    350.    150.      0.      0.    175.     0.     0.   1.00     44.      0.      0.      0.      0.      0.
  339  70      0.      0.      0.      0.      0.      0.   0.00   0.00   1.00   0.35   0.07    100.   1422.      0.    299.    557.    491.      0.    350.    150.      0.      0.    175.     0.     0.   1.00     44.      0.      0.      0.      0.      0.
  349  70      0.      0.      0.      0.      0.      0.   0.00   0.00   1.00   0.35   0.07    100.   1431.      0.    299.    558.    500.      0.    350.    150.      0.      0.    175.     0.     0.   1.00     44.      0.      0.      0.      0.      0.
  359  70      0.      0.      0.      0.      0.      0.   0.00   0.00   1.00   0.35   0.07    100.   1436.      0.    299.    558.    504.      0.    350.    150.      0.      0.    175.     0.     0.   1.00     44.      0.      0.      0.      0.      0.
    4  71      0.      0.      0.      0.      0.      0.   0.00   0.00   1.00   0.35   0.07    100.   1442.      0.    299.    558.    510.      0.    350.    150.      0.      0.    175.     0.     0.   1.00     44.      0.      0.      0.      0.      0.
   14  71      0.      0.      0.      0.      0.      0.   0.00   0.00   1.00   0.35   0.07    100.   1444.      0.    299.    558.    512.      0.    350.    150.      0.      0.    175.     0.     0.   1.00     44.      0.      0.      0.      0.      0.
   24  71      0.      0.      0.      0.      0.      0.   0.00   0.00   1.00   0.35   0.07    100.   1469.      0.    299.    560.    536.      0.    350.    150.      0.      0.    175.     0.     0.   1.00     44.      0.      0.      0.      0.      0.
   34  71      0.      0.      0.      0.      0.      0.   0.00   0.00   1.00   0.35   0.07    100.   1502.      0.    299.    563.    565.      0.    350.    150.      0.      0.    175.     0.     0.   1.00     44.      0.      0.      0.      0.      0.
   44  71      0.      0.      0.      0.      0.      0.   0.00   0.00   1.00   0.35   0.07    100.   1509.      0.    299.    565.    571.      0.    350.    150.      0.      0.    175.     0.     0.   1.00     44.      0.      0.      0.      0.      0.
   54  71      0.      0.      0.      0.      0.      0.   0.00   0.00   1.00   0.35   0.07    100.   1533.      0.    299.    568.    591.      0.    350.    150.      0.      0.    175.     0.     0.   1.00     44.      0.      0.      0.      0.      0.
   64  71      0.      0.      0.      0.      0.      0.   0.00   0.00   1.00   0.35   0.07    100.   1537.      0.    299.    571.    593.      0.    350.    150.      0.      0.    175.     0.     0.   1.00     44.      0.      0.      0.      0.      0.
   74  71      0.      0.      0.      0.      0.      0.   0.00   0.00   1.00   0.35   0.07    100.   1550.      0.    299.    576.    601.      0.    350.    150.      0.      0.    175.     0.     0.   1.00     44.      0.      0.      0.      0.      0.
   84  71      0.      0.      0.      0.      0.      0.   0.00   0.00   1.00   0.35   0.07    100.   1570.      0.    299.    585.    611.      0.    350.    150.      0.      0.    175.     0.     0.   1.00     44.      0.      0.      0.      0.      0.
   94  71      0.      0.      0.      0.      0.      0.   0.00   0.00   1.00   0.35   0.07    100.   1573.      0.    299.    591.    611.      0.    347.    147.      0.      0.    175.     0.     0.   1.00     44.      0.      0.      0.      0.      0.


Station=  WAGE , Soil=  1, Manage=  2, Rotat=  7 YrRot=  3 , NYear=  4 , NRot=  3 , Crop=  6, Irr.=  0, IOPT=  3,     Runof=0.00, CO2=370. , StYear=1969, StDay=  1

 Planting on day 100, 1971
 Crop emergence on day   0, 1971
 Wageningen, rotation 3, soil1, current                                          

 DAY  YEAR  WLVG    WLVD    WST    WSO     TAGB    TSUML    DVS    LAI  TRANRF  SMACT  SMACTL   RD    TRAIN   TIRR   TTRANS  TESOIL  TDRAIN  TRUNOF    WTOT   WAVT    WTOTL     WAVTL  WTOTLX  PARAB    PAR    NNI   NMINT  NMIN    NUPT     NFIX   NLIV   NLOSS  
  100  71     11.      0.     11.      0.     22.      0.   0.00   0.03   1.00   0.34   0.35     10.   1573.      0.    299.    592.    611.      0.     34.     14.    313.    133.    174.     0.     0.   0.00      0.     30.      0.      0.      2.      0.
  110  71     11.      0.     11.      0.     22.      0.   0.00   0.03   1.00   0.33   0.35     10.   1577.      0.    299.    597.    611.      0.     33.     13.    313.    133.    174.     0.    79.   0.00      0.     30.      0.      0.      2.      0.
  112  71     11.      0.     11.      0.     22.      0.   0.00   0.03   1.00   0.32   0.35     10.   1577.      0.    299.    598.    611.      0.     32.     12.    313.    133.    174.     0.    94.   1.00      0.     30.      0.      0.      2.      0.
  120  71     16.      0.     16.      0.     33.     70.   0.08   0.07   1.00   0.32   0.35     20.   1592.      0.    300.    613.    611.      0.     59.     22.    286.    122.    174.     3.   152.   1.00      6.     24.      0.      0.      2.      0.
  130  71     43.      2.     51.      0.     96.    180.   0.22   0.20   1.00   0.31   0.35     32.   1600.      0.    302.    626.    611.      0.     93.     32.    244.    104.    174.    11.   256.   0.92     13.     16.      1.      3.      5.      0.
  140  71    226.     11.    262.      0.    498.    336.   0.40   0.87   1.00   0.34   0.35     44.   1642.      0.    310.    646.    616.      0.    143.     58.    202.     86.    175.    36.   348.   0.85    130.      9.      3.     14.     19.      0.
  150  71    639.     34.    655.      1.   1328.    468.   0.56   2.50   1.00   0.33   0.35     56.   1660.      0.    327.    653.    616.      0.    180.     71.    160.     68.    175.    90.   428.   0.83    131.      2.      9.     37.     47.      0.
  160  71   1398.    136.   1567.    104.   3205.    630.   0.76   5.49   1.00   0.28   0.35     68.   1660.      0.    364.    654.    616.      0.    184.     51.    118.     50.    175.   187.   532.   0.96    120.      0.     22.     88.    110.      1.
  170  71   1557.    375.   2073.    271.   4276.    760.   0.91   6.19   1.00   0.33   0.35     80.   1720.      0.    388.    655.    616.      0.    260.    103.     76.     32.    175.   248.   593.   0.98    171.      0.     27.    106.    130.      4.
  180  71   1537.    745.   2765.    638.   5685.    903.   1.06   6.15   1.00   0.35   0.35     92.   1758.      0.    417.    655.    616.      0.    312.    132.     34.     14.    175.   319.   664.   0.98    166.      0.     32.    127.    153.      8.
  190  71   1371.   1260.   3775.   2031.   8438.   1071.   1.18   5.52   1.00   0.31   0.07    100.   1760.      0.    456.    655.    616.      0.    308.    108.      0.      0.    175.   429.   776.   0.93    157.      0.     41.    164.    193.     13.
  200  71   1040.   1686.   4384.   3871.  10981.   1234.   1.30   4.18   1.00   0.27   0.07    100.   1760.      0.    491.    655.    616.      0.    273.     73.      0.      0.    175.   525.   873.   0.92    143.      0.     55.    220.    259.     18.
  210  71    626.   2126.   4635.   4941.  12328.   1407.   1.43   2.61   1.00   0.28   0.07    100.   1789.      0.    515.    657.    616.      0.    276.     76.      0.      0.    175.   588.   941.   0.35    143.      0.     55.    220.    254.     23.
  220  71    294.   2460.   4309.   5435.  12862.   1594.   1.57   1.41   1.00   0.27   0.07    100.   1813.      0.    543.    661.    616.      0.    268.     68.      0.      0.    175.   654.  1023.   0.14    143.      0.     55.    220.    248.     29.
  230  71    134.   2621.   3521.   5500.  12927.   1754.   1.69   0.81   1.00   0.26   0.07    100.   1824.      0.    556.    668.    616.      0.    258.     58.      0.      0.    175.   689.  1084.   0.07    143.      0.     55.    220.    240.     37.
  240  71     58.   2697.   2877.   5507.  12934.   1930.   1.82   0.48   1.00   0.26   0.07    100.   1852.      0.    568.    681.    616.      0.    262.     62.      0.      0.    175.   719.  1158.   0.03    143.      0.     55.    220.    234.     43.
  250  71     25.   2730.   2351.   5507.  12934.   2085.   1.93   0.31   1.00   0.25   0.07    100.   1857.      0.    574.    689.    616.      0.    252.     52.      0.      0.    175.   736.  1221.   0.01    143.      0.     55.    220.    229.     48.
  259  71     13.   2741.   2000.   5507.  12934.   2188.   2.01   0.23   1.00   0.25   0.07    100.   1858.      0.    578.    693.    616.      0.    246.     46.      0.      0.    175.   745.  1271.   0.01    143.      0.     55.    220.    226.     51.
  259  71      0.      0.      0.      0.      0.      0.   0.00   0.00   1.00   0.25   0.07    100.   1858.      0.    578.    694.    616.      0.    246.     46.      0.      0.    175.     0.     0.   1.00    143.      0.      0.      0.      0.      0.
  269  71      0.      0.      0.      0.      0.      0.   0.00   0.00   1.00   0.25   0.07    100.   1869.      0.    578.    698.    616.      0.    252.     52.      0.      0.    175.     0.     0.   1.00    143.      0.      0.      0.      0.      0.
  279  71      0.      0.      0.      0.      0.      0.   0.00   0.00   1.00   0.25   0.07    100.   1875.      0.    578.    703.    616.      0.    253.     53.      0.      0.    175.     0.     0.   1.00    143.      0.      0.      0.      0.      0.
  289  71      0.      0.      0.      0.      0.      0.   0.00   0.00   1.00   0.25   0.07    100.   1878.      0.    578.    706.    616.      0.    253.     53.      0.      0.    175.     0.     0.   1.00    143.      0.      0.      0.      0.      0.
  299  71      0.      0.      0.      0.      0.      0.   0.00   0.00   1.00   0.27   0.07    100.   1898.      0.    578.    712.    616.      0.    268.     68.      0.      0.    175.     0.     0.   1.00    143.      0.      0.      0.      0.      0.
  309  71      0.      0.      0.      0.      0.      0.   0.00   0.00   1.00   0.27   0.07    100.   1898.      0.    578.    713.    616.      0.    267.     67.      0.      0.    175.     0.     0.   1.00    143.      0.      0.      0.      0.      0.
  319  71      0.      0.      0.      0.      0.      0.   0.00   0.00   1.00   0.28   0.07    100.   1909.      0.    578.    715.    616.      0.    276.     76.      0.      0.    175.     0.     0.   1.00    143.      0.      0.      0.      0.      0.
  329  71      0.      0.      0.      0.      0.      0.   0.00   0.00   1.00   0.31   0.07    100.   1945.      0.    578.    718.    616.      0.    308.    108.      0.      0.    175.     0.     0.   1.00    143.      0.      0.      0.      0.      0.
  339  71      0.      0.      0.      0.      0.      0.   0.00   0.00   1.00   0.32   0.07    100.   1957.      0.    578.    719.    616.      0.    320.    120.      0.      0.    175.     0.     0.   1.00    143.      0.      0.      0.      0.      0.
  349  71      0.      0.      0.      0.      0.      0.   0.00   0.00   1.00   0.33   0.07    100.   1963.      0.    578.    719.    616.      0.    325.    125.      0.      0.    175.     0.     0.   1.00    143.      0.      0.      0.      0.      0.
  359  71      0.      0.      0.      0.      0.      0.   0.00   0.00   1.00   0.35   0.07    100.   1984.      0.    578.    720.    616.      0.    346.    146.      0.      0.    175.     0.     0.   1.00    143.      0.      0.      0.      0.      0.
    4  72      0.      0.      0.      0.      0.      0.   0.00   0.00   1.00   0.35   0.07    100.   1986.      0.    578.    720.    616.      0.    347.    147.      0.      0.    175.     0.     0.   1.00    143.      0.      0.      0.      0.      0.
   14  72      0.      0.      0.      0.      0.      0.   0.00   0.00   1.00   0.35   0.07    100.   1991.      0.    578.    721.    617.      0.    350.    150.      0.      0.    175.     0.     0.   1.00    143.      0.      0.      0.      0.      0.
   24  72      0.      0.      0.      0.      0.      0.   0.00   0.00   1.00   0.35   0.07    100.   2005.      0.    578.    722.    630.      0.    350.    150.      0.      0.    175.     0.     0.   1.00    143.      0.      0.      0.      0.      0.
   34  72      0.      0.      0.      0.      0.      0.   0.00   0.00   1.00   0.35   0.07    100.   2019.      0.    578.    724.    642.      0.    350.    150.      0.      0.    175.     0.     0.   1.00    143.      0.      0.      0.      0.      0.
   44  72      0.      0.      0.      0.      0.      0.   0.00   0.00   1.00   0.35   0.07    100.   2040.      0.    578.    727.    660.      0.    350.    150.      0.      0.    175.     0.     0.   1.00    143.      0.      0.      0.      0.      0.
   54  72      0.      0.      0.      0.      0.      0.   0.00   0.00   1.00   0.35   0.07    100.   2045.      0.    578.    729.    663.      0.    350.    150.      0.      0.    175.     0.     0.   1.00    143.      0.      0.      0.      0.      0.
   64  72      0.      0.      0.      0.      0.      0.   0.00   0.00   1.00   0.35   0.07    100.   2050.      0.    578.    732.    665.      0.    350.    150.      0.      0.    175.     0.     0.   1.00    143.      0.      0.      0.      0.      0.
   74  72      0.      0.      0.      0.      0.      0.   0.00   0.00   1.00   0.35   0.07    100.   2061.      0.    578.    738.    673.      0.    348.    148.      0.      0.    175.     0.     0.   1.00    143.      0.      0.      0.      0.      0.
   84  72      0.      0.      0.      0.      0.      0.   0.00   0.00   1.00   0.34   0.07    100.   2062.      0.    578.    743.    673.      0.    342.    142.      0.      0.    175.     0.     0.   1.00    143.      0.      0.      0.      0.      0.
   94  72      0.      0.      0.      0.      0.      0.   0.00   0.00   1.00   0.35   0.07    100.   2101.      0.    578.    753.    696.      0.    350.    150.      0.      0.    175.     0.     0.   1.00    143.      0.      0.      0.      0.      0.


Station=  WAGE , Soil=  1, Manage=  2, Rotat=  7 YrRot=  1 , NYear=  4 , NRot=  3 , Crop=  2, Irr.=  0, IOPT=  3,     Runof=0.00, CO2=370. , StYear=1969, StDay=  1

 Planting on day 100, 1972
 Crop emergence on day   0, 1972
 Wageningen, rotation 3, soil1, current                                          

 DAY  YEAR  WLVG    WLVD    WST    WSO     TAGB    TSUML    DVS    LAI  TRANRF  SMACT  SMACTL   RD    TRAIN   TIRR   TTRANS  TESOIL  TDRAIN  TRUNOF    WTOT   WAVT    WTOTL     WAVTL  WTOTLX  PARAB    PAR    NNI   NMINT  NMIN    NUPT     NFIX   NLIV   NLOSS  
  100  72      0.      0.      0.      0.      0.      0.   0.00   0.00   1.00   0.35   0.35     10.   2137.      0.    578.    763.    722.      0.     35.     15.    385.    165.    105.     0.     0.   0.00      0.     30.      0.      0.      0.      0.
  110  72      0.      0.      0.      0.      0.      0.   0.00   0.00   1.00   0.32   0.35     10.   2168.      0.    578.    776.    742.      0.     32.     12.    385.    165.    105.     0.    61.   0.00      0.     30.      0.      0.      0.      0.
  112  72      0.      0.      0.      0.      0.      0.   0.00   0.00   1.00   0.33   0.35     10.   2175.      0.    578.    779.    744.      0.     33.     13.    385.    165.    105.     0.    73.   0.00      0.     30.      0.      0.      0.      0.
  120  72      0.      0.      0.      0.      0.      0.   0.00   0.00   0.79   0.25   0.35     10.   2177.      0.    578.    789.    744.      0.     25.      5.    385.    165.    105.     0.   137.   0.00      0.     30.      0.      0.      0.      0.
  123  72      0.      0.      0.      0.      0.      0.   0.00   0.00   1.00   0.28   0.35     10.   2185.      0.    578.    795.    744.      0.     28.      8.    385.    165.    105.     0.   154.   1.00      0.     30.      0.      0.      0.      0.
  130  72      1.      0.      0.      0.      1.     73.   0.11   0.00   1.00   0.28   0.35     18.   2188.      0.    578.    803.    744.      0.     48.     14.    360.    154.    105.     0.   213.   0.74      5.     25.      0.      0.      0.      0.
  140  72      2.      0.      1.      0.      3.    136.   0.21   0.00   1.00   0.35   0.35     30.   2246.      0.    578.    821.    772.      0.    102.     44.    318.    136.    105.     0.   264.   0.84    125.     17.      0.      0.      0.      0.
  150  72      6.      0.      4.      0.     10.    237.   0.36   0.01   1.00   0.35   0.35     42.   2275.      0.    578.    846.    776.      0.    144.     62.    276.    118.    105.     1.   354.   0.86    132.     10.      0.      0.      0.      0.
  160  72     15.      1.     10.      0.     25.    340.   0.52   0.03   1.00   0.35   0.35     54.   2298.      0.    579.    868.    779.      0.    184.     77.    234.    100.    105.     1.   425.   0.73    139.      2.      1.      0.      1.      0.
  170  72     44.      4.     39.      0.     87.    434.   0.67   0.08   1.00   0.33   0.35     66.   2314.      0.    579.    893.    780.      0.    215.     85.    192.     82.    105.     4.   521.   0.68    195.      0.      3.      0.      3.      0.
  180  72    100.     10.    104.      0.    214.    551.   0.85   0.18   1.00   0.34   0.35     78.   2355.      0.    582.    914.    790.      0.    264.    110.    150.     64.    105.    10.   595.   0.80    190.      0.      8.      0.      7.      0.
  190  72    194.     20.    235.      2.    451.    676.   1.03   0.36   1.00   0.34   0.35     90.   2385.      0.    585.    932.    802.      0.    303.    125.    108.     46.    105.    20.   660.   0.77    183.      0.     15.      0.     14.      0.
  200  72    398.     50.    599.    169.   1215.    805.   1.12   0.72   1.00   0.33   0.35    102.   2396.      0.    595.    945.    802.      0.    333.    131.     66.     28.    105.    50.   760.   0.85    163.      0.     35.      0.     34.      1.
  210  72    570.     80.    887.    611.   2147.    963.   1.23   1.04   1.00   0.35   0.35    114.   2461.      0.    608.    955.    823.      0.    396.    170.     24.     10.    105.    83.   833.   0.97    143.      0.     55.      0.     53.      2.
  220  72    587.    154.   1041.   1482.   3265.   1095.   1.33   1.08   1.00   0.34   0.00    120.   2470.      0.    621.    964.    826.      0.    404.    164.      0.      0.    105.   120.   902.   0.95    132.      0.     66.      0.     63.      4.
  230  72    456.    339.   1158.   2448.   4402.   1237.   1.43   0.85   1.00   0.34   0.00    120.   2497.      0.    634.    975.    826.      0.    407.    167.      0.      0.    105.   158.   980.   0.94    120.      0.     78.      0.     69.      8.
  240  72    369.    465.   1240.   3124.   5197.   1344.   1.51   0.69   1.00   0.34   0.00    120.   2518.      0.    642.    984.    826.      0.    410.    170.      0.      0.    105.   186.  1046.   0.96    110.      0.     88.      0.     77.     11.
  250  72    272.    593.   1089.   3781.   5969.   1452.   1.58   0.51   1.00   0.33   0.00    120.   2518.      0.    650.    988.    826.      0.    398.    158.      0.      0.    105.   215.  1131.   0.52    110.      0.     88.      0.     69.     19.
  260  72    154.    716.    910.   3946.   6163.   1553.   1.66   0.31   1.00   0.35   0.00    120.   2553.      0.    654.    998.    828.      0.    418.    178.      0.      0.    105.   227.  1180.   0.23    110.      0.     88.      0.     62.     26.
  270  72     82.    790.    749.   3989.   6212.   1623.   1.71   0.20   1.00   0.35   0.00    120.   2562.      0.    656.   1004.    832.      0.    416.    176.      0.      0.    105.   237.  1241.   0.10    110.      0.     88.      0.     57.     31.
  280  72     41.    830.    612.   3992.   6216.   1690.   1.75   0.13   1.00   0.34   0.00    120.   2563.      0.    657.   1007.    832.      0.    412.    172.      0.      0.    105.   242.  1291.   0.04    110.      0.     88.      0.     53.     35.
  290  72     22.    850.    510.   3992.   6216.   1745.   1.79   0.09   1.00   0.34   0.00    120.   2563.      0.    658.   1009.    832.      0.    410.    170.      0.      0.    105.   245.  1328.   0.02    110.      0.     88.      0.     51.     38.
  299  72      0.      0.      0.      0.      0.      0.   0.00   0.00   1.00   0.35   0.00    120.   2579.      0.    658.   1011.    836.      0.    419.    179.      0.      0.    105.     0.     0.   1.00    110.      0.      0.      0.      0.      0.
  309  72      0.      0.      0.      0.      0.      0.   0.00   0.00   1.00   0.35   0.00    120.   2587.      0.    658.   1013.    841.      0.    419.    179.      0.      0.    105.     0.     0.   1.00    110.      0.      0.      0.      0.      0.
  319  72      0.      0.      0.      0.      0.      0.   0.00   0.00   1.00   0.35   0.00    120.   2632.      0.    658.   1018.    882.      0.    420.    180.      0.      0.    105.     0.     0.   1.00    110.      0.      0.      0.      0.      0.
  329  72      0.      0.      0.      0.      0.      0.   0.00   0.00   1.00   0.35   0.00    120.   2662.      0.    658.   1020.    909.      0.    420.    180.      0.      0.    105.     0.     0.   1.00    110.      0.      0.      0.      0.      0.
  339  72      0.      0.      0.      0.      0.      0.   0.00   0.00   1.00   0.35   0.00    120.   2665.      0.    658.   1021.    911.      0.    420.    180.      0.      0.    105.     0.     0.   1.00    110.      0.      0.      0.      0.      0.
  349  72      0.      0.      0.      0.      0.      0.   0.00   0.00   1.00   0.35   0.00    120.   2684.      0.    658.   1023.    928.      0.    420.    180.      0.      0.    105.     0.     0.   1.00    110.      0.      0.      0.      0.      0.
  359  72      0.      0.      0.      0.      0.      0.   0.00   0.00   1.00   0.35   0.00    120.   2684.      0.    658.   1024.    928.      0.    420.    180.      0.      0.    105.     0.     0.   1.00    110.      0.      0.      0.      0.      0.
    1  73      0.      0.      0.      0.      0.      0.   0.00   0.00   1.00   0.35   0.00    120.   2684.      0.    658.   1024.    928.      0.    419.    179.      0.      0.    105.     0.     0.   1.00    110.      0.      0.      0.      0.      0.


DATA-FILE  WARO1PTS.OUT


Name of run: WARO4


Station=  WAGE , Soil=  2, Manage=  1, Rotat=  5 YrRot=  1 , NYear=  4 , NRot=  3 , Crop=  2, Irr.=  1, IOPT=  1,     Runof=0.10, CO2=550. , StYear=1969, StDay=  1

 DAY  YEAR  WLVG    WLVD    WST    WSO     TAGB    TSUML    DVS    LAI  TRANRF  SMACT  SMACTL   RD    TRAIN   TIRR   TTRANS  TESOIL  TDRAIN  TRUNOF    WTOT   WAVT    WTOTL      WAVTL WTOTLX  PARAB    PAR    NNI   NMINT  NMIN    NUPT       NFIX   NLIV   NLOSS  
    1  69      0.      0.      0.      0.      0.      0.   0.00   0.00   1.00   0.37   0.37     10.   2684.      0.    658.   1024.    928.      0.    419.    179.      0.      0.    105.     0.     0.   1.00    110.      0.      0.      0.      0.      0.
    3  69      0.      0.      0.      0.      0.      0.   0.00   0.00   1.00   0.40   0.37     10.      3.      0.      0.      0.      0.      0.     40.     20.    407.    187.    111.     0.     0.   1.00    110.      0.      0.      0.      0.      0.
   13  69      0.      0.      0.      0.      0.      0.   0.00   0.00   1.00   0.40   0.37     10.      5.      0.      0.      1.      0.      0.     40.     20.    407.    187.    111.     0.     0.   1.00    110.      0.      0.      0.      0.      0.
   23  69      0.      0.      0.      0.      0.      0.   0.00   0.00   1.00   0.42   0.39     10.     28.      0.      0.      3.      0.      3.     42.     22.    424.    204.    111.     0.     0.   1.00    110.      0.      0.      0.      0.      0.
   33  69      0.      0.      0.      0.      0.      0.   0.00   0.00   1.00   0.42   0.39     10.     37.      0.      0.      6.      0.      4.     42.     22.    430.    210.    111.     0.     0.   1.00    110.      0.      0.      0.      0.      0.
   43  69      0.      0.      0.      0.      0.      0.   0.00   0.00   1.00   0.42   0.40     10.     58.      0.      0.      9.      0.      6.     42.     22.    445.    225.    111.     0.     0.   1.00    110.      0.      0.      0.      0.      0.
   53  69      0.      0.      0.      0.      0.      0.   0.00   0.00   1.00   0.42   0.42     10.     79.      0.      0.     10.      0.      8.     42.     22.    462.    242.    111.     0.     0.   1.00    110.      0.      0.      0.      0.      0.
   63  69      0.      0.      0.      0.      0.      0.   0.00   0.00   1.00   0.40   0.42     10.     80.      0.      0.     13.      0.      8.     40.     20.    462.    242.    111.     0.     0.   1.00    110.      0.      0.      0.      0.      0.
   73  69      0.      0.      0.      0.      0.      0.   0.00   0.00   1.00   0.42   0.42     10.    108.      0.      0.     17.      6.     11.     42.     22.    462.    242.    126.     0.     0.   1.00    110.      0.      0.      0.      0.      0.
   83  69      0.      0.      0.      0.      0.      0.   0.00   0.00   1.00   0.39   0.42     10.    120.      0.      0.     24.     12.     12.     39.     19.    462.    242.    126.     0.     0.   1.00    110.      0.      0.      0.      0.      0.
   93  69      0.      0.      0.      0.      0.      0.   0.00   0.00   1.00   0.40   0.42     10.    138.      0.      0.     30.     21.     14.     40.     20.    462.    242.    126.     0.     0.   1.00    110.      0.      0.      0.      0.      0.


Station=  WAGE , Soil=  2, Manage=  1, Rotat=  5 YrRot=  1 , NYear=  4 , NRot=  3 , Crop=  2, Irr.=  1, IOPT=  1,     Runof=0.10, CO2=550. , StYear=1969, StDay=  1

 Planting on day 100, 1969
 Crop emergence on day   0, 1969
 Wageningen, rotation 1, soil1, future                                           

 DAY  YEAR  WLVG    WLVD    WST    WSO     TAGB    TSUML    DVS    LAI  TRANRF  SMACT  SMACTL   RD    TRAIN   TIRR   TTRANS  TESOIL  TDRAIN  TRUNOF    WTOT   WAVT    WTOTL     WAVTL  WTOTLX  PARAB    PAR    NNI   NMINT  NMIN    NUPT     NFIX   NLIV   NLOSS  
  100  69      0.      0.      0.      0.      0.      0.   0.00   0.00   1.00   0.31   0.42     10.    138.      0.      0.     39.     21.     14.     31.     11.    462.    242.    126.     0.     0.   1.00      0.     30.      0.      0.      0.      0.
  110  69      0.      0.      0.      0.      0.      0.   0.00   0.00   1.00   0.39   0.42     10.    184.      8.      0.     59.     43.     18.     39.     19.    462.    242.    126.     0.    60.   1.00      0.     30.      0.      0.      0.      0.
  116  69      0.      0.      0.      0.      0.      0.   0.00   0.00   1.00   0.39   0.42     10.    204.      8.      0.     69.     51.     20.     39.     19.    462.    242.    126.     0.    98.   1.00      0.     30.      0.      0.      0.      0.
  120  69      1.      0.      0.      0.      1.     36.   0.05   0.00   1.00   0.38   0.42     15.    212.      8.      0.     76.     54.     21.     51.     24.    447.    234.    126.     0.   131.   1.00      3.     27.      0.      0.      0.      0.
  130  69      3.      0.      1.      0.      4.    148.   0.23   0.01   1.00   0.37   0.42     27.    218.      8.      0.     90.     54.     22.     94.     42.    396.    208.    126.     0.   203.   1.00     10.     20.      0.      0.      0.      0.
  140  69     15.      0.      5.      0.     20.    273.   0.42   0.03   1.00   0.40   0.42     39.    257.      8.      0.    118.     54.     26.    151.     75.    346.    181.    126.     1.   271.   1.00    101.     12.      1.      0.      1.      0.
  150  69     85.      0.     40.      0.    125.    391.   0.60   0.17   1.00   0.39   0.42     51.    275.      8.      2.    140.     54.     28.    193.     94.    296.    155.    126.     5.   357.   1.00    105.      4.      5.      0.      5.      0.
  160  69    344.      0.    210.      0.    554.    500.   0.77   0.69   1.00   0.40   0.42     63.    316.      8.      8.    162.     62.     32.    245.    121.    245.    128.    126.    22.   434.   1.00     95.      0.     19.      0.     19.      0.
  170  69   1424.      0.   1132.      1.   2557.    668.   1.01   2.85   1.00   0.38   0.42     75.    331.     18.     37.    174.     62.     33.    277.    130.    195.    102.    126.    94.   552.   1.00     18.      0.     96.      0.     96.      0.
  180  69   2306.     19.   2053.    342.   4722.    809.   1.11   4.61   1.00   0.36   0.42     87.    346.     18.     64.    176.     62.     35.    310.    139.    144.     76.    126.   164.   628.   1.00    -18.      0.    160.      0.    160.      0.
  190  69   2806.    263.   2873.   1653.   7596.    961.   1.22   5.61   1.00   0.36   0.42     99.    365.     28.     97.    177.     62.     37.    355.    159.     94.     49.    126.   247.   713.   1.00    -78.      0.    220.      0.    214.      6.
  200  69   2612.    729.   3269.   3762.  10373.   1108.   1.33   5.22   1.00   0.37   0.42    111.    376.     48.    129.    178.     62.     38.    403.    184.     44.     23.    126.   325.   794.   1.00   -108.      0.    250.      0.    233.     17.
  210  69   1863.   1630.   3574.   6354.  13422.   1286.   1.46   3.73   1.00   0.36   0.00    120.    389.     68.    168.    179.     62.     39.    438.    198.      0.      0.    126.   415.   887.   1.00   -130.      0.    272.      0.    233.     39.
  220  69   1348.   2286.   3427.   8740.  16229.   1463.   1.58   2.70   1.00   0.36   0.00    120.    406.     88.    209.    183.     62.     41.    428.    188.      0.      0.    126.   501.   985.   1.00   -139.      0.    281.      0.    217.     64.
  230  69    994.   2747.   2976.  10578.  18371.   1637.   1.71   1.99   1.00   0.37   0.00    120.    436.    128.    250.    191.     62.     44.    446.    206.      0.      0.    126.   568.  1067.   1.00   -139.      0.    281.      0.    192.     89.
  240  69    769.   3035.   2516.  11680.  19629.   1776.   1.81   1.54   1.00   0.41   0.00    120.    512.    128.    268.    199.     62.     51.    490.    250.      0.      0.    126.   607.  1122.   1.00   -139.      0.    281.      0.    173.    108.
  250  69    612.   3256.   2126.  12819.  20909.   1910.   1.90   1.22   1.00   0.40   0.00    120.    518.    128.    281.    203.     62.     52.    477.    237.      0.      0.    126.   647.  1187.   1.00   -139.      0.    281.      0.    158.    123.
  260  69    482.   3437.   1820.  13741.  21934.   2058.   2.01   0.96   1.00   0.38   0.00    120.    519.    128.    293.    206.     62.     52.    462.    222.      0.      0.    126.   678.  1246.   1.00   -139.      0.    281.      0.    146.    135.
  269  69      0.      0.      0.      0.      0.      0.   0.00   0.00   1.00   0.39   0.00    120.    525.    128.    293.    211.     62.     52.    463.    223.      0.      0.    126.     0.     0.   1.00   -139.      0.      0.      0.      0.      0.
  279  69      0.      0.      0.      0.      0.      0.   0.00   0.00   1.00   0.39   0.00    120.    532.    128.    293.    216.     62.     53.    464.    224.      0.      0.    126.     0.     0.   1.00   -139.      0.      0.      0.      0.      0.
  289  69      0.      0.      0.      0.      0.      0.   0.00   0.00   1.00   0.39   0.00    120.    533.    128.    293.    218.     62.     53.    464.    224.      0.      0.    126.     0.     0.   1.00   -139.      0.      0.      0.      0.      0.
  299  69      0.      0.      0.      0.      0.      0.   0.00   0.00   1.00   0.39   0.00    120.    546.    128.    293.    222.     62.     55.    471.    231.      0.      0.    126.     0.     0.   1.00   -139.      0.      0.      0.      0.      0.
  309  69      0.      0.      0.      0.      0.      0.   0.00   0.00   1.00   0.40   0.00    120.    555.    128.    293.    225.     62.     55.    476.    236.      0.      0.    126.     0.     0.   1.00   -139.      0.      0.      0.      0.      0.
  319  69      0.      0.      0.      0.      0.      0.   0.00   0.00   1.00   0.42   0.00    120.    593.    128.    293.    228.     65.     59.    504.    264.      0.      0.    126.     0.     0.   1.00   -139.      0.      0.      0.      0.      0.
  329  69      0.      0.      0.      0.      0.      0.   0.00   0.00   1.00   0.42   0.00    120.    600.    128.    293.    231.     69.     60.    504.    264.      0.      0.    126.     0.     0.   1.00   -139.      0.      0.      0.      0.      0.
  339  69      0.      0.      0.      0.      0.      0.   0.00   0.00   1.00   0.42   0.00    120.    612.    128.    293.    231.     79.     61.    504.    264.      0.      0.    126.     0.     0.   1.00   -139.      0.      0.      0.      0.      0.
  349  69      0.      0.      0.      0.      0.      0.   0.00   0.00   1.00   0.42   0.00    120.    623.    128.    293.    231.     89.     62.    504.    264.      0.      0.    126.     0.     0.   1.00   -139.      0.      0.      0.      0.      0.
  359  69      0.      0.      0.      0.      0.      0.   0.00   0.00   1.00   0.42   0.00    120.    644.    128.    293.    232.    107.     64.    504.    264.      0.      0.    126.     0.     0.   1.00   -139.      0.      0.      0.      0.      0.
    4  70      0.      0.      0.      0.      0.      0.   0.00   0.00   1.00   0.42   0.00    120.    649.    128.    293.    232.    111.     65.    504.    264.      0.      0.    126.     0.     0.   1.00   -139.      0.      0.      0.      0.      0.
   14  70      0.      0.      0.      0.      0.      0.   0.00   0.00   1.00   0.42   0.00    120.    659.    128.    293.    233.    119.     66.    504.    264.      0.      0.    126.     0.     0.   1.00   -139.      0.      0.      0.      0.      0.
   24  70      0.      0.      0.      0.      0.      0.   0.00   0.00   1.00   0.42   0.00    120.    669.    128.    293.    233.    129.     67.    504.    264.      0.      0.    126.     0.     0.   1.00   -139.      0.      0.      0.      0.      0.
   34  70      0.      0.      0.      0.      0.      0.   0.00   0.00   1.00   0.42   0.00    120.    701.    128.    293.    234.    157.     70.    504.    264.      0.      0.    126.     0.     0.   1.00   -139.      0.      0.      0.      0.      0.
   44  70      0.      0.      0.      0.      0.      0.   0.00   0.00   1.00   0.42   0.00    120.    728.    128.    293.    236.    179.     73.    504.    264.      0.      0.    126.     0.     0.   1.00   -139.      0.      0.      0.      0.      0.
   54  70      0.      0.      0.      0.      0.      0.   0.00   0.00   1.00   0.42   0.00    120.    778.    128.    293.    238.    223.     78.    504.    264.      0.      0.    126.     0.     0.   1.00   -139.      0.      0.      0.      0.      0.
   64  70      0.      0.      0.      0.      0.      0.   0.00   0.00   1.00   0.42   0.00    120.    796.    128.    293.    241.    236.     80.    504.    264.      0.      0.    126.     0.     0.   1.00   -139.      0.      0.      0.      0.      0.
   74  70      0.      0.      0.      0.      0.      0.   0.00   0.00   1.00   0.42   0.00    120.    800.    128.    293.    242.    238.     80.    503.    263.      0.      0.    126.     0.     0.   1.00   -139.      0.      0.      0.      0.      0.
   84  70      0.      0.      0.      0.      0.      0.   0.00   0.00   1.00   0.42   0.00    120.    823.    128.    293.    246.    255.     82.    504.    264.      0.      0.    126.     0.     0.   1.00   -139.      0.      0.      0.      0.      0.
   94  70      0.      0.      0.      0.      0.      0.   0.00   0.00   1.00   0.42   0.00    120.    855.    128.    293.    253.    277.     85.    504.    264.      0.      0.    126.     0.     0.   1.00   -139.      0.      0.      0.      0.      0.
  104  70      0.      0.      0.      0.      0.      0.   0.00   0.00   1.00   0.42   0.00    120.    894.    128.    293.    260.    305.     89.    503.    263.      0.      0.    126.     0.     0.   1.00   -139.      0.      0.      0.      0.      0.
  114  70      0.      0.      0.      0.      0.      0.   0.00   0.00   1.00   0.42   0.00    120.    906.    128.    293.    265.    310.     91.    504.    264.      0.      0.    126.     0.     0.   1.00   -139.      0.      0.      0.      0.      0.
  116  70      0.      0.      0.      0.      0.      0.   0.00   0.00   1.00   0.42   0.00    120.    916.    128.    293.    268.    316.     92.    504.    264.      0.      0.    126.     0.     0.   1.00   -139.      0.      0.      0.      0.      0.


Station=  WAGE , Soil=  2, Manage=  1, Rotat=  5 YrRot=  2 , NYear=  4 , NRot=  3 , Crop=  3, Irr.=  1, IOPT=  1,     Runof=0.10, CO2=550. , StYear=1969, StDay=  1

 Planting on day 120, 1970
 Crop emergence on day   0, 1970
 Wageningen, rotation 1, soil1, future                                           

 DAY  YEAR  WLVG    WLVD    WST    WSO     TAGB    TSUML    DVS    LAI  TRANRF  SMACT  SMACTL   RD    TRAIN   TIRR   TTRANS  TESOIL  TDRAIN  TRUNOF    WTOT   WAVT    WTOTL     WAVTL  WTOTLX  PARAB    PAR    NNI   NMINT  NMIN    NUPT     NFIX   NLIV   NLOSS  
  120  70     19.      0.     11.      0.     30.      0.   0.00   0.05   1.00   0.42   0.42     10.    930.    128.    293.    273.    324.     93.     42.     22.    378.    198.    210.     0.     0.   1.00      0.     30.      0.      0.      2.      0.
  130  70     19.      0.     11.      0.     30.      0.   0.00   0.05   1.00   0.33   0.42     10.    936.    128.    294.    286.    324.     94.     33.     13.    378.    198.    210.     0.    84.   1.00      0.     30.      0.      0.      2.      0.
  131  70     19.      0.     11.      0.     30.      0.   0.00   0.05   1.00   0.32   0.42     10.    936.    128.    294.    287.    324.     94.     32.     12.    378.    198.    210.     0.    91.   1.00      0.     30.      0.      0.      2.      0.
  140  70     81.      0.     50.      0.    131.     89.   0.13   0.23   1.00   0.34   0.42     21.    943.    128.    295.    297.    324.     94.     67.     28.    338.    177.    210.     5.   163.   1.00     85.     23.      5.      0.      7.      0.
  150  70    289.      0.    177.      0.    465.    166.   0.24   0.65   1.00   0.35   0.42     33.    951.    128.    300.    307.    324.     95.    110.     46.    287.    150.    210.    20.   243.   1.00     78.     16.     20.      0.     22.      0.
  160  70   1142.      0.    730.      0.   1872.    283.   0.41   2.38   1.00   0.31   0.42     45.    952.    128.    322.    313.    324.     95.    134.     47.    237.    124.    210.    76.   355.   1.00     41.      8.     65.      0.     67.      0.
  170  70   2679.     32.   2455.      0.   5166.    415.   0.60   5.00   1.00   0.30   0.42     57.    961.    148.    361.    318.    324.     96.    168.     57.    186.     98.    210.   179.   473.   1.00    -36.      1.    150.      0.    152.      0.
  180  70   3419.    408.   4883.      0.   8711.    560.   0.81   5.88   1.00   0.31   0.42     69.    969.    168.    399.    319.    324.     97.    206.     71.    136.     71.    210.   270.   567.   1.00    -51.      0.    193.      0.    193.      2.
  190  70   3410.    839.   7066.      9.  11323.    683.   0.98   5.65   1.00   0.34   0.42     81.   1019.    168.    428.    320.    324.    102.    271.    112.     86.     45.    210.   333.   632.   1.00    -58.      0.    200.      0.    198.      4.
  200  70   2817.   1812.   8881.   1059.  14569.    799.   1.12   4.52   1.00   0.37   0.42     93.   1072.    168.    458.    321.    324.    107.    339.    156.     35.     18.    210.   406.   708.   1.00    -74.      0.    216.      0.    209.     10.
  210  70   2054.   2635.   9121.   3142.  16952.    914.   1.26   3.28   1.00   0.37   0.09    100.   1101.    168.    482.    324.    324.    110.    374.    174.      0.      0.    210.   459.   767.   1.00    -82.      0.    224.      0.    212.     14.
  220  70   1390.   3299.   9121.   6466.  20276.   1067.   1.43   2.22   1.00   0.35   0.09    100.   1108.    168.    510.    326.    324.    111.    350.    150.      0.      0.    210.   532.   857.   1.00    -85.      0.    227.      0.    212.     17.
  230  70    985.   3704.   8244.   8372.  22182.   1185.   1.57   1.57   1.00   0.35   0.09    100.   1131.    168.    527.    332.    324.    113.    348.    148.      0.      0.    210.   578.   925.   1.00    -85.      0.    227.      0.    206.     23.
  240  70    697.   3992.   6736.   9815.  23625.   1305.   1.71   1.11   1.00   0.33   0.09    100.   1140.    168.    541.    339.    324.    114.    334.    134.      0.      0.    210.   617.   996.   1.00    -85.      0.    227.      0.    200.     29.
  250  70    498.   4191.   5504.  10786.  24596.   1418.   1.84   0.79   1.00   0.32   0.09    100.   1143.    168.    553.    346.    324.    114.    319.    119.      0.      0.    210.   648.  1066.   1.00    -85.      0.    227.      0.    194.     35.
  260  70    358.   4331.   4497.  11084.  24894.   1526.   1.97   0.57   1.00   0.37   0.09    100.   1217.    168.    560.    358.    324.    122.    365.    165.      0.      0.    210.   662.  1107.   1.00    -85.      0.    227.      0.    190.     39.
  264  70    325.   4364.   4233.  11158.  24968.   1558.   2.00   0.52   1.00   0.36   0.09    100.   1217.    168.    562.    361.    324.    122.    361.    161.      0.      0.    210.   667.  1125.   1.00    -85.      0.    227.      0.    189.     40.
  269  70      0.      0.      0.      0.      0.      0.   0.00   0.00   1.00   0.36   0.09    100.   1217.    168.    562.    363.    324.    122.    359.    159.      0.      0.    210.     0.     0.   1.00    -85.      0.      0.      0.      0.      0.
  279  70      0.      0.      0.      0.      0.      0.   0.00   0.00   1.00   0.38   0.09    100.   1251.    168.    562.    371.    324.    125.    381.    181.      0.      0.    210.     0.     0.   1.00    -85.      0.      0.      0.      0.      0.
  289  70      0.      0.      0.      0.      0.      0.   0.00   0.00   1.00   0.38   0.09    100.   1254.    168.    562.    374.    324.    125.    381.    181.      0.      0.    210.     0.     0.   1.00    -85.      0.      0.      0.      0.      0.
  299  70      0.      0.      0.      0.      0.      0.   0.00   0.00   1.00   0.41   0.09    100.   1286.    168.    562.    378.    324.    129.    406.    206.      0.      0.    210.     0.     0.   1.00    -85.      0.      0.      0.      0.      0.
  309  70      0.      0.      0.      0.      0.      0.   0.00   0.00   1.00   0.42   0.09    100.   1349.    168.    562.    384.    362.    135.    420.    220.      0.      0.    210.     0.     0.   1.00    -85.      0.      0.      0.      0.      0.
  319  70      0.      0.      0.      0.      0.      0.   0.00   0.00   1.00   0.42   0.09    100.   1362.    168.    562.    387.    369.    136.    420.    220.      0.      0.    210.     0.     0.   1.00    -85.      0.      0.      0.      0.      0.
  329  70      0.      0.      0.      0.      0.      0.   0.00   0.00   1.00   0.42   0.09    100.   1385.    168.    562.    391.    386.    138.    420.    220.      0.      0.    210.     0.     0.   1.00    -85.      0.      0.      0.      0.      0.
  339  70      0.      0.      0.      0.      0.      0.   0.00   0.00   1.00   0.42   0.09    100.   1423.    168.    562.    393.    419.    142.    420.    220.      0.      0.    210.     0.     0.   1.00    -85.      0.      0.      0.      0.      0.
  349  70      0.      0.      0.      0.      0.      0.   0.00   0.00   1.00   0.42   0.09    100.   1432.    168.    562.    393.    427.    143.    420.    220.      0.      0.    210.     0.     0.   1.00    -85.      0.      0.      0.      0.      0.
  359  70      0.      0.      0.      0.      0.      0.   0.00   0.00   1.00   0.42   0.09    100.   1437.    168.    562.    394.    431.    144.    420.    220.      0.      0.    210.     0.     0.   1.00    -85.      0.      0.      0.      0.      0.
    4  71      0.      0.      0.      0.      0.      0.   0.00   0.00   1.00   0.42   0.09    100.   1443.    168.    562.    394.    436.    144.    420.    220.      0.      0.    210.     0.     0.   1.00    -85.      0.      0.      0.      0.      0.
   14  71      0.      0.      0.      0.      0.      0.   0.00   0.00   1.00   0.42   0.09    100.   1445.    168.    562.    394.    438.    144.    420.    220.      0.      0.    210.     0.     0.   1.00    -85.      0.      0.      0.      0.      0.
   24  71      0.      0.      0.      0.      0.      0.   0.00   0.00   1.00   0.42   0.09    100.   1470.    168.    562.    395.    459.    147.    420.    220.      0.      0.    210.     0.     0.   1.00    -85.      0.      0.      0.      0.      0.
   34  71      0.      0.      0.      0.      0.      0.   0.00   0.00   1.00   0.42   0.09    100.   1503.    168.    562.    399.    486.    150.    420.    220.      0.      0.    210.     0.     0.   1.00    -85.      0.      0.      0.      0.      0.
   44  71      0.      0.      0.      0.      0.      0.   0.00   0.00   1.00   0.42   0.09    100.   1510.    168.    562.    400.    491.    151.    420.    220.      0.      0.    210.     0.     0.   1.00    -85.      0.      0.      0.      0.      0.
   54  71      0.      0.      0.      0.      0.      0.   0.00   0.00   1.00   0.42   0.09    100.   1534.    168.    562.    403.    509.    153.    420.    220.      0.      0.    210.     0.     0.   1.00    -85.      0.      0.      0.      0.      0.
   64  71      0.      0.      0.      0.      0.      0.   0.00   0.00   1.00   0.42   0.09    100.   1538.    168.    562.    405.    511.    154.    420.    220.      0.      0.    210.     0.     0.   1.00    -85.      0.      0.      0.      0.      0.
   74  71      0.      0.      0.      0.      0.      0.   0.00   0.00   1.00   0.42   0.09    100.   1551.    168.    562.    409.    519.    155.    420.    220.      0.      0.    210.     0.     0.   1.00    -85.      0.      0.      0.      0.      0.
   84  71      0.      0.      0.      0.      0.      0.   0.00   0.00   1.00   0.42   0.09    100.   1571.    168.    562.    417.    528.    157.    420.    220.      0.      0.    210.     0.     0.   1.00    -85.      0.      0.      0.      0.      0.
   94  71      0.      0.      0.      0.      0.      0.   0.00   0.00   1.00   0.42   0.09    100.   1574.    168.    562.    422.    528.    157.    418.    218.      0.      0.    210.     0.     0.   1.00    -85.      0.      0.      0.      0.      0.


Station=  WAGE , Soil=  2, Manage=  1, Rotat=  5 YrRot=  3 , NYear=  4 , NRot=  3 , Crop=  6, Irr.=  1, IOPT=  1,     Runof=0.10, CO2=550. , StYear=1969, StDay=  1

 Planting on day 100, 1971
 Crop emergence on day   0, 1971
 Wageningen, rotation 1, soil1, future                                           

 DAY  YEAR  WLVG    WLVD    WST    WSO     TAGB    TSUML    DVS    LAI  TRANRF  SMACT  SMACTL   RD    TRAIN   TIRR   TTRANS  TESOIL  TDRAIN  TRUNOF    WTOT   WAVT    WTOTL     WAVTL  WTOTLX  PARAB    PAR    NNI   NMINT  NMIN    NUPT     NFIX   NLIV   NLOSS  
  100  71     11.      0.     11.      0.     22.      0.   0.00   0.03   1.00   0.41   0.42     10.   1574.    168.    562.    423.    528.    157.     41.     21.    376.    196.    209.     0.     0.   1.00      0.     30.      0.      0.      2.      0.
  110  71     11.      0.     11.      0.     22.      0.   0.00   0.03   1.00   0.39   0.42     10.   1578.    168.    563.    428.    528.    158.     39.     19.    376.    196.    209.     0.    79.   1.00      0.     30.      0.      0.      2.      0.
  120  71     29.      0.     28.      0.     58.    110.   0.13   0.12   1.00   0.40   0.42     22.   1593.    168.    564.    442.    528.    159.     83.     41.    331.    173.    209.     4.   152.   1.00      7.     22.      0.      1.      3.      0.
  130  71    143.      0.    125.      0.    268.    240.   0.29   0.50   1.00   0.37   0.42     34.   1600.    168.    569.    454.    528.    160.    123.     57.    281.    146.    209.    19.   256.   1.00     13.     15.      2.      9.     13.      0.
  140  71    859.      0.    659.      0.   1517.    416.   0.50   3.40   1.00   0.40   0.42     46.   1643.    168.    587.    465.    528.    164.    181.     92.    231.    120.    209.    78.   348.   1.00     95.      8.     11.     45.     58.      0.
  150  71   1671.    133.   1353.     44.   3202.    568.   0.68   6.83   1.00   0.39   0.42     58.   1661.    168.    614.    466.    528.    166.    221.    107.    181.     94.    209.   156.   428.   1.00     91.      0.     23.     94.    118.      1.
  160  71   2118.    792.   2520.    367.   5797.    750.   0.90   8.76   1.00   0.33   0.42     70.   1661.    168.    655.    466.    528.    166.    230.     93.    130.     68.    209.   259.   532.   1.00     78.      0.     36.    143.    172.      8.
  170  71   1855.   1445.   3223.    740.   7263.    900.   1.05   7.69   1.00   0.38   0.42     82.   1721.    168.    680.    466.    528.    172.    308.    147.     80.     42.    209.   320.   593.   1.00     74.      0.     40.    160.    186.     15.
  180  71   1586.   1991.   3962.   1740.   9278.   1063.   1.17   6.59   1.00   0.39   0.42     94.   1759.    168.    709.    466.    528.    176.    364.    178.     30.     16.    209.   391.   664.   1.00     95.      0.     47.    190.    217.     21.
  190  71   1238.   2493.   4836.   4384.  12952.   1251.   1.31   5.15   1.00   0.35   0.09    100.   1761.    168.    750.    466.    528.    176.    354.    154.      0.      0.    209.   502.   776.   1.00     81.      0.     61.    243.    279.     27.
  200  71    934.   2867.   5305.   6684.  15790.   1434.   1.45   3.89   1.00   0.32   0.09    100.   1761.    168.    786.    466.    528.    176.    318.    118.      0.      0.    209.   597.   873.   1.00     81.      0.     61.    243.    275.     31.
  210  71    656.   3154.   4858.   8203.  17386.   1627.   1.59   2.73   1.00   0.32   0.09    100.   1790.    168.    811.    468.    528.    179.    317.    117.      0.      0.    209.   660.   941.   1.00     81.      0.     61.    243.    268.     38.
  220  71    447.   3362.   3973.   9554.  18742.   1834.   1.74   1.86   1.00   0.31   0.09    100.   1814.    168.    841.    472.    528.    181.    306.    106.      0.      0.    209.   729.  1023.   1.00     81.      0.     61.    243.    258.     48.
  230  71    317.   3493.   3246.  10077.  19265.   2014.   1.88   1.32   1.00   0.29   0.09    100.   1825.    168.    858.    477.    528.    182.    293.     93.      0.      0.    209.   773.  1084.   1.00     81.      0.     61.    243.    251.     55.
  240  71    227.   3582.   2707.  10386.  19574.   2191.   2.01   0.95   1.00   0.30   0.09    100.   1853.    178.    875.    486.    528.    185.    302.    102.      0.      0.    209.   815.  1155.   1.00     81.      0.     61.    243.    245.     61.
  249  71      0.      0.      0.      0.      0.      0.   0.00   0.00   1.00   0.30   0.09    100.   1858.    178.    875.    492.    528.    186.    301.    101.      0.      0.    209.     0.     0.   1.00     81.      0.      0.      0.      0.      0.
  259  71      0.      0.      0.      0.      0.      0.   0.00   0.00   1.00   0.30   0.09    100.   1859.    178.    875.    494.    528.    186.    299.     99.      0.      0.    209.     0.     0.   1.00     81.      0.      0.      0.      0.      0.
  269  71      0.      0.      0.      0.      0.      0.   0.00   0.00   1.00   0.31   0.09    100.   1870.    178.    875.    497.    528.    187.    306.    106.      0.      0.    209.     0.     0.   1.00     81.      0.      0.      0.      0.      0.
  279  71      0.      0.      0.      0.      0.      0.   0.00   0.00   1.00   0.31   0.09    100.   1876.    178.    875.    500.    528.    188.    309.    109.      0.      0.    209.     0.     0.   1.00     81.      0.      0.      0.      0.      0.
  289  71      0.      0.      0.      0.      0.      0.   0.00   0.00   1.00   0.31   0.09    100.   1879.    178.    875.    502.    528.    188.    310.    110.      0.      0.    209.     0.     0.   1.00     81.      0.      0.      0.      0.      0.
  299  71      0.      0.      0.      0.      0.      0.   0.00   0.00   1.00   0.32   0.09    100.   1899.    178.    875.    506.    528.    190.    324.    124.      0.      0.    209.     0.     0.   1.00     81.      0.      0.      0.      0.      0.
  309  71      0.      0.      0.      0.      0.      0.   0.00   0.00   1.00   0.32   0.09    100.   1899.    178.    875.    507.    528.    190.    323.    123.      0.      0.    209.     0.     0.   1.00     81.      0.      0.      0.      0.      0.
  319  71      0.      0.      0.      0.      0.      0.   0.00   0.00   1.00   0.33   0.09    100.   1910.    178.    875.    508.    528.    191.    332.    132.      0.      0.    209.     0.     0.   1.00     81.      0.      0.      0.      0.      0.
  329  71      0.      0.      0.      0.      0.      0.   0.00   0.00   1.00   0.36   0.09    100.   1946.    178.    875.    510.    528.    195.    362.    162.      0.      0.    209.     0.     0.   1.00     81.      0.      0.      0.      0.      0.
  339  71      0.      0.      0.      0.      0.      0.   0.00   0.00   1.00   0.37   0.09    100.   1958.    178.    875.    510.    528.    196.    373.    173.      0.      0.    209.     0.     0.   1.00     81.      0.      0.      0.      0.      0.
  349  71      0.      0.      0.      0.      0.      0.   0.00   0.00   1.00   0.38   0.09    100.   1964.    178.    875.    511.    528.    196.    378.    178.      0.      0.    209.     0.     0.   1.00     81.      0.      0.      0.      0.      0.
  359  71      0.      0.      0.      0.      0.      0.   0.00   0.00   1.00   0.40   0.09    100.   1985.    178.    875.    511.    528.    199.    396.    196.      0.      0.    209.     0.     0.   1.00     81.      0.      0.      0.      0.      0.
    4  72      0.      0.      0.      0.      0.      0.   0.00   0.00   1.00   0.40   0.09    100.   1987.    178.    875.    511.    528.    199.    397.    197.      0.      0.    209.     0.     0.   1.00     81.      0.      0.      0.      0.      0.
   14  72      0.      0.      0.      0.      0.      0.   0.00   0.00   1.00   0.40   0.09    100.   1992.    178.    875.    512.    528.    199.    402.    202.      0.      0.    209.     0.     0.   1.00     81.      0.      0.      0.      0.      0.
   24  72      0.      0.      0.      0.      0.      0.   0.00   0.00   1.00   0.41   0.09    100.   2006.    178.    875.    512.    528.    201.    414.    214.      0.      0.    209.     0.     0.   1.00     81.      0.      0.      0.      0.      0.
   34  72      0.      0.      0.      0.      0.      0.   0.00   0.00   1.00   0.42   0.09    100.   2020.    178.    875.    514.    532.    202.    420.    220.      0.      0.    210.     0.     0.   1.00     81.      0.      0.      0.      0.      0.
   44  72      0.      0.      0.      0.      0.      0.   0.00   0.00   1.00   0.42   0.09    100.   2041.    178.    875.    516.    549.    204.    420.    220.      0.      0.    210.     0.     0.   1.00     81.      0.      0.      0.      0.      0.
   54  72      0.      0.      0.      0.      0.      0.   0.00   0.00   1.00   0.42   0.09    100.   2046.    178.    875.    517.    552.    205.    420.    220.      0.      0.    210.     0.     0.   1.00     81.      0.      0.      0.      0.      0.
   64  72      0.      0.      0.      0.      0.      0.   0.00   0.00   1.00   0.42   0.09    100.   2051.    178.    875.    519.    555.    205.    420.    220.      0.      0.    210.     0.     0.   1.00     81.      0.      0.      0.      0.      0.
   74  72      0.      0.      0.      0.      0.      0.   0.00   0.00   1.00   0.42   0.09    100.   2062.    178.    875.    522.    564.    206.    419.    219.      0.      0.    210.     0.     0.   1.00     81.      0.      0.      0.      0.      0.
   84  72      0.      0.      0.      0.      0.      0.   0.00   0.00   1.00   0.42   0.09    100.   2062.    178.    875.    525.    564.    206.    415.    215.      0.      0.    210.     0.     0.   1.00     81.      0.      0.      0.      0.      0.
   94  72      0.      0.      0.      0.      0.      0.   0.00   0.00   1.00   0.42   0.09    100.   2102.    178.    875.    531.    589.    210.    420.    220.      0.      0.    210.     0.     0.   1.00     81.      0.      0.      0.      0.      0.


Station=  WAGE , Soil=  2, Manage=  1, Rotat=  5 YrRot=  1 , NYear=  4 , NRot=  3 , Crop=  2, Irr.=  1, IOPT=  1,     Runof=0.10, CO2=550. , StYear=1969, StDay=  1

 Planting on day 100, 1972
 Crop emergence on day   0, 1972
 Wageningen, rotation 1, soil1, future                                           

 DAY  YEAR  WLVG    WLVD    WST    WSO     TAGB    TSUML    DVS    LAI  TRANRF  SMACT  SMACTL   RD    TRAIN   TIRR   TTRANS  TESOIL  TDRAIN  TRUNOF    WTOT   WAVT    WTOTL     WAVTL  WTOTLX  PARAB    PAR    NNI   NMINT  NMIN    NUPT     NFIX   NLIV   NLOSS  
  100  72      0.      0.      0.      0.      0.      0.   0.00   0.00   1.00   0.42   0.42     10.   2138.    178.    875.    537.    615.    214.     42.     22.    462.    242.    126.     0.     0.   1.00      0.     30.      0.      0.      0.      0.
  110  72      0.      0.      0.      0.      0.      0.   0.00   0.00   1.00   0.39   0.42     10.   2169.    178.    876.    550.    632.    217.     39.     19.    462.    242.    126.     0.    61.   1.00      0.     30.      0.      0.      0.      0.
  116  72      0.      0.      0.      0.      0.      0.   0.00   0.00   1.00   0.35   0.42     10.   2176.    178.    876.    559.    633.    218.     35.     15.    462.    242.    126.     0.   108.   1.00      0.     30.      0.      0.      0.      0.
  120  72      0.      0.      0.      0.      1.     16.   0.02   0.00   1.00   0.34   0.42     15.   2178.    178.    876.    564.    633.    218.     47.     19.    447.    234.    126.     0.   137.   1.00      3.     27.      0.      0.      0.      0.
  130  72      3.      0.      1.      0.      3.    131.   0.20   0.01   1.00   0.36   0.42     27.   2189.    178.    876.    578.    633.    219.     93.     42.    396.    208.    126.     0.   213.   1.00     10.     20.      0.      0.      0.      0.
  140  72      7.      0.      2.      0.     10.    213.   0.33   0.02   1.00   0.42   0.42     39.   2247.    178.    876.    597.    651.    225.    158.     83.    346.    181.    126.     0.   264.   1.00    102.     12.      0.      0.      0.      0.
  150  72     48.      0.     19.      0.     67.    335.   0.52   0.10   1.00   0.42   0.42     51.   2276.    178.    877.    622.    652.    228.    208.    109.    296.    155.    126.     3.   354.   1.00    107.      4.      3.      0.      3.      0.
  160  72    188.      0.    100.      0.    288.    458.   0.70   0.38   1.00   0.41   0.42     63.   2299.    178.    880.    642.    652.    230.    256.    132.    245.    128.    126.    12.   425.   1.00    103.      0.     11.      0.     11.      0.
  170  72    822.      0.    580.      0.   1402.    572.   0.88   1.64   1.00   0.40   0.42     75.   2315.    178.    892.    658.    652.    232.    293.    146.    195.    102.    126.    52.   521.   1.00     65.      0.     49.      0.     49.      0.
  180  72   1667.      0.   1387.     55.   3108.    709.   1.05   3.33   1.00   0.41   0.42     87.   2356.    178.    916.    664.    653.    236.    349.    178.    144.     76.    126.   111.   595.   1.00     32.      0.    110.      0.    110.      0.
  190  72   2341.     22.   2114.    589.   5067.    852.   1.15   4.68   1.00   0.41   0.42     99.   2386.    178.    941.    666.    657.    239.    396.    201.     94.     49.    126.   171.   660.   1.00    -23.      0.    165.      0.    164.      1.
  200  72   2797.    235.   2899.   2568.   8499.    997.   1.26   5.59   1.00   0.39   0.42    111.   2397.    178.    974.    667.    657.    240.    423.    204.     44.     23.    126.   269.   760.   1.00    -80.      0.    222.      0.    216.      6.
  210  72   2287.    924.   3194.   4540.  10944.   1164.   1.37   4.57   1.00   0.41   0.00    120.   2462.    178.   1005.    667.    657.    246.    493.    253.      0.      0.    126.   340.   833.   1.00   -107.      0.    249.      0.    227.     22.
  220  72   1708.   1614.   3416.   6424.  13162.   1317.   1.48   3.42   1.00   0.40   0.00    120.   2471.    178.   1028.    668.    657.    247.    477.    237.      0.      0.    126.   404.   902.   1.00   -122.      0.    264.      0.    226.     39.
  230  72   1286.   2149.   3114.   8362.  15440.   1475.   1.60   2.57   1.00   0.39   0.00    120.   2498.    178.   1053.    671.    657.    250.    474.    234.      0.      0.    126.   473.   980.   1.00   -127.      0.    269.      0.    206.     63.
  240  72   1015.   2507.   2686.   9852.  17174.   1602.   1.69   2.03   1.00   0.39   0.00    120.   2519.    178.   1069.    675.    657.    252.    473.    233.      0.      0.    126.   525.  1046.   1.00   -127.      0.    269.      0.    185.     84.
  250  72    827.   2793.   2333.  11571.  19145.   1730.   1.78   1.65   1.00   0.38   0.00    120.   2519.    178.   1087.    677.    657.    252.    453.    213.      0.      0.    126.   586.  1131.   1.00   -127.      0.    269.      0.    167.    102.
  260  72    658.   3013.   1966.  12465.  20154.   1851.   1.87   1.32   1.00   0.39   0.00    120.   2554.    178.   1096.    681.    657.    255.    471.    231.      0.      0.    126.   618.  1180.   1.00   -127.      0.    269.      0.    152.    116.
  270  72    567.   3161.   1661.  13475.  21281.   1941.   1.93   1.13   1.00   0.39   0.00    120.   2563.    178.   1103.    684.    657.    256.    469.    229.      0.      0.    126.   653.  1241.   1.00   -127.      0.    269.      0.    141.    128.
  280  72    484.   3284.   1394.  14193.  22079.   2028.   1.99   0.97   1.00   0.39   0.00    120.   2564.    178.   1109.    686.    657.    256.    462.    222.      0.      0.    126.   678.  1291.   1.00   -127.      0.    269.      0.    132.    137.
  283  72    465.   3311.   1348.  14351.  22255.   2050.   2.01   0.93   1.00   0.38   0.00    120.   2564.    178.   1111.    687.    657.    256.    460.    220.      0.      0.    126.   684.  1302.   1.00   -127.      0.    269.      0.    130.    139.
  289  72      0.      0.      0.      0.      0.      0.   0.00   0.00   1.00   0.38   0.00    120.   2564.    178.   1111.    687.    657.    256.    459.    219.      0.      0.    126.     0.     0.   1.00   -127.      0.      0.      0.      0.      0.
  299  72      0.      0.      0.      0.      0.      0.   0.00   0.00   1.00   0.39   0.00    120.   2580.    178.   1111.    689.    657.    258.    472.    232.      0.      0.    126.     0.     0.   1.00   -127.      0.      0.      0.      0.      0.
  309  72      0.      0.      0.      0.      0.      0.   0.00   0.00   1.00   0.40   0.00    120.   2588.    178.   1111.    690.    657.    259.    477.    237.      0.      0.    126.     0.     0.   1.00   -127.      0.      0.      0.      0.      0.
  319  72      0.      0.      0.      0.      0.      0.   0.00   0.00   1.00   0.42   0.00    120.   2633.    178.   1111.    693.    669.    263.    504.    264.      0.      0.    126.     0.     0.   1.00   -127.      0.      0.      0.      0.      0.
  329  72      0.      0.      0.      0.      0.      0.   0.00   0.00   1.00   0.42   0.00    120.   2663.    178.   1111.    694.    694.    266.    504.    264.      0.      0.    126.     0.     0.   1.00   -127.      0.      0.      0.      0.      0.
  339  72      0.      0.      0.      0.      0.      0.   0.00   0.00   1.00   0.42   0.00    120.   2666.    178.   1111.    695.    696.    267.    504.    264.      0.      0.    126.     0.     0.   1.00   -127.      0.      0.      0.      0.      0.
  349  72      0.      0.      0.      0.      0.      0.   0.00   0.00   1.00   0.42   0.00    120.   2685.    178.   1111.    696.    712.    269.    504.    264.      0.      0.    126.     0.     0.   1.00   -127.      0.      0.      0.      0.      0.
  359  72      0.      0.      0.      0.      0.      0.   0.00   0.00   1.00   0.42   0.00    120.   2685.    178.   1111.    697.    712.    269.    504.    264.      0.      0.    126.     0.     0.   1.00   -127.      0.      0.      0.      0.      0.
    1  73      0.      0.      0.      0.      0.      0.   0.00   0.00   1.00   0.42   0.00    120.   2685.    178.   1111.    697.    712.    269.    504.    264.      0.      0.    126.     0.     0.   1.00   -127.      0.      0.      0.      0.      0.


DATA-FILE  WARO1PTS.OUT


Name of run: WARO5


Station=  WAGE , Soil=  2, Manage=  1, Rotat=  6 YrRot=  1 , NYear=  4 , NRot=  3 , Crop=  2, Irr.=  2, IOPT=  2,     Runof=0.10, CO2=550. , StYear=1969, StDay=  1

 DAY  YEAR  WLVG    WLVD    WST    WSO     TAGB    TSUML    DVS    LAI  TRANRF  SMACT  SMACTL   RD    TRAIN   TIRR   TTRANS  TESOIL  TDRAIN  TRUNOF    WTOT   WAVT    WTOTL      WAVTL WTOTLX  PARAB    PAR    NNI   NMINT  NMIN    NUPT       NFIX   NLIV   NLOSS  
    1  69      0.      0.      0.      0.      0.      0.   0.00   0.00   1.00   0.37   0.37     10.   2685.    178.   1111.    697.    712.    269.    504.    264.      0.      0.    126.     0.     0.   1.00   -127.      0.      0.      0.      0.      0.
    3  69      0.      0.      0.      0.      0.      0.   0.00   0.00   1.00   0.40   0.37     10.      3.      0.      0.      0.      0.      0.     40.     20.    407.    187.    111.     0.     0.   1.00   -127.      0.      0.      0.      0.      0.
   13  69      0.      0.      0.      0.      0.      0.   0.00   0.00   1.00   0.40   0.37     10.      5.      0.      0.      1.      0.      0.     40.     20.    407.    187.    111.     0.     0.   1.00   -127.      0.      0.      0.      0.      0.
   23  69      0.      0.      0.      0.      0.      0.   0.00   0.00   1.00   0.42   0.39     10.     28.      0.      0.      3.      0.      3.     42.     22.    424.    204.    111.     0.     0.   1.00   -127.      0.      0.      0.      0.      0.
   33  69      0.      0.      0.      0.      0.      0.   0.00   0.00   1.00   0.42   0.39     10.     37.      0.      0.      6.      0.      4.     42.     22.    430.    210.    111.     0.     0.   1.00   -127.      0.      0.      0.      0.      0.
   43  69      0.      0.      0.      0.      0.      0.   0.00   0.00   1.00   0.42   0.40     10.     58.      0.      0.      9.      0.      6.     42.     22.    445.    225.    111.     0.     0.   1.00   -127.      0.      0.      0.      0.      0.
   53  69      0.      0.      0.      0.      0.      0.   0.00   0.00   1.00   0.42   0.42     10.     79.      0.      0.     10.      0.      8.     42.     22.    462.    242.    111.     0.     0.   1.00   -127.      0.      0.      0.      0.      0.
   63  69      0.      0.      0.      0.      0.      0.   0.00   0.00   1.00   0.40   0.42     10.     80.      0.      0.     13.      0.      8.     40.     20.    462.    242.    111.     0.     0.   1.00   -127.      0.      0.      0.      0.      0.
   73  69      0.      0.      0.      0.      0.      0.   0.00   0.00   1.00   0.42   0.42     10.    108.      0.      0.     17.      6.     11.     42.     22.    462.    242.    126.     0.     0.   1.00   -127.      0.      0.      0.      0.      0.
   83  69      0.      0.      0.      0.      0.      0.   0.00   0.00   1.00   0.39   0.42     10.    120.      0.      0.     24.     12.     12.     39.     19.    462.    242.    126.     0.     0.   1.00   -127.      0.      0.      0.      0.      0.
   93  69      0.      0.      0.      0.      0.      0.   0.00   0.00   1.00   0.40   0.42     10.    138.      0.      0.     30.     21.     14.     40.     20.    462.    242.    126.     0.     0.   1.00   -127.      0.      0.      0.      0.      0.


Station=  WAGE , Soil=  2, Manage=  1, Rotat=  6 YrRot=  1 , NYear=  4 , NRot=  3 , Crop=  2, Irr.=  2, IOPT=  2,     Runof=0.10, CO2=550. , StYear=1969, StDay=  1

 Planting on day 100, 1969
 Crop emergence on day   0, 1969
 Wageningen, rotation 2, soil1, future                                           

 DAY  YEAR  WLVG    WLVD    WST    WSO     TAGB    TSUML    DVS    LAI  TRANRF  SMACT  SMACTL   RD    TRAIN   TIRR   TTRANS  TESOIL  TDRAIN  TRUNOF    WTOT   WAVT    WTOTL     WAVTL  WTOTLX  PARAB    PAR    NNI   NMINT  NMIN    NUPT     NFIX   NLIV   NLOSS  
  100  69      0.      0.      0.      0.      0.      0.   0.00   0.00   1.00   0.31   0.42     10.    138.      0.      0.     39.     21.     14.     31.     11.    462.    242.    126.     0.     0.   1.00      0.     30.      0.      0.      0.      0.
  110  69      0.      0.      0.      0.      0.      0.   0.00   0.00   1.00   0.39   0.42     10.    184.      0.      0.     59.     35.     18.     39.     19.    462.    242.    126.     0.    60.   1.00      0.     30.      0.      0.      0.      0.
  116  69      0.      0.      0.      0.      0.      0.   0.00   0.00   1.00   0.39   0.42     10.    204.      0.      0.     69.     43.     20.     39.     19.    462.    242.    126.     0.    98.   1.00      0.     30.      0.      0.      0.      0.
  120  69      1.      0.      0.      0.      1.     36.   0.05   0.00   1.00   0.38   0.42     15.    212.      0.      0.     76.     46.     21.     51.     24.    447.    234.    126.     0.   131.   1.00      3.     27.      0.      0.      0.      0.
  130  69      3.      0.      1.      0.      4.    148.   0.23   0.01   1.00   0.37   0.42     27.    218.      0.      0.     90.     46.     22.     94.     42.    396.    208.    126.     0.   203.   1.00     10.     20.      0.      0.      0.      0.
  140  69     15.      0.      5.      0.     20.    273.   0.42   0.03   1.00   0.40   0.42     39.    257.      0.      0.    118.     46.     26.    151.     75.    346.    181.    126.     1.   271.   1.00    101.     12.      1.      0.      1.      0.
  150  69     85.      0.     40.      0.    125.    391.   0.60   0.17   1.00   0.39   0.42     51.    275.      0.      2.    140.     46.     28.    193.     94.    296.    155.    126.     5.   357.   1.00    105.      4.      5.      0.      5.      0.
  160  69    344.      0.    210.      0.    554.    500.   0.77   0.69   1.00   0.40   0.42     63.    316.      0.      8.    162.     54.     32.    245.    121.    245.    128.    126.    22.   434.   1.00     95.      0.     19.      0.     19.      0.
  170  69   1424.      0.   1132.      1.   2557.    668.   1.01   2.85   1.00   0.39   0.42     75.    331.     20.     37.    173.     54.     33.    287.    140.    195.    102.    126.    94.   552.   1.00     18.      0.     96.      0.     96.      0.
  180  69   2306.     19.   2053.    342.   4722.    809.   1.11   4.61   1.00   0.37   0.42     87.    346.     20.     64.    176.     54.     35.    321.    150.    144.     76.    126.   164.   628.   1.00    -18.      0.    160.      0.    160.      0.
  190  69   2806.    263.   2873.   1653.   7596.    961.   1.22   5.61   1.00   0.36   0.42     99.    365.     20.     97.    177.     54.     37.    355.    160.     94.     49.    126.   247.   713.   1.00    -78.      0.    220.      0.    214.      6.
  200  69   2612.    729.   3269.   3762.  10373.   1108.   1.33   5.22   1.00   0.35   0.42    111.    376.     20.    129.    177.     54.     38.    383.    164.     44.     23.    126.   325.   794.   1.00   -108.      0.    250.      0.    233.     17.
  210  69   1863.   1630.   3574.   6354.  13422.   1286.   1.46   3.73   0.85   0.35   0.00    120.    389.     40.    168.    179.     54.     39.    418.    178.      0.      0.    126.   415.   887.   1.00   -130.      0.    272.      0.    233.     39.
  220  69   1344.   2285.   3419.   8668.  16144.   1463.   1.58   2.69   0.81   0.33   0.00    120.    406.     40.    207.    182.     54.     41.    391.    151.      0.      0.    126.   501.   985.   1.00   -139.      0.    281.      0.    217.     64.
  230  69    978.   2740.   2939.  10186.  17913.   1637.   1.71   1.96   1.00   0.33   0.00    120.    436.     60.    240.    189.     54.     44.    398.    158.      0.      0.    126.   568.  1067.   1.00   -139.      0.    281.      0.    192.     89.
  240  69    756.   3024.   2484.  11269.  19149.   1776.   1.81   1.51   1.00   0.37   0.00    120.    512.     60.    257.    197.     54.     51.    442.    202.      0.      0.    126.   606.  1122.   1.00   -139.      0.    281.      0.    174.    107.
  250  69    602.   3241.   2099.  12397.  20417.   1910.   1.90   1.20   1.00   0.36   0.00    120.    518.     60.    270.    202.     54.     52.    429.    189.      0.      0.    126.   646.  1187.   1.00   -139.      0.    281.      0.    159.    123.
  260  69    474.   3420.   1797.  13309.  21431.   2058.   2.01   0.95   1.00   0.35   0.00    120.    519.     60.    282.    205.     54.     52.    414.    174.      0.      0.    126.   677.  1246.   1.00   -139.      0.    281.      0.    147.    134.
  269  69      0.      0.      0.      0.      0.      0.   0.00   0.00   1.00   0.35   0.00    120.    525.     60.    282.    210.     54.     52.    415.    175.      0.      0.    126.     0.     0.   1.00   -139.      0.      0.      0.      0.      0.
  279  69      0.      0.      0.      0.      0.      0.   0.00   0.00   1.00   0.35   0.00    120.    532.     60.    282.    215.     54.     53.    416.    176.      0.      0.    126.     0.     0.   1.00   -139.      0.      0.      0.      0.      0.
  289  69      0.      0.      0.      0.      0.      0.   0.00   0.00   1.00   0.35   0.00    120.    533.     60.    282.    217.     54.     53.    416.    176.      0.      0.    126.     0.     0.   1.00   -139.      0.      0.      0.      0.      0.
  299  69      0.      0.      0.      0.      0.      0.   0.00   0.00   1.00   0.35   0.00    120.    546.     60.    282.    221.     54.     55.    423.    183.      0.      0.    126.     0.     0.   1.00   -139.      0.      0.      0.      0.      0.
  309  69      0.      0.      0.      0.      0.      0.   0.00   0.00   1.00   0.36   0.00    120.    555.     60.    282.    223.     54.     55.    428.    188.      0.      0.    126.     0.     0.   1.00   -139.      0.      0.      0.      0.      0.
  319  69      0.      0.      0.      0.      0.      0.   0.00   0.00   1.00   0.38   0.00    120.    593.     60.    282.    227.     54.     59.    458.    218.      0.      0.    126.     0.     0.   1.00   -139.      0.      0.      0.      0.      0.
  329  69      0.      0.      0.      0.      0.      0.   0.00   0.00   1.00   0.39   0.00    120.    600.     60.    282.    230.     54.     60.    462.    222.      0.      0.    126.     0.     0.   1.00   -139.      0.      0.      0.      0.      0.
  339  69      0.      0.      0.      0.      0.      0.   0.00   0.00   1.00   0.39   0.00    120.    612.     60.    282.    230.     54.     61.    473.    233.      0.      0.    126.     0.     0.   1.00   -139.      0.      0.      0.      0.      0.
  349  69      0.      0.      0.      0.      0.      0.   0.00   0.00   1.00   0.40   0.00    120.    623.     60.    282.    230.     54.     62.    482.    242.      0.      0.    126.     0.     0.   1.00   -139.      0.      0.      0.      0.      0.
  359  69      0.      0.      0.      0.      0.      0.   0.00   0.00   1.00   0.42   0.00    120.    644.     60.    282.    231.     54.     64.    501.    261.      0.      0.    126.     0.     0.   1.00   -139.      0.      0.      0.      0.      0.
    4  70      0.      0.      0.      0.      0.      0.   0.00   0.00   1.00   0.42   0.00    120.    649.     60.    282.    231.     56.     65.    504.    264.      0.      0.    126.     0.     0.   1.00   -139.      0.      0.      0.      0.      0.
   14  70      0.      0.      0.      0.      0.      0.   0.00   0.00   1.00   0.42   0.00    120.    659.     60.    282.    232.     63.     66.    504.    264.      0.      0.    126.     0.     0.   1.00   -139.      0.      0.      0.      0.      0.
   24  70      0.      0.      0.      0.      0.      0.   0.00   0.00   1.00   0.42   0.00    120.    669.     60.    282.    232.     73.     67.    504.    264.      0.      0.    126.     0.     0.   1.00   -139.      0.      0.      0.      0.      0.
   34  70      0.      0.      0.      0.      0.      0.   0.00   0.00   1.00   0.42   0.00    120.    701.     60.    282.    233.    101.     70.    504.    264.      0.      0.    126.     0.     0.   1.00   -139.      0.      0.      0.      0.      0.
   44  70      0.      0.      0.      0.      0.      0.   0.00   0.00   1.00   0.42   0.00    120.    728.     60.    282.    235.    123.     73.    504.    264.      0.      0.    126.     0.     0.   1.00   -139.      0.      0.      0.      0.      0.
   54  70      0.      0.      0.      0.      0.      0.   0.00   0.00   1.00   0.42   0.00    120.    778.     60.    282.    237.    166.     78.    504.    264.      0.      0.    126.     0.     0.   1.00   -139.      0.      0.      0.      0.      0.
   64  70      0.      0.      0.      0.      0.      0.   0.00   0.00   1.00   0.42   0.00    120.    796.     60.    282.    240.    180.     80.    504.    264.      0.      0.    126.     0.     0.   1.00   -139.      0.      0.      0.      0.      0.
   74  70      0.      0.      0.      0.      0.      0.   0.00   0.00   1.00   0.42   0.00    120.    800.     60.    282.    241.    182.     80.    503.    263.      0.      0.    126.     0.     0.   1.00   -139.      0.      0.      0.      0.      0.
   84  70      0.      0.      0.      0.      0.      0.   0.00   0.00   1.00   0.42   0.00    120.    823.     60.    282.    245.    199.     82.    504.    264.      0.      0.    126.     0.     0.   1.00   -139.      0.      0.      0.      0.      0.
   94  70      0.      0.      0.      0.      0.      0.   0.00   0.00   1.00   0.42   0.00    120.    855.     60.    282.    252.    220.     85.    504.    264.      0.      0.    126.     0.     0.   1.00   -139.      0.      0.      0.      0.      0.
  104  70      0.      0.      0.      0.      0.      0.   0.00   0.00   1.00   0.42   0.00    120.    894.     60.    282.    259.    249.     89.    503.    263.      0.      0.    126.     0.     0.   1.00   -139.      0.      0.      0.      0.      0.
  114  70      0.      0.      0.      0.      0.      0.   0.00   0.00   1.00   0.42   0.00    120.    906.     60.    282.    265.    253.     91.    504.    264.      0.      0.    126.     0.     0.   1.00   -139.      0.      0.      0.      0.      0.
  116  70      0.      0.      0.      0.      0.      0.   0.00   0.00   1.00   0.42   0.00    120.    916.     60.    282.    267.    259.     92.    504.    264.      0.      0.    126.     0.     0.   1.00   -139.      0.      0.      0.      0.      0.


Station=  WAGE , Soil=  2, Manage=  1, Rotat=  6 YrRot=  2 , NYear=  4 , NRot=  3 , Crop=  3, Irr.=  2, IOPT=  2,     Runof=0.10, CO2=550. , StYear=1969, StDay=  1

 Planting on day 120, 1970
 Crop emergence on day   0, 1970
 Wageningen, rotation 2, soil1, future                                           

 DAY  YEAR  WLVG    WLVD    WST    WSO     TAGB    TSUML    DVS    LAI  TRANRF  SMACT  SMACTL   RD    TRAIN   TIRR   TTRANS  TESOIL  TDRAIN  TRUNOF    WTOT   WAVT    WTOTL     WAVTL  WTOTLX  PARAB    PAR    NNI   NMINT  NMIN    NUPT     NFIX   NLIV   NLOSS  
  120  70     19.      0.     11.      0.     30.      0.   0.00   0.05   1.00   0.42   0.42     10.    930.     60.    282.    272.    268.     93.     42.     22.    378.    198.    210.     0.     0.   1.00      0.     30.      0.      0.      2.      0.
  130  70     19.      0.     11.      0.     30.      0.   0.00   0.05   1.00   0.33   0.42     10.    936.     60.    283.    285.    268.     94.     33.     13.    378.    198.    210.     0.    84.   1.00      0.     30.      0.      0.      2.      0.
  131  70     19.      0.     11.      0.     30.      0.   0.00   0.05   1.00   0.32   0.42     10.    936.     60.    283.    286.    268.     94.     32.     12.    378.    198.    210.     0.    91.   1.00      0.     30.      0.      0.      2.      0.
  140  70     81.      0.     50.      0.    131.     89.   0.13   0.23   1.00   0.34   0.42     21.    943.     60.    285.    296.    268.     94.     67.     28.    338.    177.    210.     5.   163.   1.00     85.     23.      5.      0.      7.      0.
  150  70    289.      0.    177.      0.    465.    166.   0.24   0.65   1.00   0.35   0.42     33.    951.     60.    290.    306.    268.     95.    110.     46.    287.    150.    210.    20.   243.   1.00     78.     16.     20.      0.     22.      0.
  160  70   1142.      0.    730.      0.   1872.    283.   0.41   2.38   1.00   0.31   0.42     45.    952.     60.    311.    312.    268.     95.    134.     47.    237.    124.    210.    76.   355.   1.00     41.      8.     65.      0.     67.      0.
  170  70   2679.     32.   2455.      0.   5166.    415.   0.60   5.00   1.00   0.30   0.42     57.    961.     80.    350.    317.    268.     96.    169.     58.    186.     98.    210.   179.   473.   1.00    -36.      1.    150.      0.    152.      0.
  180  70   3415.    408.   4870.      0.   8692.    560.   0.81   5.87   1.00   0.28   0.42     69.    969.     80.    388.    317.    268.     97.    188.     53.    136.     71.    210.   270.   567.   1.00    -51.      0.    193.      0.    193.      2.
  190  70   3407.    836.   7052.      9.  11305.    683.   0.98   5.65   1.00   0.32   0.42     81.   1019.     80.    417.    318.    268.    102.    253.     94.     86.     45.    210.   333.   632.   1.00    -58.      0.    200.      0.    198.      4.
  200  70   2815.   1809.   8868.   1059.  14550.    799.   1.12   4.52   1.00   0.35   0.42     93.   1072.     80.    447.    319.    268.    107.    321.    138.     35.     18.    210.   406.   708.   1.00    -74.      0.    216.      0.    209.     10.
  210  70   2052.   2631.   9107.   3142.  16933.    914.   1.26   3.28   1.00   0.38   0.09    100.   1101.    100.    471.    322.    268.    110.    375.    175.      0.      0.    210.   459.   767.   1.00    -82.      0.    224.      0.    212.     14.
  220  70   1389.   3295.   9107.   6465.  20256.   1067.   1.43   2.22   1.00   0.35   0.09    100.   1108.    100.    499.    325.    268.    111.    351.    151.      0.      0.    210.   532.   857.   1.00    -85.      0.    227.      0.    211.     17.
  230  70    984.   3700.   8232.   8371.  22162.   1185.   1.57   1.57   1.00   0.37   0.09    100.   1131.    120.    516.    331.    268.    113.    368.    168.      0.      0.    210.   578.   925.   1.00    -85.      0.    227.      0.    206.     23.
  240  70    696.   3987.   6726.   9813.  23604.   1305.   1.71   1.11   1.00   0.35   0.09    100.   1140.    120.    530.    338.    268.    114.    355.    155.      0.      0.    210.   617.   996.   1.00    -85.      0.    227.      0.    199.     29.
  250  70    498.   4186.   5496.  10784.  24575.   1418.   1.84   0.79   1.00   0.34   0.09    100.   1143.    120.    542.    345.    268.    114.    339.    139.      0.      0.    210.   648.  1066.   1.00    -85.      0.    227.      0.    194.     35.
  260  70    358.   4326.   4491.  11081.  24872.   1526.   1.97   0.57   1.00   0.39   0.09    100.   1217.    120.    549.    357.    268.    122.    386.    186.      0.      0.    210.   662.  1107.   1.00    -85.      0.    227.      0.    190.     39.
  264  70    325.   4359.   4226.  11156.  24947.   1558.   2.00   0.52   1.00   0.38   0.09    100.   1217.    120.    551.    360.    268.    122.    382.    182.      0.      0.    210.   667.  1125.   1.00    -85.      0.    227.      0.    189.     40.
  269  70      0.      0.      0.      0.      0.      0.   0.00   0.00   1.00   0.38   0.09    100.   1217.    120.    551.    362.    268.    122.    380.    180.      0.      0.    210.     0.     0.   1.00    -85.      0.      0.      0.      0.      0.
  279  70      0.      0.      0.      0.      0.      0.   0.00   0.00   1.00   0.40   0.09    100.   1251.    120.    551.    370.    268.    125.    402.    202.      0.      0.    210.     0.     0.   1.00    -85.      0.      0.      0.      0.      0.
  289  70      0.      0.      0.      0.      0.      0.   0.00   0.00   1.00   0.40   0.09    100.   1254.    120.    551.    373.    268.    125.    402.    202.      0.      0.    210.     0.     0.   1.00    -85.      0.      0.      0.      0.      0.
  299  70      0.      0.      0.      0.      0.      0.   0.00   0.00   1.00   0.42   0.09    100.   1286.    120.    551.    377.    275.    129.    420.    220.      0.      0.    210.     0.     0.   1.00    -85.      0.      0.      0.      0.      0.
  309  70      0.      0.      0.      0.      0.      0.   0.00   0.00   1.00   0.42   0.09    100.   1349.    120.    551.    382.    326.    135.    420.    220.      0.      0.    210.     0.     0.   1.00    -85.      0.      0.      0.      0.      0.
  319  70      0.      0.      0.      0.      0.      0.   0.00   0.00   1.00   0.42   0.09    100.   1362.    120.    551.    386.    334.    136.    420.    220.      0.      0.    210.     0.     0.   1.00    -85.      0.      0.      0.      0.      0.
  329  70      0.      0.      0.      0.      0.      0.   0.00   0.00   1.00   0.42   0.09    100.   1385.    120.    551.    390.    351.    138.    420.    220.      0.      0.    210.     0.     0.   1.00    -85.      0.      0.      0.      0.      0.
  339  70      0.      0.      0.      0.      0.      0.   0.00   0.00   1.00   0.42   0.09    100.   1423.    120.    551.    392.    383.    142.    420.    220.      0.      0.    210.     0.     0.   1.00    -85.      0.      0.      0.      0.      0.
  349  70      0.      0.      0.      0.      0.      0.   0.00   0.00   1.00   0.42   0.09    100.   1432.    120.    551.    392.    391.    143.    420.    220.      0.      0.    210.     0.     0.   1.00    -85.      0.      0.      0.      0.      0.
  359  70      0.      0.      0.      0.      0.      0.   0.00   0.00   1.00   0.42   0.09    100.   1437.    120.    551.    392.    395.    144.    420.    220.      0.      0.    210.     0.     0.   1.00    -85.      0.      0.      0.      0.      0.
    4  71      0.      0.      0.      0.      0.      0.   0.00   0.00   1.00   0.42   0.09    100.   1443.    120.    551.    393.    400.    144.    420.    220.      0.      0.    210.     0.     0.   1.00    -85.      0.      0.      0.      0.      0.
   14  71      0.      0.      0.      0.      0.      0.   0.00   0.00   1.00   0.42   0.09    100.   1445.    120.    551.    393.    402.    144.    420.    220.      0.      0.    210.     0.     0.   1.00    -85.      0.      0.      0.      0.      0.
   24  71      0.      0.      0.      0.      0.      0.   0.00   0.00   1.00   0.42   0.09    100.   1470.    120.    551.    394.    423.    147.    420.    220.      0.      0.    210.     0.     0.   1.00    -85.      0.      0.      0.      0.      0.
   34  71      0.      0.      0.      0.      0.      0.   0.00   0.00   1.00   0.42   0.09    100.   1503.    120.    551.    397.    450.    150.    420.    220.      0.      0.    210.     0.     0.   1.00    -85.      0.      0.      0.      0.      0.
   44  71      0.      0.      0.      0.      0.      0.   0.00   0.00   1.00   0.42   0.09    100.   1510.    120.    551.    399.    455.    151.    420.    220.      0.      0.    210.     0.     0.   1.00    -85.      0.      0.      0.      0.      0.
   54  71      0.      0.      0.      0.      0.      0.   0.00   0.00   1.00   0.42   0.09    100.   1534.    120.    551.    401.    473.    153.    420.    220.      0.      0.    210.     0.     0.   1.00    -85.      0.      0.      0.      0.      0.
   64  71      0.      0.      0.      0.      0.      0.   0.00   0.00   1.00   0.42   0.09    100.   1538.    120.    551.    404.    475.    154.    420.    220.      0.      0.    210.     0.     0.   1.00    -85.      0.      0.      0.      0.      0.
   74  71      0.      0.      0.      0.      0.      0.   0.00   0.00   1.00   0.42   0.09    100.   1551.    120.    551.    408.    483.    155.    420.    220.      0.      0.    210.     0.     0.   1.00    -85.      0.      0.      0.      0.      0.
   84  71      0.      0.      0.      0.      0.      0.   0.00   0.00   1.00   0.42   0.09    100.   1571.    120.    551.    416.    492.    157.    420.    220.      0.      0.    210.     0.     0.   1.00    -85.      0.      0.      0.      0.      0.
   94  71      0.      0.      0.      0.      0.      0.   0.00   0.00   1.00   0.42   0.09    100.   1574.    120.    551.    421.    493.    157.    418.    218.      0.      0.    210.     0.     0.   1.00    -85.      0.      0.      0.      0.      0.


Station=  WAGE , Soil=  2, Manage=  1, Rotat=  6 YrRot=  3 , NYear=  4 , NRot=  3 , Crop=  6, Irr.=  2, IOPT=  2,     Runof=0.10, CO2=550. , StYear=1969, StDay=  1

 Planting on day 100, 1971
 Crop emergence on day   0, 1971
 Wageningen, rotation 2, soil1, future                                           

 DAY  YEAR  WLVG    WLVD    WST    WSO     TAGB    TSUML    DVS    LAI  TRANRF  SMACT  SMACTL   RD    TRAIN   TIRR   TTRANS  TESOIL  TDRAIN  TRUNOF    WTOT   WAVT    WTOTL     WAVTL  WTOTLX  PARAB    PAR    NNI   NMINT  NMIN    NUPT     NFIX   NLIV   NLOSS  
  100  71     11.      0.     11.      0.     22.      0.   0.00   0.03   1.00   0.41   0.42     10.   1574.    120.    551.    422.    493.    157.     41.     21.    376.    196.    209.     0.     0.   1.00      0.     30.      0.      0.      2.      0.
  110  71     11.      0.     11.      0.     22.      0.   0.00   0.03   1.00   0.39   0.42     10.   1578.    120.    552.    427.    493.    158.     39.     19.    376.    196.    209.     0.    79.   1.00      0.     30.      0.      0.      2.      0.
  120  71     29.      0.     28.      0.     58.    110.   0.13   0.12   1.00   0.40   0.42     22.   1593.    120.    553.    441.    493.    159.     83.     41.    331.    173.    209.     4.   152.   1.00      7.     22.      0.      1.      3.      0.
  130  71    143.      0.    125.      0.    268.    240.   0.29   0.50   1.00   0.37   0.42     34.   1600.    120.    558.    453.    493.    160.    123.     57.    281.    146.    209.    19.   256.   1.00     13.     15.      2.      9.     13.      0.
  140  71    859.      0.    659.      0.   1517.    416.   0.50   3.40   1.00   0.40   0.42     46.   1643.    120.    576.    464.    493.    164.    181.     92.    231.    120.    209.    78.   348.   1.00     95.      8.     11.     45.     58.      0.
  150  71   1671.    133.   1353.     44.   3202.    568.   0.68   6.83   1.00   0.39   0.42     58.   1661.    120.    602.    465.    493.    166.    221.    107.    181.     94.    209.   156.   428.   1.00     91.      0.     23.     94.    118.      1.
  160  71   2118.    792.   2520.    367.   5797.    750.   0.90   8.76   1.00   0.33   0.42     70.   1661.    120.    644.    465.    493.    166.    230.     93.    130.     68.    209.   259.   532.   1.00     78.      0.     36.    143.    172.      8.
  170  71   1855.   1445.   3223.    740.   7263.    900.   1.05   7.69   1.00   0.41   0.42     82.   1721.    140.    669.    465.    493.    172.    328.    167.     80.     42.    209.   320.   593.   1.00     74.      0.     40.    160.    186.     15.
  180  71   1586.   1991.   3962.   1740.   9278.   1063.   1.17   6.59   1.00   0.41   0.42     94.   1759.    140.    698.    465.    493.    176.    384.    198.     30.     16.    209.   391.   664.   1.00     95.      0.     47.    190.    217.     21.
  190  71   1238.   2493.   4836.   4384.  12952.   1251.   1.31   5.15   1.00   0.37   0.09    100.   1761.    140.    739.    465.    493.    176.    374.    174.      0.      0.    209.   502.   776.   1.00     81.      0.     61.    243.    279.     27.
  200  71    934.   2867.   5305.   6684.  15790.   1434.   1.45   3.89   1.00   0.34   0.09    100.   1761.    140.    775.    465.    493.    176.    338.    138.      0.      0.    209.   597.   873.   1.00     81.      0.     61.    243.    275.     31.
  210  71    656.   3154.   4858.   8203.  17386.   1627.   1.59   2.73   1.00   0.36   0.09    100.   1790.    160.    800.    467.    493.    179.    357.    157.      0.      0.    209.   660.   941.   1.00     81.      0.     61.    243.    268.     38.
  220  71    447.   3362.   3973.   9554.  18742.   1834.   1.74   1.86   1.00   0.35   0.09    100.   1814.    160.    830.    471.    493.    181.    346.    146.      0.      0.    209.   729.  1023.   1.00     81.      0.     61.    243.    258.     48.
  230  71    317.   3493.   3246.  10077.  19265.   2014.   1.88   1.32   1.00   0.35   0.09    100.   1825.    180.    847.    476.    493.    182.    353.    153.      0.      0.    209.   773.  1084.   1.00     81.      0.     61.    243.    251.     55.
  240  71    227.   3582.   2707.  10386.  19574.   2191.   2.01   0.95   1.00   0.35   0.09    100.   1853.    180.    864.    485.    493.    185.    352.    152.      0.      0.    209.   815.  1155.   1.00     81.      0.     61.    243.    245.     61.
  249  71      0.      0.      0.      0.      0.      0.   0.00   0.00   1.00   0.35   0.09    100.   1858.    180.    864.    491.    493.    186.    350.    150.      0.      0.    209.     0.     0.   1.00     81.      0.      0.      0.      0.      0.
  259  71      0.      0.      0.      0.      0.      0.   0.00   0.00   1.00   0.35   0.09    100.   1859.    180.    864.    494.    493.    186.    349.    149.      0.      0.    209.     0.     0.   1.00     81.      0.      0.      0.      0.      0.
  269  71      0.      0.      0.      0.      0.      0.   0.00   0.00   1.00   0.36   0.09    100.   1870.    180.    864.    497.    493.    187.    356.    156.      0.      0.    209.     0.     0.   1.00     81.      0.      0.      0.      0.      0.
  279  71      0.      0.      0.      0.      0.      0.   0.00   0.00   1.00   0.36   0.09    100.   1876.    180.    864.    500.    493.    188.    358.    158.      0.      0.    209.     0.     0.   1.00     81.      0.      0.      0.      0.      0.
  289  71      0.      0.      0.      0.      0.      0.   0.00   0.00   1.00   0.36   0.09    100.   1879.    180.    864.    502.    493.    188.    359.    159.      0.      0.    209.     0.     0.   1.00     81.      0.      0.      0.      0.      0.
  299  71      0.      0.      0.      0.      0.      0.   0.00   0.00   1.00   0.37   0.09    100.   1899.    180.    864.    505.    493.    190.    374.    174.      0.      0.    209.     0.     0.   1.00     81.      0.      0.      0.      0.      0.
  309  71      0.      0.      0.      0.      0.      0.   0.00   0.00   1.00   0.37   0.09    100.   1899.    180.    864.    506.    493.    190.    373.    173.      0.      0.    209.     0.     0.   1.00     81.      0.      0.      0.      0.      0.
  319  71      0.      0.      0.      0.      0.      0.   0.00   0.00   1.00   0.38   0.09    100.   1910.    180.    864.    507.    493.    191.    381.    181.      0.      0.    209.     0.     0.   1.00     81.      0.      0.      0.      0.      0.
  329  71      0.      0.      0.      0.      0.      0.   0.00   0.00   1.00   0.41   0.09    100.   1946.    180.    864.    509.    493.    195.    412.    212.      0.      0.    209.     0.     0.   1.00     81.      0.      0.      0.      0.      0.
  339  71      0.      0.      0.      0.      0.      0.   0.00   0.00   1.00   0.42   0.09    100.   1958.    180.    864.    510.    494.    196.    420.    220.      0.      0.    210.     0.     0.   1.00     81.      0.      0.      0.      0.      0.
  349  71      0.      0.      0.      0.      0.      0.   0.00   0.00   1.00   0.42   0.09    100.   1964.    180.    864.    510.    499.    196.    420.    220.      0.      0.    210.     0.     0.   1.00     81.      0.      0.      0.      0.      0.
  359  71      0.      0.      0.      0.      0.      0.   0.00   0.00   1.00   0.42   0.09    100.   1985.    180.    864.    510.    517.    199.    420.    220.      0.      0.    210.     0.     0.   1.00     81.      0.      0.      0.      0.      0.
    4  72      0.      0.      0.      0.      0.      0.   0.00   0.00   1.00   0.42   0.09    100.   1987.    180.    864.    511.    518.    199.    420.    220.      0.      0.    210.     0.     0.   1.00     81.      0.      0.      0.      0.      0.
   14  72      0.      0.      0.      0.      0.      0.   0.00   0.00   1.00   0.42   0.09    100.   1992.    180.    864.    511.    523.    199.    420.    220.      0.      0.    210.     0.     0.   1.00     81.      0.      0.      0.      0.      0.
   24  72      0.      0.      0.      0.      0.      0.   0.00   0.00   1.00   0.42   0.09    100.   2006.    180.    864.    512.    535.    201.    420.    220.      0.      0.    210.     0.     0.   1.00     81.      0.      0.      0.      0.      0.
   34  72      0.      0.      0.      0.      0.      0.   0.00   0.00   1.00   0.42   0.09    100.   2020.    180.    864.    513.    546.    202.    420.    220.      0.      0.    210.     0.     0.   1.00     81.      0.      0.      0.      0.      0.
   44  72      0.      0.      0.      0.      0.      0.   0.00   0.00   1.00   0.42   0.09    100.   2041.    180.    864.    515.    563.    204.    420.    220.      0.      0.    210.     0.     0.   1.00     81.      0.      0.      0.      0.      0.
   54  72      0.      0.      0.      0.      0.      0.   0.00   0.00   1.00   0.42   0.09    100.   2046.    180.    864.    516.    566.    205.    420.    220.      0.      0.    210.     0.     0.   1.00     81.      0.      0.      0.      0.      0.
   64  72      0.      0.      0.      0.      0.      0.   0.00   0.00   1.00   0.42   0.09    100.   2051.    180.    864.    518.    569.    205.    420.    220.      0.      0.    210.     0.     0.   1.00     81.      0.      0.      0.      0.      0.
   74  72      0.      0.      0.      0.      0.      0.   0.00   0.00   1.00   0.42   0.09    100.   2062.    180.    864.    521.    577.    206.    419.    219.      0.      0.    210.     0.     0.   1.00     81.      0.      0.      0.      0.      0.
   84  72      0.      0.      0.      0.      0.      0.   0.00   0.00   1.00   0.42   0.09    100.   2062.    180.    864.    524.    577.    206.    415.    215.      0.      0.    210.     0.     0.   1.00     81.      0.      0.      0.      0.      0.
   94  72      0.      0.      0.      0.      0.      0.   0.00   0.00   1.00   0.42   0.09    100.   2102.    180.    864.    530.    603.    210.    420.    220.      0.      0.    210.     0.     0.   1.00     81.      0.      0.      0.      0.      0.


Station=  WAGE , Soil=  2, Manage=  1, Rotat=  6 YrRot=  1 , NYear=  4 , NRot=  3 , Crop=  2, Irr.=  2, IOPT=  2,     Runof=0.10, CO2=550. , StYear=1969, StDay=  1

 Planting on day 100, 1972
 Crop emergence on day   0, 1972
 Wageningen, rotation 2, soil1, future                                           

 DAY  YEAR  WLVG    WLVD    WST    WSO     TAGB    TSUML    DVS    LAI  TRANRF  SMACT  SMACTL   RD    TRAIN   TIRR   TTRANS  TESOIL  TDRAIN  TRUNOF    WTOT   WAVT    WTOTL     WAVTL  WTOTLX  PARAB    PAR    NNI   NMINT  NMIN    NUPT     NFIX   NLIV   NLOSS  
  100  72      0.      0.      0.      0.      0.      0.   0.00   0.00   1.00   0.42   0.42     10.   2138.    180.    864.    536.    629.    214.     42.     22.    462.    242.    126.     0.     0.   1.00      0.     30.      0.      0.      0.      0.
  110  72      0.      0.      0.      0.      0.      0.   0.00   0.00   1.00   0.39   0.42     10.   2169.    180.    865.    549.    645.    217.     39.     19.    462.    242.    126.     0.    61.   1.00      0.     30.      0.      0.      0.      0.
  116  72      0.      0.      0.      0.      0.      0.   0.00   0.00   1.00   0.35   0.42     10.   2176.    180.    865.    559.    647.    218.     35.     15.    462.    242.    126.     0.   108.   1.00      0.     30.      0.      0.      0.      0.
  120  72      0.      0.      0.      0.      1.     16.   0.02   0.00   1.00   0.34   0.42     15.   2178.    180.    865.    563.    647.    218.     47.     19.    447.    234.    126.     0.   137.   1.00      3.     27.      0.      0.      0.      0.
  130  72      3.      0.      1.      0.      3.    131.   0.20   0.01   1.00   0.36   0.42     27.   2189.    180.    865.    578.    647.    219.     93.     42.    396.    208.    126.     0.   213.   1.00     10.     20.      0.      0.      0.      0.
  140  72      7.      0.      2.      0.     10.    213.   0.33   0.02   1.00   0.42   0.42     39.   2247.    180.    865.    597.    665.    225.    158.     83.    346.    181.    126.     0.   264.   1.00    102.     12.      0.      0.      0.      0.
  150  72     48.      0.     19.      0.     67.    335.   0.52   0.10   1.00   0.42   0.42     51.   2276.    180.    866.    621.    666.    228.    208.    109.    296.    155.    126.     3.   354.   1.00    107.      4.      3.      0.      3.      0.
  160  72    188.      0.    100.      0.    288.    458.   0.70   0.38   1.00   0.41   0.42     63.   2299.    180.    869.    641.    666.    230.    256.    132.    245.    128.    126.    12.   425.   1.00    103.      0.     11.      0.     11.      0.
  170  72    822.      0.    580.      0.   1402.    572.   0.88   1.64   1.00   0.41   0.42     75.   2315.    200.    881.    660.    672.    232.    304.    157.    195.    102.    126.    52.   521.   1.00     65.      0.     49.      0.     49.      0.
  180  72   1667.      0.   1387.     55.   3108.    709.   1.05   3.33   1.00   0.41   0.42     87.   2356.    200.    905.    667.    684.    236.    349.    178.    144.     76.    126.   111.   595.   1.00     32.      0.    110.      0.    110.      0.
  190  72   2341.     22.   2114.    589.   5067.    852.   1.15   4.68   1.00   0.41   0.42     99.   2386.    200.    929.    669.    688.    239.    396.    201.     94.     49.    126.   171.   660.   1.00    -23.      0.    165.      0.    164.      1.
  200  72   2797.    235.   2899.   2568.   8499.    997.   1.26   5.59   1.00   0.39   0.42    111.   2397.    200.    963.    669.    688.    240.    423.    204.     44.     23.    126.   269.   760.   1.00    -80.      0.    222.      0.    216.      6.
  210  72   2287.    924.   3194.   4540.  10944.   1164.   1.37   4.57   1.00   0.42   0.00    120.   2462.    220.    994.    670.    697.    246.    504.    264.      0.      0.    126.   340.   833.   1.00   -107.      0.    249.      0.    227.     22.
  220  72   1708.   1614.   3416.   6424.  13162.   1317.   1.48   3.42   1.00   0.40   0.00    120.   2471.    220.   1017.    671.    699.    247.    485.    245.      0.      0.    126.   404.   902.   1.00   -122.      0.    264.      0.    226.     39.
  230  72   1286.   2149.   3114.   8362.  15440.   1475.   1.60   2.57   1.00   0.41   0.00    120.   2498.    240.   1041.    674.    709.    250.    492.    252.      0.      0.    126.   473.   980.   1.00   -127.      0.    269.      0.    206.     63.
  240  72   1015.   2507.   2686.   9852.  17174.   1602.   1.69   2.03   1.00   0.41   0.00    120.   2519.    240.   1058.    678.    709.    252.    491.    251.      0.      0.    126.   525.  1046.   1.00   -127.      0.    269.      0.    185.     84.
  250  72    827.   2793.   2333.  11571.  19145.   1730.   1.78   1.65   1.00   0.39   0.00    120.   2519.    240.   1076.    680.    709.    252.    472.    232.      0.      0.    126.   586.  1131.   1.00   -127.      0.    269.      0.    167.    102.
  260  72    658.   3013.   1966.  12465.  20154.   1851.   1.87   1.32   1.00   0.41   0.00    120.   2554.    240.   1085.    685.    709.    255.    489.    249.      0.      0.    126.   618.  1180.   1.00   -127.      0.    269.      0.    152.    116.
  270  72    567.   3161.   1661.  13475.  21281.   1941.   1.93   1.13   1.00   0.41   0.00    120.   2563.    240.   1092.    688.    709.    256.    488.    248.      0.      0.    126.   653.  1241.   1.00   -127.      0.    269.      0.    141.    128.
  280  72    484.   3284.   1394.  14193.  22079.   2028.   1.99   0.97   1.00   0.40   0.00    120.   2564.    240.   1098.    689.    709.    256.    480.    240.      0.      0.    126.   678.  1291.   1.00   -127.      0.    269.      0.    132.    137.
  283  72    465.   3311.   1348.  14351.  22255.   2050.   2.01   0.93   1.00   0.40   0.00    120.   2564.    240.   1100.    690.    709.    256.    478.    238.      0.      0.    126.   684.  1302.   1.00   -127.      0.    269.      0.    130.    139.
  289  72      0.      0.      0.      0.      0.      0.   0.00   0.00   1.00   0.40   0.00    120.   2564.    240.   1100.    690.    709.    256.    478.    238.      0.      0.    126.     0.     0.   1.00   -127.      0.      0.      0.      0.      0.
  299  72      0.      0.      0.      0.      0.      0.   0.00   0.00   1.00   0.41   0.00    120.   2580.    240.   1100.    692.    709.    258.    490.    250.      0.      0.    126.     0.     0.   1.00   -127.      0.      0.      0.      0.      0.
  309  72      0.      0.      0.      0.      0.      0.   0.00   0.00   1.00   0.41   0.00    120.   2588.    240.   1100.    693.    709.    259.    495.    255.      0.      0.    126.     0.     0.   1.00   -127.      0.      0.      0.      0.      0.
  319  72      0.      0.      0.      0.      0.      0.   0.00   0.00   1.00   0.42   0.00    120.   2633.    240.   1100.    696.    739.    263.    504.    264.      0.      0.    126.     0.     0.   1.00   -127.      0.      0.      0.      0.      0.
  329  72      0.      0.      0.      0.      0.      0.   0.00   0.00   1.00   0.42   0.00    120.   2663.    240.   1100.    697.    764.    266.    504.    264.      0.      0.    126.     0.     0.   1.00   -127.      0.      0.      0.      0.      0.
  339  72      0.      0.      0.      0.      0.      0.   0.00   0.00   1.00   0.42   0.00    120.   2666.    240.   1100.    698.    766.    267.    504.    264.      0.      0.    126.     0.     0.   1.00   -127.      0.      0.      0.      0.      0.
  349  72      0.      0.      0.      0.      0.      0.   0.00   0.00   1.00   0.42   0.00    120.   2685.    240.   1100.    700.    782.    269.    504.    264.      0.      0.    126.     0.     0.   1.00   -127.      0.      0.      0.      0.      0.
  359  72      0.      0.      0.      0.      0.      0.   0.00   0.00   1.00   0.42   0.00    120.   2685.    240.   1100.    700.    782.    269.    504.    264.      0.      0.    126.     0.     0.   1.00   -127.      0.      0.      0.      0.      0.
    1  73      0.      0.      0.      0.      0.      0.   0.00   0.00   1.00   0.42   0.00    120.   2685.    240.   1100.    700.    782.    269.    504.    264.      0.      0.    126.     0.     0.   1.00   -127.      0.      0.      0.      0.      0.


DATA-FILE  WARO1PTS.OUT


Name of run: WARO6


Station=  WAGE , Soil=  2, Manage=  2, Rotat=  7 YrRot=  1 , NYear=  4 , NRot=  3 , Crop=  2, Irr.=  0, IOPT=  3,     Runof=0.10, CO2=550. , StYear=1969, StDay=  1

 DAY  YEAR  WLVG    WLVD    WST    WSO     TAGB    TSUML    DVS    LAI  TRANRF  SMACT  SMACTL   RD    TRAIN   TIRR   TTRANS  TESOIL  TDRAIN  TRUNOF    WTOT   WAVT    WTOTL      WAVTL WTOTLX  PARAB    PAR    NNI   NMINT  NMIN    NUPT       NFIX   NLIV   NLOSS  
    1  69      0.      0.      0.      0.      0.      0.   0.00   0.00   1.00   0.37   0.37     10.   2685.    240.   1100.    700.    782.    269.    504.    264.      0.      0.    126.     0.     0.   1.00   -127.      0.      0.      0.      0.      0.
    3  69      0.      0.      0.      0.      0.      0.   0.00   0.00   1.00   0.40   0.37     10.      3.      0.      0.      0.      0.      0.     40.     20.    407.    187.    111.     0.     0.   1.00   -127.      0.      0.      0.      0.      0.
   13  69      0.      0.      0.      0.      0.      0.   0.00   0.00   1.00   0.40   0.37     10.      5.      0.      0.      1.      0.      0.     40.     20.    407.    187.    111.     0.     0.   1.00   -127.      0.      0.      0.      0.      0.
   23  69      0.      0.      0.      0.      0.      0.   0.00   0.00   1.00   0.42   0.39     10.     28.      0.      0.      3.      0.      3.     42.     22.    424.    204.    111.     0.     0.   1.00   -127.      0.      0.      0.      0.      0.
   33  69      0.      0.      0.      0.      0.      0.   0.00   0.00   1.00   0.42   0.39     10.     37.      0.      0.      6.      0.      4.     42.     22.    430.    210.    111.     0.     0.   1.00   -127.      0.      0.      0.      0.      0.
   43  69      0.      0.      0.      0.      0.      0.   0.00   0.00   1.00   0.42   0.40     10.     58.      0.      0.      9.      0.      6.     42.     22.    445.    225.    111.     0.     0.   1.00   -127.      0.      0.      0.      0.      0.
   53  69      0.      0.      0.      0.      0.      0.   0.00   0.00   1.00   0.42   0.42     10.     79.      0.      0.     10.      0.      8.     42.     22.    462.    242.    111.     0.     0.   1.00   -127.      0.      0.      0.      0.      0.
   63  69      0.      0.      0.      0.      0.      0.   0.00   0.00   1.00   0.40   0.42     10.     80.      0.      0.     13.      0.      8.     40.     20.    462.    242.    111.     0.     0.   1.00   -127.      0.      0.      0.      0.      0.
   73  69      0.      0.      0.      0.      0.      0.   0.00   0.00   1.00   0.42   0.42     10.    108.      0.      0.     17.      6.     11.     42.     22.    462.    242.    126.     0.     0.   1.00   -127.      0.      0.      0.      0.      0.
   83  69      0.      0.      0.      0.      0.      0.   0.00   0.00   1.00   0.39   0.42     10.    120.      0.      0.     24.     12.     12.     39.     19.    462.    242.    126.     0.     0.   1.00   -127.      0.      0.      0.      0.      0.
   93  69      0.      0.      0.      0.      0.      0.   0.00   0.00   1.00   0.40   0.42     10.    138.      0.      0.     30.     21.     14.     40.     20.    462.    242.    126.     0.     0.   1.00   -127.      0.      0.      0.      0.      0.


Station=  WAGE , Soil=  2, Manage=  2, Rotat=  7 YrRot=  1 , NYear=  4 , NRot=  3 , Crop=  2, Irr.=  0, IOPT=  3,     Runof=0.10, CO2=550. , StYear=1969, StDay=  1

 Planting on day 100, 1969
 Crop emergence on day   0, 1969
 Wageningen, rotation 3, soil1, future                                           

 DAY  YEAR  WLVG    WLVD    WST    WSO     TAGB    TSUML    DVS    LAI  TRANRF  SMACT  SMACTL   RD    TRAIN   TIRR   TTRANS  TESOIL  TDRAIN  TRUNOF    WTOT   WAVT    WTOTL     WAVTL  WTOTLX  PARAB    PAR    NNI   NMINT  NMIN    NUPT     NFIX   NLIV   NLOSS  
  100  69      0.      0.      0.      0.      0.      0.   0.00   0.00   1.00   0.31   0.42     10.    138.      0.      0.     39.     21.     14.     31.     11.    462.    242.    126.     0.     0.   0.00      0.     30.      0.      0.      0.      0.
  110  69      0.      0.      0.      0.      0.      0.   0.00   0.00   1.00   0.39   0.42     10.    184.      0.      0.     59.     35.     18.     39.     19.    462.    242.    126.     0.    60.   0.00      0.     30.      0.      0.      0.      0.
  116  69      0.      0.      0.      0.      0.      0.   0.00   0.00   1.00   0.39   0.42     10.    204.      0.      0.     69.     43.     20.     39.     19.    462.    242.    126.     0.    98.   1.00      0.     30.      0.      0.      0.      0.
  120  69      1.      0.      0.      0.      1.     36.   0.05   0.00   1.00   0.38   0.42     15.    212.      0.      0.     76.     46.     21.     51.     24.    447.    234.    126.     0.   131.   0.76      3.     27.      0.      0.      0.      0.
  130  69      2.      0.      1.      0.      3.    148.   0.23   0.01   1.00   0.37   0.42     27.    218.      0.      0.     90.     46.     22.     94.     42.    396.    208.    126.     0.   203.   0.64     10.     20.      0.      0.      0.      0.
  140  69      6.      0.      4.      0.     10.    273.   0.42   0.01   1.00   0.40   0.42     39.    257.      0.      0.    118.     46.     26.    151.     75.    346.    181.    126.     1.   271.   0.89    130.     12.      0.      0.      0.      0.
  150  69     19.      2.     17.      0.     38.    391.   0.60   0.04   1.00   0.39   0.42     51.    275.      0.      1.    141.     46.     28.    193.     94.    296.    155.    126.     2.   357.   0.72    136.      4.      1.      0.      1.      0.
  160  69     53.      5.     56.      0.    114.    500.   0.77   0.10   1.00   0.40   0.42     63.    316.      0.      2.    166.     55.     32.    246.    123.    245.    128.    126.     5.   434.   0.63    138.      0.      4.      0.      4.      0.
  170  69    166.     19.    244.      0.    429.    668.   1.01   0.29   1.00   0.38   0.42     75.    331.      0.      7.    190.     55.     33.    280.    133.    195.    102.    126.    17.   552.   0.89    183.      0.     15.      0.     14.      0.
  180  69    340.     40.    519.     98.    998.    809.   1.11   0.61   1.00   0.37   0.42     87.    346.      0.     14.    209.     55.     35.    318.    147.    144.     76.    126.    36.   628.   0.80    168.      0.     30.      0.     29.      1.
  190  69    566.     75.    905.    663.   2208.    961.   1.22   1.03   1.00   0.37   0.42     99.    365.      0.     28.    222.     55.     37.    359.    164.     94.     49.    126.    72.   713.   0.90    145.      0.     53.      0.     52.      2.
  200  69    631.    147.   1134.   1833.   3744.   1108.   1.33   1.16   1.00   0.36   0.42    111.    376.      0.     45.    232.     55.     38.    391.    172.     44.     23.    126.   116.   794.   0.93    127.      0.     71.      0.     68.      4.
  210  69    466.    387.   1300.   3205.   5358.   1286.   1.46   0.86   0.84   0.35   0.00    120.    389.      0.     66.    243.     55.     39.    415.    175.      0.      0.    126.   164.   887.   0.92    111.      0.     87.      0.     78.      9.
  220  69    322.    581.   1268.   4200.   6528.   1463.   1.58   0.60   0.84   0.33   0.00    120.    406.      0.     84.    259.     55.     41.    396.    156.      0.      0.    126.   203.   985.   0.55    105.      0.     93.      0.     76.     17.
  230  69    163.    754.   1082.   4594.   6989.   1637.   1.71   0.32   1.00   0.32   0.00    120.    436.      0.     96.    282.     55.     44.    389.    149.      0.      0.    126.   226.  1067.   0.22    105.      0.     93.      0.     67.     26.
  240  69     76.    842.    890.   4651.   7054.   1776.   1.81   0.18   1.00   0.36   0.00    120.    512.      0.    100.    303.     55.     51.    432.    192.      0.      0.    126.   235.  1122.   0.10    105.      0.     93.      0.     61.     32.
  250  69     34.    885.    728.   4659.   7063.   1910.   1.90   0.10   1.00   0.35   0.00    120.    518.      0.    103.    314.     55.     52.    424.    184.      0.      0.    126.   241.  1187.   0.04    105.      0.     93.      0.     57.     37.
  256  69     20.    898.    645.   4659.   7063.   2007.   1.97   0.07   1.00   0.35   0.00    120.    518.      0.    104.    319.     55.     52.    419.    179.      0.      0.    126.   244.  1229.   0.03    105.      0.     93.      0.     54.     39.
  256  69      0.      0.      0.      0.      0.      0.   0.00   0.00   1.00   0.35   0.00    120.    518.      0.    104.    319.     55.     52.    418.    178.      0.      0.    126.     0.     0.   1.00    105.      0.      0.      0.      0.      0.
  258  69      0.      0.      0.      0.      0.      0.   0.00   0.00   1.00   0.35   0.00    120.    518.      0.    104.    321.     55.     52.    416.    176.      0.      0.    126.     0.     0.   1.00    105.      0.      0.      0.      0.      0.
  268  69      0.      0.      0.      0.      0.      0.   0.00   0.00   1.00   0.35   0.00    120.    524.      0.    104.    328.     55.     52.    414.    174.      0.      0.    126.     0.     0.   1.00    105.      0.      0.      0.      0.      0.
  278  69      0.      0.      0.      0.      0.      0.   0.00   0.00   1.00   0.34   0.00    120.    531.      0.    104.    336.     55.     53.    413.    173.      0.      0.    126.     0.     0.   1.00    105.      0.      0.      0.      0.      0.
  288  69      0.      0.      0.      0.      0.      0.   0.00   0.00   1.00   0.34   0.00    120.    532.      0.    104.    338.     55.     53.    412.    172.      0.      0.    126.     0.     0.   1.00    105.      0.      0.      0.      0.      0.
  298  69      0.      0.      0.      0.      0.      0.   0.00   0.00   1.00   0.35   0.00    120.    544.      0.    104.    344.     55.     54.    416.    176.      0.      0.    126.     0.     0.   1.00    105.      0.      0.      0.      0.      0.
  308  69      0.      0.      0.      0.      0.      0.   0.00   0.00   1.00   0.34   0.00    120.    546.      0.    104.    349.     55.     55.    413.    173.      0.      0.    126.     0.     0.   1.00    105.      0.      0.      0.      0.      0.
  318  69      0.      0.      0.      0.      0.      0.   0.00   0.00   1.00   0.37   0.00    120.    592.      0.    104.    357.     55.     59.    446.    206.      0.      0.    126.     0.     0.   1.00    105.      0.      0.      0.      0.      0.
  328  69      0.      0.      0.      0.      0.      0.   0.00   0.00   1.00   0.37   0.00    120.    598.      0.    104.    361.     55.     60.    448.    208.      0.      0.    126.     0.     0.   1.00    105.      0.      0.      0.      0.      0.
  338  69      0.      0.      0.      0.      0.      0.   0.00   0.00   1.00   0.38   0.00    120.    611.      0.    104.    361.     55.     61.    459.    219.      0.      0.    126.     0.     0.   1.00    105.      0.      0.      0.      0.      0.
  348  69      0.      0.      0.      0.      0.      0.   0.00   0.00   1.00   0.39   0.00    120.    615.      0.    104.    362.     55.     62.    463.    223.      0.      0.    126.     0.     0.   1.00    105.      0.      0.      0.      0.      0.
  358  69      0.      0.      0.      0.      0.      0.   0.00   0.00   1.00   0.40   0.00    120.    640.      0.    104.    363.     55.     64.    483.    243.      0.      0.    126.     0.     0.   1.00    105.      0.      0.      0.      0.      0.
    3  70      0.      0.      0.      0.      0.      0.   0.00   0.00   1.00   0.41   0.00    120.    647.      0.    104.    364.     55.     65.    490.    250.      0.      0.    126.     0.     0.   1.00    105.      0.      0.      0.      0.      0.
   13  70      0.      0.      0.      0.      0.      0.   0.00   0.00   1.00   0.41   0.00    120.    658.      0.    104.    365.     55.     66.    497.    257.      0.      0.    126.     0.     0.   1.00    105.      0.      0.      0.      0.      0.
   23  70      0.      0.      0.      0.      0.      0.   0.00   0.00   1.00   0.42   0.00    120.    665.      0.    104.    366.     55.     67.    504.    264.      0.      0.    126.     0.     0.   1.00    105.      0.      0.      0.      0.      0.
   33  70      0.      0.      0.      0.      0.      0.   0.00   0.00   1.00   0.42   0.00    120.    690.      0.    104.    367.     75.     69.    504.    264.      0.      0.    126.     0.     0.   1.00    105.      0.      0.      0.      0.      0.
   43  70      0.      0.      0.      0.      0.      0.   0.00   0.00   1.00   0.42   0.00    120.    725.      0.    104.    370.    103.     72.    504.    264.      0.      0.    126.     0.     0.   1.00    105.      0.      0.      0.      0.      0.
   53  70      0.      0.      0.      0.      0.      0.   0.00   0.00   1.00   0.42   0.00    120.    766.      0.    104.    373.    138.     77.    504.    264.      0.      0.    126.     0.     0.   1.00    105.      0.      0.      0.      0.      0.
   63  70      0.      0.      0.      0.      0.      0.   0.00   0.00   1.00   0.42   0.00    120.    795.      0.    104.    378.    159.     80.    504.    264.      0.      0.    126.     0.     0.   1.00    105.      0.      0.      0.      0.      0.
   73  70      0.      0.      0.      0.      0.      0.   0.00   0.00   1.00   0.42   0.00    120.    799.      0.    104.    381.    160.     80.    503.    263.      0.      0.    126.     0.     0.   1.00    105.      0.      0.      0.      0.      0.
   83  70      0.      0.      0.      0.      0.      0.   0.00   0.00   1.00   0.42   0.00    120.    822.      0.    104.    387.    174.     82.    504.    264.      0.      0.    126.     0.     0.   1.00    105.      0.      0.      0.      0.      0.
   93  70      0.      0.      0.      0.      0.      0.   0.00   0.00   1.00   0.42   0.00    120.    853.      0.    104.    398.    192.     85.    503.    263.      0.      0.    126.     0.     0.   1.00    105.      0.      0.      0.      0.      0.
  103  70      0.      0.      0.      0.      0.      0.   0.00   0.00   1.00   0.42   0.00    120.    892.      0.    104.    411.    214.     89.    504.    264.      0.      0.    126.     0.     0.   1.00    105.      0.      0.      0.      0.      0.
  113  70      0.      0.      0.      0.      0.      0.   0.00   0.00   1.00   0.42   0.00    120.    901.      0.    104.    421.    214.     90.    501.    261.      0.      0.    126.     0.     0.   1.00    105.      0.      0.      0.      0.      0.
  116  70      0.      0.      0.      0.      0.      0.   0.00   0.00   1.00   0.42   0.00    120.    915.      0.    104.    427.    217.     91.    504.    264.      0.      0.    126.     0.     0.   1.00    105.      0.      0.      0.      0.      0.


Station=  WAGE , Soil=  2, Manage=  2, Rotat=  7 YrRot=  2 , NYear=  4 , NRot=  3 , Crop=  3, Irr.=  0, IOPT=  3,     Runof=0.10, CO2=550. , StYear=1969, StDay=  1

 Planting on day 120, 1970
 Crop emergence on day   0, 1970
 Wageningen, rotation 3, soil1, future                                           

 DAY  YEAR  WLVG    WLVD    WST    WSO     TAGB    TSUML    DVS    LAI  TRANRF  SMACT  SMACTL   RD    TRAIN   TIRR   TTRANS  TESOIL  TDRAIN  TRUNOF    WTOT   WAVT    WTOTL     WAVTL  WTOTLX  PARAB    PAR    NNI   NMINT  NMIN    NUPT     NFIX   NLIV   NLOSS  
  120  70     19.      0.     11.      0.     30.      0.   0.00   0.05   1.00   0.41   0.42     10.    929.      0.    104.    436.    223.     93.     41.     21.    378.    198.    210.     0.     0.   0.00      0.     30.      0.      0.      2.      0.
  130  70     19.      0.     11.      0.     30.      0.   0.00   0.05   1.00   0.32   0.42     10.    935.      0.    104.    450.    223.     94.     32.     12.    378.    198.    210.     0.    84.   0.00      0.     30.      0.      0.      2.      0.
  131  70     19.      0.     11.      0.     30.      0.   0.00   0.05   1.00   0.31   0.42     10.    935.      0.    104.    451.    223.     94.     31.     11.    378.    198.    210.     0.    91.   1.00      0.     30.      0.      0.      2.      0.
  140  70     65.      2.     52.      0.    119.     89.   0.13   0.19   1.00   0.34   0.42     21.    942.      0.    105.    461.    223.     94.     66.     27.    338.    177.    210.     4.   163.   0.93    114.     23.      4.      0.      6.      0.
  150  70    201.      9.    165.      0.    375.    166.   0.24   0.46   1.00   0.35   0.42     33.    950.      0.    109.    472.    223.     95.    109.     46.    287.    150.    210.    16.   243.   0.92    111.     16.     15.      0.     17.      0.
  160  70    728.     30.    640.      0.   1399.    283.   0.41   1.46   1.00   0.32   0.42     45.    951.      0.    125.    478.    223.     95.    138.     51.    237.    124.    210.    58.   355.   0.85     88.      8.     46.      0.     48.      0.
  170  70   1795.    101.   2138.      0.   4034.    415.   0.60   3.19   0.94   0.28   0.42     57.    960.      0.    156.    486.    223.     96.    158.     47.    186.     98.    210.   144.   473.   0.93     86.      1.    111.      0.    113.      1.
  180  70   2619.    214.   4266.      0.   7099.    560.   0.81   4.28   1.00   0.27   0.42     69.    968.      0.    188.    488.    223.     97.    181.     46.    136.     71.    210.   228.   567.   1.00     45.      0.    153.      0.    154.      1.
  190  70   2943.    294.   6366.      9.   9613.    683.   0.98   4.64   1.00   0.31   0.42     81.   1018.      0.    216.    490.    223.    102.    246.     87.     86.     45.    210.   288.   632.   1.00     37.      0.    161.      0.    161.      2.
  200  70   2482.   1124.   8126.   1024.  12756.    799.   1.12   3.79   1.00   0.34   0.42     93.   1071.      0.    245.    492.    223.    107.    314.    131.     35.     18.    210.   359.   708.   1.00     21.      0.    177.      0.    173.      6.
  210  70   1813.   1850.   8355.   3005.  15023.    914.   1.26   2.76   1.00   0.35   0.09    100.   1100.      0.    268.    495.    223.    110.    349.    149.      0.      0.    210.   409.   767.   1.00     12.      0.    186.      0.    178.     10.
  220  70   1227.   2437.   8355.   6095.  18114.   1067.   1.43   1.86   1.00   0.33   0.09    100.   1107.      0.    294.    499.    223.    111.    326.    126.      0.      0.    210.   477.   857.   1.00      9.      0.    189.      0.    178.     13.
  230  70    823.   2841.   7552.   7788.  19806.   1185.   1.57   1.27   1.00   0.32   0.09    100.   1130.      0.    309.    506.    223.    113.    324.    124.      0.      0.    210.   519.   925.   0.75      9.      0.    189.      0.    173.     18.
  240  70    484.   3179.   6170.   8821.  20839.   1305.   1.71   0.80   1.00   0.31   0.09    100.   1139.      0.    322.    514.    223.    114.    311.    111.      0.      0.    210.   551.   996.   0.52      9.      0.    189.      0.    166.     24.
  250  70    252.   3412.   5042.   9281.  21299.   1418.   1.84   0.49   1.00   0.30   0.09    100.   1142.      0.    330.    522.    223.    114.    297.     97.      0.      0.    210.   574.  1066.   0.26      9.      0.    189.      0.    161.     29.
  260  70    118.   3545.   4119.   9339.  21358.   1526.   1.97   0.30   1.00   0.34   0.09    100.   1216.      0.    335.    537.    223.    122.    344.    144.      0.      0.    210.   583.  1107.   0.12      9.      0.    189.      0.    157.     33.
  264  70     93.   3571.   3877.   9345.  21363.   1558.   2.00   0.26   1.00   0.34   0.09    100.   1216.      0.    336.    540.    223.    122.    340.    140.      0.      0.    210.   586.  1125.   0.10      9.      0.    189.      0.    157.     34.
  269  70      0.      0.      0.      0.      0.      0.   0.00   0.00   1.00   0.34   0.09    100.   1216.      0.    336.    542.    223.    122.    338.    138.      0.      0.    210.     0.     0.   1.00      9.      0.      0.      0.      0.      0.
  279  70      0.      0.      0.      0.      0.      0.   0.00   0.00   1.00   0.36   0.09    100.   1250.      0.    336.    552.    223.    125.    359.    159.      0.      0.    210.     0.     0.   1.00      9.      0.      0.      0.      0.      0.
  289  70      0.      0.      0.      0.      0.      0.   0.00   0.00   1.00   0.36   0.09    100.   1253.      0.    336.    555.    223.    125.    358.    158.      0.      0.    210.     0.     0.   1.00      9.      0.      0.      0.      0.      0.
  299  70      0.      0.      0.      0.      0.      0.   0.00   0.00   1.00   0.38   0.09    100.   1285.      0.    336.    560.    223.    128.    382.    182.      0.      0.    210.     0.     0.   1.00      9.      0.      0.      0.      0.      0.
  309  70      0.      0.      0.      0.      0.      0.   0.00   0.00   1.00   0.42   0.09    100.   1348.      0.    336.    566.    236.    135.    420.    220.      0.      0.    210.     0.     0.   1.00      9.      0.      0.      0.      0.      0.
  319  70      0.      0.      0.      0.      0.      0.   0.00   0.00   1.00   0.42   0.09    100.   1361.      0.    336.    571.    243.    136.    420.    220.      0.      0.    210.     0.     0.   1.00      9.      0.      0.      0.      0.      0.
  329  70      0.      0.      0.      0.      0.      0.   0.00   0.00   1.00   0.42   0.09    100.   1384.      0.    336.    575.    259.    138.    420.    220.      0.      0.    210.     0.     0.   1.00      9.      0.      0.      0.      0.      0.
  339  70      0.      0.      0.      0.      0.      0.   0.00   0.00   1.00   0.42   0.09    100.   1422.      0.    336.    577.    291.    142.    420.    220.      0.      0.    210.     0.     0.   1.00      9.      0.      0.      0.      0.      0.
  349  70      0.      0.      0.      0.      0.      0.   0.00   0.00   1.00   0.42   0.09    100.   1431.      0.    336.    578.    299.    143.    420.    220.      0.      0.    210.     0.     0.   1.00      9.      0.      0.      0.      0.      0.
  359  70      0.      0.      0.      0.      0.      0.   0.00   0.00   1.00   0.42   0.09    100.   1436.      0.    336.    578.    303.    144.    420.    220.      0.      0.    210.     0.     0.   1.00      9.      0.      0.      0.      0.      0.
    4  71      0.      0.      0.      0.      0.      0.   0.00   0.00   1.00   0.42   0.09    100.   1442.      0.    336.    578.    309.    144.    420.    220.      0.      0.    210.     0.     0.   1.00      9.      0.      0.      0.      0.      0.
   14  71      0.      0.      0.      0.      0.      0.   0.00   0.00   1.00   0.42   0.09    100.   1444.      0.    336.    578.    310.    144.    420.    220.      0.      0.    210.     0.     0.   1.00      9.      0.      0.      0.      0.      0.
   24  71      0.      0.      0.      0.      0.      0.   0.00   0.00   1.00   0.42   0.09    100.   1469.      0.    336.    580.    331.    147.    420.    220.      0.      0.    210.     0.     0.   1.00      9.      0.      0.      0.      0.      0.
   34  71      0.      0.      0.      0.      0.      0.   0.00   0.00   1.00   0.42   0.09    100.   1502.      0.    336.    584.    357.    150.    420.    220.      0.      0.    210.     0.     0.   1.00      9.      0.      0.      0.      0.      0.
   44  71      0.      0.      0.      0.      0.      0.   0.00   0.00   1.00   0.42   0.09    100.   1509.      0.    336.    585.    362.    151.    420.    220.      0.      0.    210.     0.     0.   1.00      9.      0.      0.      0.      0.      0.
   54  71      0.      0.      0.      0.      0.      0.   0.00   0.00   1.00   0.42   0.09    100.   1532.      0.    336.    588.    380.    153.    420.    220.      0.      0.    210.     0.     0.   1.00      9.      0.      0.      0.      0.      0.
   64  71      0.      0.      0.      0.      0.      0.   0.00   0.00   1.00   0.42   0.09    100.   1537.      0.    336.    591.    382.    154.    420.    220.      0.      0.    210.     0.     0.   1.00      9.      0.      0.      0.      0.      0.
   74  71      0.      0.      0.      0.      0.      0.   0.00   0.00   1.00   0.42   0.09    100.   1550.      0.    336.    596.    389.    155.    419.    219.      0.      0.    210.     0.     0.   1.00      9.      0.      0.      0.      0.      0.
   84  71      0.      0.      0.      0.      0.      0.   0.00   0.00   1.00   0.42   0.09    100.   1570.      0.    336.    605.    397.    157.    420.    220.      0.      0.    210.     0.     0.   1.00      9.      0.      0.      0.      0.      0.
   94  71      0.      0.      0.      0.      0.      0.   0.00   0.00   1.00   0.42   0.09    100.   1573.      0.    336.    610.    397.    157.    417.    217.      0.      0.    210.     0.     0.   1.00      9.      0.      0.      0.      0.      0.


Station=  WAGE , Soil=  2, Manage=  2, Rotat=  7 YrRot=  3 , NYear=  4 , NRot=  3 , Crop=  6, Irr.=  0, IOPT=  3,     Runof=0.10, CO2=550. , StYear=1969, StDay=  1

 Planting on day 100, 1971
 Crop emergence on day   0, 1971
 Wageningen, rotation 3, soil1, future                                           

 DAY  YEAR  WLVG    WLVD    WST    WSO     TAGB    TSUML    DVS    LAI  TRANRF  SMACT  SMACTL   RD    TRAIN   TIRR   TTRANS  TESOIL  TDRAIN  TRUNOF    WTOT   WAVT    WTOTL     WAVTL  WTOTLX  PARAB    PAR    NNI   NMINT  NMIN    NUPT     NFIX   NLIV   NLOSS  
  100  71     11.      0.     11.      0.     22.      0.   0.00   0.03   1.00   0.41   0.42     10.   1573.      0.    336.    612.    397.    157.     41.     21.    376.    196.    209.     0.     0.   0.00      0.     30.      0.      0.      2.      0.
  110  71     11.      0.     11.      0.     22.      0.   0.00   0.03   1.00   0.40   0.42     10.   1577.      0.    336.    617.    397.    158.     40.     20.    376.    196.    209.     0.    79.   1.00      0.     30.      0.      0.      2.      0.
  120  71     27.      1.     28.      0.     55.    110.   0.13   0.10   1.00   0.40   0.42     22.   1592.      0.    338.    631.    397.    159.     83.     41.    331.    172.    209.     4.   152.   0.88      7.     22.      0.      1.      3.      0.
  130  71     97.      5.    115.      0.    216.    240.   0.29   0.32   1.00   0.38   0.42     34.   1599.      0.    342.    643.    397.    160.    123.     58.    281.    146.    209.    16.   256.   0.93     13.     15.      2.      7.     10.      0.
  140  71    487.     26.    550.      0.   1062.    416.   0.50   1.78   1.00   0.41   0.42     46.   1642.      0.    354.    660.    397.    164.    182.     92.    231.    120.    209.    57.   348.   0.84    127.      8.      7.     30.     38.      0.
  150  71   1194.     71.   1255.     42.   2562.    568.   0.68   4.60   1.00   0.39   0.42     58.   1660.      0.    378.    662.    397.    166.    223.    109.    180.     94.    209.   128.   428.   0.87    124.      0.     18.     71.     89.      1.
  160  71   1846.    413.   2493.    360.   5112.    750.   0.90   7.26   1.00   0.34   0.42     70.   1660.      0.    419.    662.    397.    166.    232.     95.    130.     68.    209.   231.   532.   0.97    111.      0.     31.    125.    153.      4.
  170  71   1736.    902.   3204.    732.   6574.    900.   1.05   6.89   1.00   0.38   0.42     82.   1720.      0.    444.    663.    397.    172.    310.    149.     80.     42.    209.   291.   593.   0.97    161.      0.     37.    147.    175.     10.
  180  71   1464.   1440.   3949.   1727.   8580.   1063.   1.17   5.84   1.00   0.39   0.42     94.   1758.      0.    473.    663.    397.    176.    366.    180.     30.     16.    209.   362.   664.   0.96    154.      0.     44.    176.    206.     15.
  190  71   1104.   1943.   4822.   4336.  12205.   1251.   1.31   4.41   1.00   0.36   0.09    100.   1760.      0.    514.    663.    397.    176.    356.    156.      0.      0.    209.   472.   776.   0.90    141.      0.     57.    229.    267.     21.
  200  71    659.   2431.   5222.   6169.  14480.   1434.   1.45   2.73   1.00   0.32   0.09    100.   1760.      0.    549.    664.    397.    176.    321.    121.      0.      0.    209.   564.   873.   0.32    141.      0.     57.    229.    262.     26.
  210  71    304.   2787.   4745.   6628.  14969.   1627.   1.59   1.46   1.00   0.32   0.09    100.   1789.      0.    571.    668.    397.    179.    320.    120.      0.      0.    209.   619.   941.   0.14    141.      0.     57.    229.    254.     34.
  220  71    129.   2963.   3878.   6739.  15081.   1834.   1.74   0.78   1.00   0.31   0.09    100.   1813.      0.    592.    678.    397.    181.    311.    111.      0.      0.    209.   668.  1023.   0.06    141.      0.     57.    229.    245.     43.
  230  71     55.   3036.   3168.   6743.  15084.   2014.   1.88   0.46   1.00   0.30   0.09    100.   1823.      0.    602.    688.    397.    182.    300.    100.      0.      0.    209.   691.  1084.   0.03    141.      0.     57.    229.    239.     49.
  240  71     25.   3067.   2642.   6743.  15084.   2191.   2.01   0.29   1.00   0.30   0.09    100.   1852.      0.    609.    704.    397.    185.    303.    103.      0.      0.    209.   709.  1155.   0.01    141.      0.     57.    229.    234.     54.
  249  71      0.      0.      0.      0.      0.      0.   0.00   0.00   1.00   0.30   0.09    100.   1857.      0.    609.    713.    397.    186.    298.     98.      0.      0.    209.     0.     0.   1.00    141.      0.      0.      0.      0.      0.
  259  71      0.      0.      0.      0.      0.      0.   0.00   0.00   1.00   0.29   0.09    100.   1858.      0.    609.    718.    397.    186.    295.     95.      0.      0.    209.     0.     0.   1.00    141.      0.      0.      0.      0.      0.
  269  71      0.      0.      0.      0.      0.      0.   0.00   0.00   1.00   0.30   0.09    100.   1869.      0.    609.    722.    397.    187.    300.    100.      0.      0.    209.     0.     0.   1.00    141.      0.      0.      0.      0.      0.
  279  71      0.      0.      0.      0.      0.      0.   0.00   0.00   1.00   0.30   0.09    100.   1875.      0.    609.    727.    397.    187.    300.    100.      0.      0.    209.     0.     0.   1.00    141.      0.      0.      0.      0.      0.
  289  71      0.      0.      0.      0.      0.      0.   0.00   0.00   1.00   0.30   0.09    100.   1878.      0.    609.    730.    397.    188.    300.    100.      0.      0.    209.     0.     0.   1.00    141.      0.      0.      0.      0.      0.
  299  71      0.      0.      0.      0.      0.      0.   0.00   0.00   1.00   0.31   0.09    100.   1898.      0.    609.    736.    397.    190.    313.    113.      0.      0.    209.     0.     0.   1.00    141.      0.      0.      0.      0.      0.
  309  71      0.      0.      0.      0.      0.      0.   0.00   0.00   1.00   0.31   0.09    100.   1898.      0.    609.    737.    397.    190.    311.    111.      0.      0.    209.     0.     0.   1.00    141.      0.      0.      0.      0.      0.
  319  71      0.      0.      0.      0.      0.      0.   0.00   0.00   1.00   0.32   0.09    100.   1909.      0.    609.    739.    397.    191.    319.    119.      0.      0.    209.     0.     0.   1.00    141.      0.      0.      0.      0.      0.
  329  71      0.      0.      0.      0.      0.      0.   0.00   0.00   1.00   0.35   0.09    100.   1945.      0.    609.    743.    397.    195.    348.    148.      0.      0.    209.     0.     0.   1.00    141.      0.      0.      0.      0.      0.
  339  71      0.      0.      0.      0.      0.      0.   0.00   0.00   1.00   0.36   0.09    100.   1957.      0.    609.    743.    397.    196.    358.    158.      0.      0.    209.     0.     0.   1.00    141.      0.      0.      0.      0.      0.
  349  71      0.      0.      0.      0.      0.      0.   0.00   0.00   1.00   0.36   0.09    100.   1963.      0.    609.    744.    397.    196.    363.    163.      0.      0.    209.     0.     0.   1.00    141.      0.      0.      0.      0.      0.
  359  71      0.      0.      0.      0.      0.      0.   0.00   0.00   1.00   0.38   0.09    100.   1984.      0.    609.    745.    397.    198.    381.    181.      0.      0.    209.     0.     0.   1.00    141.      0.      0.      0.      0.      0.
    4  72      0.      0.      0.      0.      0.      0.   0.00   0.00   1.00   0.38   0.09    100.   1986.      0.    609.    745.    397.    199.    382.    182.      0.      0.    209.     0.     0.   1.00    141.      0.      0.      0.      0.      0.
   14  72      0.      0.      0.      0.      0.      0.   0.00   0.00   1.00   0.39   0.09    100.   1991.      0.    609.    746.    397.    199.    386.    186.      0.      0.    209.     0.     0.   1.00    141.      0.      0.      0.      0.      0.
   24  72      0.      0.      0.      0.      0.      0.   0.00   0.00   1.00   0.40   0.09    100.   2005.      0.    609.    746.    397.    200.    398.    198.      0.      0.    209.     0.     0.   1.00    141.      0.      0.      0.      0.      0.
   34  72      0.      0.      0.      0.      0.      0.   0.00   0.00   1.00   0.41   0.09    100.   2018.      0.    609.    749.    397.    202.    408.    208.      0.      0.    209.     0.     0.   1.00    141.      0.      0.      0.      0.      0.
   44  72      0.      0.      0.      0.      0.      0.   0.00   0.00   1.00   0.42   0.09    100.   2040.      0.    609.    752.    399.    204.    420.    220.      0.      0.    210.     0.     0.   1.00    141.      0.      0.      0.      0.      0.
   54  72      0.      0.      0.      0.      0.      0.   0.00   0.00   1.00   0.42   0.09    100.   2045.      0.    609.    754.    402.    204.    420.    220.      0.      0.    210.     0.     0.   1.00    141.      0.      0.      0.      0.      0.
   64  72      0.      0.      0.      0.      0.      0.   0.00   0.00   1.00   0.42   0.09    100.   2050.      0.    609.    757.    403.    205.    420.    220.      0.      0.    210.     0.     0.   1.00    141.      0.      0.      0.      0.      0.
   74  72      0.      0.      0.      0.      0.      0.   0.00   0.00   1.00   0.42   0.09    100.   2061.      0.    609.    762.    411.    206.    418.    218.      0.      0.    210.     0.     0.   1.00    141.      0.      0.      0.      0.      0.
   84  72      0.      0.      0.      0.      0.      0.   0.00   0.00   1.00   0.41   0.09    100.   2061.      0.    609.    768.    411.    206.    412.    212.      0.      0.    210.     0.     0.   1.00    141.      0.      0.      0.      0.      0.
   94  72      0.      0.      0.      0.      0.      0.   0.00   0.00   1.00   0.42   0.09    100.   2101.      0.    609.    777.    430.    210.    420.    220.      0.      0.    210.     0.     0.   1.00    141.      0.      0.      0.      0.      0.


Station=  WAGE , Soil=  2, Manage=  2, Rotat=  7 YrRot=  1 , NYear=  4 , NRot=  3 , Crop=  2, Irr.=  0, IOPT=  3,     Runof=0.10, CO2=550. , StYear=1969, StDay=  1

 Planting on day 100, 1972
 Crop emergence on day   0, 1972
 Wageningen, rotation 3, soil1, future                                           

 DAY  YEAR  WLVG    WLVD    WST    WSO     TAGB    TSUML    DVS    LAI  TRANRF  SMACT  SMACTL   RD    TRAIN   TIRR   TTRANS  TESOIL  TDRAIN  TRUNOF    WTOT   WAVT    WTOTL     WAVTL  WTOTLX  PARAB    PAR    NNI   NMINT  NMIN    NUPT     NFIX   NLIV   NLOSS  
  100  72      0.      0.      0.      0.      0.      0.   0.00   0.00   1.00   0.42   0.42     10.   2137.      0.    609.    787.    452.    214.     42.     22.    462.    242.    126.     0.     0.   0.00      0.     30.      0.      0.      0.      0.
  110  72      0.      0.      0.      0.      0.      0.   0.00   0.00   1.00   0.39   0.42     10.   2168.      0.    610.    801.    468.    217.     39.     19.    462.    242.    126.     0.    61.   0.00      0.     30.      0.      0.      0.      0.
  116  72      0.      0.      0.      0.      0.      0.   0.00   0.00   1.00   0.35   0.42     10.   2175.      0.    610.    810.    470.    217.     35.     15.    462.    242.    126.     0.   108.   1.00      0.     30.      0.      0.      0.      0.
  120  72      0.      0.      0.      0.      1.     16.   0.02   0.00   1.00   0.34   0.42     15.   2176.      0.    610.    815.    470.    218.     47.     19.    447.    234.    126.     0.   137.   0.90      3.     27.      0.      0.      0.      0.
  130  72      2.      0.      1.      0.      2.    131.   0.20   0.00   1.00   0.36   0.42     27.   2188.      0.    610.    829.    470.    219.     93.     42.    396.    208.    126.     0.   213.   0.69     10.     20.      0.      0.      0.      0.
  140  72      4.      0.      2.      0.      6.    213.   0.33   0.01   1.00   0.42   0.42     39.   2246.      0.    610.    848.    488.    225.    158.     83.    346.    181.    126.     0.   264.   0.82    130.     12.      0.      0.      0.      0.
  150  72     13.      1.     10.      0.     25.    335.   0.52   0.02   1.00   0.42   0.42     51.   2275.      0.    610.    873.    489.    228.    208.    109.    296.    155.    126.     1.   354.   0.83    137.      4.      1.      0.      1.      0.
  160  72     37.      3.     32.      0.     72.    458.   0.70   0.07   1.00   0.42   0.42     63.   2298.      0.    611.    895.    490.    230.    256.    133.    245.    128.    126.     3.   425.   0.70    139.      0.      3.      0.      2.      0.
  170  72    114.     11.    135.      0.    260.    572.   0.88   0.21   1.00   0.40   0.42     75.   2314.      0.    613.    917.    490.    231.    297.    150.    195.    102.    126.    10.   521.   0.64    190.      0.      8.      0.      8.      0.
  180  72    251.     28.    350.     14.    643.    709.   1.05   0.46   1.00   0.41   0.42     87.   2355.      0.    618.    937.    497.    236.    352.    180.    144.     76.    126.    24.   595.   0.79    177.      0.     21.      0.     20.      1.
  190  72    431.     53.    635.    208.   1326.    852.   1.15   0.79   1.00   0.41   0.42     99.   2385.      0.    627.    952.    503.    238.    399.    204.     94.     49.    126.    46.   660.   0.82    161.      0.     37.      0.     36.      1.
  200  72    672.     93.   1070.   1202.   3037.    997.   1.26   1.24   1.00   0.39   0.42    111.   2396.      0.    644.    963.    503.    240.    432.    213.     44.     23.    126.    96.   760.   0.90    134.      0.     64.      0.     62.      2.
  210  72    599.    262.   1253.   2369.   4483.   1164.   1.37   1.11   1.00   0.42   0.00    120.   2461.      0.    662.    970.    508.    246.    504.    264.      0.      0.    126.   139.   833.   0.96    115.      0.     83.      0.     76.      6.
  220  72    458.    458.   1372.   3357.   5645.   1317.   1.48   0.85   1.00   0.41   0.00    120.   2470.      0.    674.    979.    510.    247.    488.    248.      0.      0.    126.   172.   902.   0.94    103.      0.     95.      0.     84.     11.
  230  72    321.    638.   1264.   4201.   6637.   1475.   1.60   0.60   1.00   0.41   0.00    120.   2496.      0.    686.    993.    510.    250.    487.    247.      0.      0.    126.   204.   980.   0.55    101.      0.     97.      0.     78.     20.
  240  72    176.    793.   1070.   4516.   7005.   1602.   1.69   0.35   1.00   0.41   0.00    120.   2518.      0.    692.   1005.    510.    252.    489.    249.      0.      0.    126.   223.  1046.   0.22    101.      0.     97.      0.     69.     28.
  250  72     84.    887.    884.   4607.   7109.   1730.   1.78   0.20   1.00   0.40   0.00    120.   2518.      0.    696.   1011.    510.    252.    478.    238.      0.      0.    126.   237.  1131.   0.09    101.      0.     97.      0.     63.     34.
  260  72     38.    933.    723.   4614.   7117.   1851.   1.87   0.12   1.00   0.41   0.00    120.   2553.      0.    698.   1022.    510.    255.    497.    257.      0.      0.    126.   242.  1180.   0.04    101.      0.     97.      0.     59.     39.
  270  72     18.    953.    591.   4614.   7117.   1941.   1.93   0.08   1.00   0.42   0.00    120.   2562.      0.    699.   1028.    510.    256.    498.    258.      0.      0.    126.   246.  1241.   0.02    101.      0.     97.      0.     55.     42.
  272  72     15.    956.    568.   4614.   7117.   1957.   1.94   0.07   1.00   0.41   0.00    120.   2563.      0.    699.   1029.    510.    256.    498.    258.      0.      0.    126.   247.  1250.   0.02    101.      0.     97.      0.     55.     42.
  272  72      0.      0.      0.      0.      0.      0.   0.00   0.00   1.00   0.41   0.00    120.   2563.      0.    699.   1030.    510.    256.    498.    258.      0.      0.    126.     0.     0.   1.00    101.      0.      0.      0.      0.      0.
  278  72      0.      0.      0.      0.      0.      0.   0.00   0.00   1.00   0.41   0.00    120.   2563.      0.    699.   1031.    510.    256.    496.    256.      0.      0.    126.     0.     0.   1.00    101.      0.      0.      0.      0.      0.
  288  72      0.      0.      0.      0.      0.      0.   0.00   0.00   1.00   0.41   0.00    120.   2563.      0.    699.   1033.    510.    256.    494.    254.      0.      0.    126.     0.     0.   1.00    101.      0.      0.      0.      0.      0.
  298  72      0.      0.      0.      0.      0.      0.   0.00   0.00   1.00   0.42   0.00    120.   2579.      0.    699.   1036.    512.    258.    504.    264.      0.      0.    126.     0.     0.   1.00    101.      0.      0.      0.      0.      0.
  308  72      0.      0.      0.      0.      0.      0.   0.00   0.00   1.00   0.42   0.00    120.   2586.      0.    699.   1039.    516.    259.    503.    263.      0.      0.    126.     0.     0.   1.00    101.      0.      0.      0.      0.      0.
  318  72      0.      0.      0.      0.      0.      0.   0.00   0.00   1.00   0.42   0.00    120.   2629.      0.    699.   1042.    550.    263.    504.    264.      0.      0.    126.     0.     0.   1.00    101.      0.      0.      0.      0.      0.
  328  72      0.      0.      0.      0.      0.      0.   0.00   0.00   1.00   0.42   0.00    120.   2657.      0.    699.   1046.    571.    266.    504.    264.      0.      0.    126.     0.     0.   1.00    101.      0.      0.      0.      0.      0.
  338  72      0.      0.      0.      0.      0.      0.   0.00   0.00   1.00   0.42   0.00    120.   2665.      0.    699.   1047.    577.    266.    504.    264.      0.      0.    126.     0.     0.   1.00    101.      0.      0.      0.      0.      0.
  348  72      0.      0.      0.      0.      0.      0.   0.00   0.00   1.00   0.42   0.00    120.   2684.      0.    699.   1050.    592.    268.    504.    264.      0.      0.    126.     0.     0.   1.00    101.      0.      0.      0.      0.      0.
  358  72      0.      0.      0.      0.      0.      0.   0.00   0.00   1.00   0.42   0.00    120.   2684.      0.    699.   1050.    592.    268.    504.    264.      0.      0.    126.     0.     0.   1.00    101.      0.      0.      0.      0.      0.
    1  73      0.      0.      0.      0.      0.      0.   0.00   0.00   1.00   0.42   0.00    120.   2684.      0.    699.   1051.    592.    268.    503.    263.      0.      0.    126.     0.     0.   1.00    101.      0.      0.      0.      0.      0.
