
 CROP PRODUCTION AND SOIL WATER STATUS FROM LINTUL6 ROTATION MODEL 
 =======================================


DATA-FILE  WARO1PTS.OUT


Name of run: WARO1


Station=  WAGE , Soil=  1, Manage=  1, Rotat=  2 YrRot=  1 , NYear=  7 , NRot=  6 , Crop=  1, Irr.=  1, IOPT=  1,     Runof=0.00, CO2=370. , StYear=1969, StDay=  1

 DAY  YEAR  WLVG    WLVD    WST    WSO     TAGB    TSUML    DVS    LAI  TRANRF  SMACT  SMACTL   RD    TRAIN   TIRR   TTRANS  TESOIL  TDRAIN  TRUNOF    WTOT   WAVT    WTOTL      WAVTL WTOTLX  PARAB    PAR    NNI   NMINT  NMIN    NUPT       NFIX   NLIV   NLOSS  
    1  69      0.      0.      0.      0.      0.      0.   0.00   0.00   1.00   0.30   0.30     10.      0.      0.      0.      0.      0.      0.      0.      0.      0.      0.      0.     0.     0.   0.00      0.      0.      0.      0.      0.      0.
   10  69      0.      0.      0.      0.      0.      0.   0.00   0.00   1.00   0.33   0.30     10.      3.      0.      0.      1.      0.      0.     33.     13.    345.    115.     75.     0.     0.   0.00      0.      0.      0.      0.      0.      0.


Station=  WAGE , Soil=  1, Manage=  1, Rotat=  2 YrRot=  1 , NYear=  7 , NRot=  6 , Crop=  1, Irr.=  1, IOPT=  1,     Runof=0.00, CO2=370. , StYear=1969, StDay=  1

 Planting on day   0, 1969
 Crop emergence on day  20, 1969
 Wageningen, long rotation 2, soil1, current                                     

 DAY  YEAR  WLVG    WLVD    WST    WSO     TAGB    TSUML    DVS    LAI  TRANRF  SMACT  SMACTL   RD    TRAIN   TIRR   TTRANS  TESOIL  TDRAIN  TRUNOF    WTOT   WAVT    WTOTL     WAVTL  WTOTLX  PARAB    PAR    NNI   NMINT  NMIN    NUPT     NFIX   NLIV   NLOSS  
   20  69     68.      0.     37.      0.    105.      0.   0.00   0.14   1.00   0.35   0.31     10.     18.      0.      0.      3.      0.      0.     35.     15.    354.    124.     77.     0.     0.   1.00      0.     30.      0.      0.      8.      0.
   30  69     72.      0.     39.      0.    111.      0.   0.00   0.24   1.00   0.34   0.32     22.     34.      0.      0.      4.      0.      0.     72.     30.    331.    123.     77.     1.    10.   1.00      7.     22.      0.      0.      9.      0.
   40  69     74.      0.     40.      0.    115.      0.   0.00   0.31   1.00   0.35   0.33     34.     50.      0.      1.      8.      0.      0.    114.     49.    301.    116.     77.     4.    27.   1.00     14.     15.      1.      0.      9.      0.
   50  69     74.      0.     40.      0.    115.      0.   0.00   0.31   1.00   0.35   0.34     46.     69.      0.      1.      8.      0.      0.    157.     67.    276.    116.     77.     8.    53.   1.00     22.      8.      1.      0.      9.      0.
   60  69     80.      0.     43.      0.    123.      1.   0.00   0.36   1.00   0.35   0.35     58.     80.      0.      2.     11.      0.      0.    197.     84.    239.    102.     81.    12.    75.   1.00     29.      0.      1.      0.     10.      0.
   70  69     81.      0.     43.      0.    124.      2.   0.00   0.43   1.00   0.35   0.35     70.     83.      0.      4.     13.      0.      0.    238.    101.    197.     84.     81.    21.   119.   1.00     28.      0.      2.      0.     10.      0.
   80  69     86.      0.     46.      0.    132.      7.   0.01   0.55   1.00   0.35   0.35     82.    119.      0.      5.     17.     23.      0.    282.    120.    155.     66.     88.    27.   140.   1.00     28.      0.      2.      0.     10.      0.
   90  69     86.      0.     46.      0.    132.     14.   0.02   0.65   1.00   0.35   0.35     94.    126.      0.      9.     21.     23.      0.    324.    138.    113.     48.     88.    42.   190.   1.00     28.      0.      2.      0.     10.      0.
  100  69    250.      0.    135.      0.    384.     59.   0.08   1.09   1.00   0.34   0.35    106.    138.      0.     18.     28.     32.      0.    351.    142.     71.     30.     88.    71.   266.   1.00     14.      0.     16.      0.     24.      0.
  110  69    329.      0.    177.      0.    506.     97.   0.14   1.26   1.00   0.35   0.35    118.    184.      0.     27.     38.     46.      0.    407.    173.     29.     12.     88.   102.   326.   1.00      3.      0.     27.      0.     36.      0.
  120  69    631.      0.    318.      0.    949.    175.   0.24   1.90   1.00   0.34   0.01    125.    212.      0.     39.     45.     60.      0.    431.    181.      0.      0.     88.   144.   397.   1.00    -18.      0.     48.      0.     56.      0.
  130  69   1228.      0.    658.      0.   1886.    293.   0.41   3.16   1.00   0.33   0.01    125.    218.      0.     56.     49.     60.      0.    415.    165.      0.      0.     88.   197.   469.   1.00    -43.      0.     73.      0.     81.      0.
  140  69   1910.     29.   1389.      0.   3327.    432.   0.60   4.60   1.00   0.34   0.01    125.    257.      0.     83.     52.     60.      0.    424.    174.      0.      0.     88.   259.   537.   1.00     13.      0.    101.      0.    110.      0.
  150  69   2309.    184.   2899.      0.   5391.    560.   0.78   5.41   1.00   0.33   0.01    125.    275.      0.    112.     53.     60.      0.    412.    162.      0.      0.     88.   341.   623.   1.00     -5.      0.    119.      0.    126.      1.
  160  69   2240.    415.   4697.      0.   7351.    680.   0.94   5.21   1.00   0.34   0.01    125.    316.      0.    142.     54.     63.      0.    419.    169.      0.      0.     88.   415.   700.   1.00    -15.      0.    129.      0.    136.      2.
  170  69   1712.    945.   5496.   2499.  10651.    858.   1.15   3.98   1.00   0.31   0.01    125.    331.      0.    189.     56.     63.      0.    385.    135.      0.      0.     88.   526.   818.   1.00    -24.      0.    138.      0.    143.      4.
  180  69   1267.   1390.   5496.   4508.  12661.   1009.   1.31   2.95   1.00   0.30   0.01    125.    346.      0.    215.     59.     63.      0.    371.    121.      0.      0.     88.   592.   894.   1.00     -7.      0.    149.      0.    152.      6.
  190  69    922.   1735.   5496.   6342.  14495.   1171.   1.48   2.14   1.00   0.29   0.01    125.    365.      0.    241.     63.     63.      0.    360.    110.      0.      0.     88.   660.   979.   1.00     -7.      0.    149.      0.    151.      7.
  200  69    672.   1985.   4676.   7456.  15609.   1333.   1.65   1.56   1.00   0.28   0.01    125.    376.     10.    262.     72.     63.      0.    351.    101.      0.      0.     88.   714.  1060.   1.00     -7.      0.    149.      0.    148.     10.
  210  69    459.   2197.   3820.   8180.  16332.   1537.   1.86   1.07   1.00   0.28   0.01    125.    389.     30.    285.     85.     63.      0.    349.     99.      0.      0.     88.   765.  1153.   1.00     -7.      0.    149.      0.    145.     13.
  217  69    361.   2295.   3384.   8345.  16497.   1669.   2.00   0.84   1.00   0.28   0.01    125.    406.     40.    299.     98.     63.      0.    348.     98.      0.      0.     88.   789.  1207.   1.00     -7.      0.    149.      0.    143.     15.
  219  69      0.      0.      0.      0.      0.      0.   0.00   0.00   1.00   0.28   0.01    125.    406.     40.    299.    102.     63.      0.    344.     94.      0.      0.     88.     0.     0.   1.00     -7.      0.      0.      0.      0.      0.
  229  69      0.      0.      0.      0.      0.      0.   0.00   0.00   1.00   0.28   0.01    125.    434.     40.    299.    120.     63.      0.    355.    105.      0.      0.     88.     0.     0.   1.00     -7.      0.      0.      0.      0.      0.
  239  69      0.      0.      0.      0.      0.      0.   0.00   0.00   1.00   0.33   0.01    125.    506.     40.    299.    134.     63.      0.    413.    163.      0.      0.     88.     0.     0.   1.00     -7.      0.      0.      0.      0.      0.
  249  69      0.      0.      0.      0.      0.      0.   0.00   0.00   1.00   0.33   0.01    125.    518.     40.    299.    142.     63.      0.    416.    166.      0.      0.     88.     0.     0.   1.00     -7.      0.      0.      0.      0.      0.
  259  69      0.      0.      0.      0.      0.      0.   0.00   0.00   1.00   0.33   0.01    125.    518.     40.    299.    146.     63.      0.    412.    162.      0.      0.     88.     0.     0.   1.00     -7.      0.      0.      0.      0.      0.
  269  69      0.      0.      0.      0.      0.      0.   0.00   0.00   1.00   0.33   0.01    125.    524.     40.    299.    151.     63.      0.    413.    163.      0.      0.     88.     0.     0.   1.00     -7.      0.      0.      0.      0.      0.
  279  69      0.      0.      0.      0.      0.      0.   0.00   0.00   1.00   0.33   0.01    125.    531.     40.    299.    157.     63.      0.    415.    165.      0.      0.     88.     0.     0.   1.00     -7.      0.      0.      0.      0.      0.
  289  69      0.      0.      0.      0.      0.      0.   0.00   0.00   1.00   0.33   0.01    125.    532.     40.    299.    158.     63.      0.    414.    164.      0.      0.     88.     0.     0.   1.00     -7.      0.      0.      0.      0.      0.
  299  69      0.      0.      0.      0.      0.      0.   0.00   0.00   1.00   0.34   0.01    125.    545.     40.    299.    163.     63.      0.    423.    173.      0.      0.     88.     0.     0.   1.00     -7.      0.      0.      0.      0.      0.
  309  69      0.      0.      0.      0.      0.      0.   0.00   0.00   1.00   0.34   0.01    125.    554.     40.    299.    166.     63.      0.    428.    178.      0.      0.     88.     0.     0.   1.00     -7.      0.      0.      0.      0.      0.
  319  69      0.      0.      0.      0.      0.      0.   0.00   0.00   1.00   0.35   0.01    125.    592.     40.    299.    170.     88.      0.    438.    187.      0.      0.     88.     0.     0.   1.00     -7.      0.      0.      0.      0.      0.
  329  69      0.      0.      0.      0.      0.      0.   0.00   0.00   1.00   0.35   0.01    125.    599.     40.    299.    172.     92.      0.    438.    187.      0.      0.     88.     0.     0.   1.00     -7.      0.      0.      0.      0.      0.
  339  69      0.      0.      0.      0.      0.      0.   0.00   0.00   1.00   0.35   0.01    125.    611.     40.    299.    173.    104.      0.    438.    187.      0.      0.     88.     0.     0.   1.00     -7.      0.      0.      0.      0.      0.
  349  69      0.      0.      0.      0.      0.      0.   0.00   0.00   1.00   0.35   0.01    125.    621.     40.    299.    173.    115.      0.    438.    187.      0.      0.     88.     0.     0.   1.00     -7.      0.      0.      0.      0.      0.
  359  69      0.      0.      0.      0.      0.      0.   0.00   0.00   1.00   0.35   0.01    125.    643.     40.    299.    174.    136.      0.    438.    187.      0.      0.     88.     0.     0.   1.00     -7.      0.      0.      0.      0.      0.
    4  70      0.      0.      0.      0.      0.      0.   0.00   0.00   1.00   0.35   0.01    125.    648.     40.    299.    174.    140.      0.    438.    187.      0.      0.     88.     0.     0.   1.00     -7.      0.      0.      0.      0.      0.
   14  70      0.      0.      0.      0.      0.      0.   0.00   0.00   1.00   0.35   0.01    125.    658.     40.    299.    175.    149.      0.    437.    187.      0.      0.     88.     0.     0.   1.00     -7.      0.      0.      0.      0.      0.
   20  70      0.      0.      0.      0.      0.      0.   0.00   0.00   1.00   0.35   0.01    125.    663.     40.    299.    175.    154.      0.    437.    187.      0.      0.     88.     0.     0.   1.00     -7.      0.      0.      0.      0.      0.
   24  70      0.      0.      0.      0.      0.      0.   0.00   0.00   1.00   0.35   0.01    125.    668.     40.    299.    175.    159.      0.    438.    187.      0.      0.     88.     0.     0.   1.00     -7.      0.      0.      0.      0.      0.
   34  70      0.      0.      0.      0.      0.      0.   0.00   0.00   1.00   0.35   0.01    125.    700.     40.    299.    176.    190.      0.    438.    187.      0.      0.     88.     0.     0.   1.00     -7.      0.      0.      0.      0.      0.
   44  70      0.      0.      0.      0.      0.      0.   0.00   0.00   1.00   0.35   0.01    125.    727.     40.    299.    178.    215.      0.    438.    187.      0.      0.     88.     0.     0.   1.00     -7.      0.      0.      0.      0.      0.
   54  70      0.      0.      0.      0.      0.      0.   0.00   0.00   1.00   0.35   0.01    125.    777.     40.    299.    180.    264.      0.    438.    187.      0.      0.     88.     0.     0.   1.00     -7.      0.      0.      0.      0.      0.
   64  70      0.      0.      0.      0.      0.      0.   0.00   0.00   1.00   0.35   0.01    125.    795.     40.    299.    183.    279.      0.    437.    187.      0.      0.     88.     0.     0.   1.00     -7.      0.      0.      0.      0.      0.
   74  70      0.      0.      0.      0.      0.      0.   0.00   0.00   1.00   0.35   0.01    125.    799.     40.    299.    185.    282.      0.    437.    187.      0.      0.     88.     0.     0.   1.00     -7.      0.      0.      0.      0.      0.
   84  70      0.      0.      0.      0.      0.      0.   0.00   0.00   1.00   0.35   0.01    125.    822.     40.    299.    189.    299.      0.    437.    187.      0.      0.     88.     0.     0.   1.00     -7.      0.      0.      0.      0.      0.
   94  70      0.      0.      0.      0.      0.      0.   0.00   0.00   1.00   0.35   0.01    125.    854.     40.    299.    196.    324.      0.    437.    187.      0.      0.     88.     0.     0.   1.00     -7.      0.      0.      0.      0.      0.


Station=  WAGE , Soil=  1, Manage=  1, Rotat=  2 YrRot=  2 , NYear=  7 , NRot=  6 , Crop=  2, Irr.=  1, IOPT=  1,     Runof=0.00, CO2=370. , StYear=1969, StDay=  1

 Planting on day 100, 1970
 Crop emergence on day   0, 1970
 Wageningen, long rotation 2, soil1, current                                     

 DAY  YEAR  WLVG    WLVD    WST    WSO     TAGB    TSUML    DVS    LAI  TRANRF  SMACT  SMACTL   RD    TRAIN   TIRR   TTRANS  TESOIL  TDRAIN  TRUNOF    WTOT   WAVT    WTOTL     WAVTL  WTOTLX  PARAB    PAR    NNI   NMINT  NMIN    NUPT     NFIX   NLIV   NLOSS  
  100  70      0.      0.      0.      0.      0.      0.   0.00   0.00   1.00   0.35   0.35     10.    883.     40.    299.    200.    349.      0.     35.     15.    385.    165.    105.     0.     0.   1.00      0.     30.      0.      0.      0.      0.
  110  70      0.      0.      0.      0.      0.      0.   0.00   0.00   1.00   0.33   0.35     10.    898.     40.    300.    212.    354.      0.     33.     13.    385.    165.    105.     0.    48.   1.00      0.     30.      0.      0.      0.      0.
  117  70      0.      0.      0.      0.      0.      0.   0.00   0.00   1.00   0.34   0.35     10.    915.     40.    300.    222.    359.      0.     34.     14.    385.    165.    105.     0.    77.   1.00      0.     30.      0.      0.      0.      0.
  120  70      0.      0.      0.      0.      0.      7.   0.01   0.00   1.00   0.34   0.35     14.    929.     40.    300.    229.    367.      0.     42.     18.    377.    161.    105.     0.   102.   1.00      2.     28.      0.      0.      0.      0.
  130  70      2.      0.      0.      0.      2.     99.   0.15   0.00   1.00   0.32   0.35     26.    935.     40.    300.    243.    367.      0.     77.     28.    335.    143.    105.     0.   186.   1.00     10.     20.      0.      0.      0.      0.
  140  70      8.      0.      2.      0.     10.    210.   0.32   0.02   1.00   0.32   0.35     38.    942.     40.    300.    253.    367.      0.    115.     42.    293.    125.    105.     1.   266.   1.00    101.     13.      0.      0.      0.      0.
  150  70     30.      0.     11.      0.     42.    297.   0.46   0.06   1.00   0.32   0.35     50.    950.     40.    300.    265.    367.      0.    153.     56.    251.    107.    105.     2.   346.   1.00    107.      5.      2.      0.      2.      0.
  160  70    168.      0.     84.      0.    253.    421.   0.65   0.34   1.00   0.32   0.35     62.    951.     60.    304.    287.    367.      0.    191.     70.    209.     89.    105.    13.   457.   1.00    104.      0.     10.      0.     10.      0.
  170  70    795.      0.    535.      0.   1330.    561.   0.86   1.59   1.00   0.31   0.35     74.    960.     80.    320.    306.    367.      0.    226.     81.    167.     71.    105.    60.   575.   1.00     66.      0.     48.      0.     48.      0.
  180  70   1711.      0.   1397.     46.   3155.    715.   1.05   3.42   1.00   0.32   0.35     86.    968.    110.    349.    315.    367.      0.    268.     99.    125.     53.    105.   135.   669.   1.00     25.      0.    117.      0.    117.      0.
  190  70   2296.     11.   2020.    516.   4842.    845.   1.14   4.59   1.00   0.34   0.35     98.   1018.    110.    376.    317.    374.      0.    323.    130.     83.     35.    105.   196.   734.   1.00    -16.      0.    158.      0.    158.      0.
  200  70   2605.    193.   2578.   1656.   7031.    971.   1.23   5.21   1.00   0.34   0.35    110.   1071.    110.    405.    317.    392.      0.    371.    155.     41.     17.    105.   269.   810.   1.00    -60.      0.    202.      0.    197.      5.
  210  70   2411.    548.   2817.   2997.   8772.   1096.   1.32   4.82   1.00   0.34   0.00    120.   1100.    110.    431.    318.    395.      0.    412.    172.      0.      0.    105.   326.   869.   1.00    -80.      0.    222.      0.    209.     13.
  220  70   1783.   1301.   3070.   5144.  11298.   1258.   1.44   3.57   1.00   0.32   0.00    120.   1107.    110.    461.    319.    395.      0.    387.    147.      0.      0.    105.   412.   959.   1.00    -96.      0.    238.      0.    207.     31.
  230  70   1379.   1792.   3054.   6618.  13032.   1387.   1.53   2.76   1.00   0.32   0.00    120.   1130.    110.    483.    321.    395.      0.    387.    147.      0.      0.    105.   472.  1027.   1.00   -108.      0.    250.      0.    203.     47.
  240  70   1075.   2178.   2642.   8010.  14665.   1517.   1.62   2.15   1.00   0.31   0.00    120.   1139.    110.    503.    324.    395.      0.    372.    132.      0.      0.    105.   529.  1098.   1.00   -108.      0.    250.      0.    182.     69.
  250  70    854.   2471.   2272.   9256.  16110.   1640.   1.71   1.71   1.00   0.30   0.00    120.   1142.    120.    521.    327.    395.      0.    364.    124.      0.      0.    105.   581.  1168.   1.00   -108.      0.    250.      0.    164.     86.
  260  70    667.   2695.   1907.   9906.  16853.   1758.   1.79   1.33   1.00   0.35   0.00    120.   1216.    120.    535.    334.    395.      0.    418.    178.      0.      0.    105.   608.  1209.   1.00   -108.      0.    250.      0.    149.    101.
  270  70    542.   2860.   1604.  10609.  17646.   1863.   1.87   1.08   1.00   0.34   0.00    120.   1216.    120.    541.    336.    395.      0.    409.    169.      0.      0.    105.   641.  1267.   1.00   -108.      0.    250.      0.    138.    112.
  280  70    433.   2993.   1333.  11046.  18134.   1970.   1.95   0.87   1.00   0.35   0.00    120.   1252.    120.    549.    342.    407.      0.    420.    180.      0.      0.    105.   659.  1303.   1.00   -108.      0.    250.      0.    128.    122.
  290  70    363.   3078.   1125.  11308.  18424.   2047.   2.00   0.73   1.00   0.35   0.00    120.   1253.    120.    552.    344.    407.      0.    416.    176.      0.      0.    105.   671.  1332.   1.00   -108.      0.    250.      0.    122.    129.
  299  70      0.      0.      0.      0.      0.      0.   0.00   0.00   1.00   0.35   0.00    120.   1285.    120.    552.    347.    431.      0.    420.    180.      0.      0.    105.     0.     0.   1.00   -108.      0.      0.      0.      0.      0.
  309  70      0.      0.      0.      0.      0.      0.   0.00   0.00   1.00   0.35   0.00    120.   1348.    120.    552.    351.    490.      0.    420.    180.      0.      0.    105.     0.     0.   1.00   -108.      0.      0.      0.      0.      0.
  319  70      0.      0.      0.      0.      0.      0.   0.00   0.00   1.00   0.35   0.00    120.   1361.    120.    552.    354.    500.      0.    420.    180.      0.      0.    105.     0.     0.   1.00   -108.      0.      0.      0.      0.      0.
  329  70      0.      0.      0.      0.      0.      0.   0.00   0.00   1.00   0.35   0.00    120.   1384.    120.    552.    357.    520.      0.    420.    180.      0.      0.    105.     0.     0.   1.00   -108.      0.      0.      0.      0.      0.
  339  70      0.      0.      0.      0.      0.      0.   0.00   0.00   1.00   0.35   0.00    120.   1422.    120.    552.    358.    557.      0.    420.    180.      0.      0.    105.     0.     0.   1.00   -108.      0.      0.      0.      0.      0.
  349  70      0.      0.      0.      0.      0.      0.   0.00   0.00   1.00   0.35   0.00    120.   1431.    120.    552.    358.    566.      0.    420.    180.      0.      0.    105.     0.     0.   1.00   -108.      0.      0.      0.      0.      0.
  359  70      0.      0.      0.      0.      0.      0.   0.00   0.00   1.00   0.35   0.00    120.   1436.    120.    552.    359.    570.      0.    420.    180.      0.      0.    105.     0.     0.   1.00   -108.      0.      0.      0.      0.      0.
    4  71      0.      0.      0.      0.      0.      0.   0.00   0.00   1.00   0.35   0.00    120.   1442.    120.    552.    359.    577.      0.    420.    180.      0.      0.    105.     0.     0.   1.00   -108.      0.      0.      0.      0.      0.
   14  71      0.      0.      0.      0.      0.      0.   0.00   0.00   1.00   0.35   0.00    120.   1444.    120.    552.    359.    578.      0.    420.    180.      0.      0.    105.     0.     0.   1.00   -108.      0.      0.      0.      0.      0.
   24  71      0.      0.      0.      0.      0.      0.   0.00   0.00   1.00   0.35   0.00    120.   1469.    120.    552.    360.    603.      0.    420.    180.      0.      0.    105.     0.     0.   1.00   -108.      0.      0.      0.      0.      0.
   34  71      0.      0.      0.      0.      0.      0.   0.00   0.00   1.00   0.35   0.00    120.   1502.    120.    552.    362.    633.      0.    420.    180.      0.      0.    105.     0.     0.   1.00   -108.      0.      0.      0.      0.      0.
   44  71      0.      0.      0.      0.      0.      0.   0.00   0.00   1.00   0.35   0.00    120.   1509.    120.    552.    363.    639.      0.    420.    180.      0.      0.    105.     0.     0.   1.00   -108.      0.      0.      0.      0.      0.
   54  71      0.      0.      0.      0.      0.      0.   0.00   0.00   1.00   0.35   0.00    120.   1533.    120.    552.    366.    660.      0.    420.    180.      0.      0.    105.     0.     0.   1.00   -108.      0.      0.      0.      0.      0.
   64  71      0.      0.      0.      0.      0.      0.   0.00   0.00   1.00   0.35   0.00    120.   1537.    120.    552.    368.    663.      0.    420.    180.      0.      0.    105.     0.     0.   1.00   -108.      0.      0.      0.      0.      0.
   74  71      0.      0.      0.      0.      0.      0.   0.00   0.00   1.00   0.35   0.00    120.   1550.    120.    552.    371.    673.      0.    420.    180.      0.      0.    105.     0.     0.   1.00   -108.      0.      0.      0.      0.      0.
   84  71      0.      0.      0.      0.      0.      0.   0.00   0.00   1.00   0.35   0.00    120.   1570.    120.    552.    377.    686.      0.    420.    180.      0.      0.    105.     0.     0.   1.00   -108.      0.      0.      0.      0.      0.
   94  71      0.      0.      0.      0.      0.      0.   0.00   0.00   1.00   0.35   0.00    120.   1573.    120.    552.    381.    687.      0.    418.    178.      0.      0.    105.     0.     0.   1.00   -108.      0.      0.      0.      0.      0.
  104  71      0.      0.      0.      0.      0.      0.   0.00   0.00   1.00   0.35   0.00    120.   1573.    120.    552.    383.    687.      0.    416.    176.      0.      0.    105.     0.     0.   1.00   -108.      0.      0.      0.      0.      0.
  114  71      0.      0.      0.      0.      0.      0.   0.00   0.00   1.00   0.35   0.00    120.   1581.    120.    552.    389.    687.      0.    418.    178.      0.      0.    105.     0.     0.   1.00   -108.      0.      0.      0.      0.      0.
  117  71      0.      0.      0.      0.      0.      0.   0.00   0.00   1.00   0.35   0.00    120.   1592.    120.    552.    392.    694.      0.    420.    180.      0.      0.    105.     0.     0.   1.00   -108.      0.      0.      0.      0.      0.


Station=  WAGE , Soil=  1, Manage=  1, Rotat=  2 YrRot=  3 , NYear=  7 , NRot=  6 , Crop=  3, Irr.=  1, IOPT=  1,     Runof=0.00, CO2=370. , StYear=1969, StDay=  1

 Planting on day 120, 1971
 Crop emergence on day   0, 1971
 Wageningen, long rotation 2, soil1, current                                     

 DAY  YEAR  WLVG    WLVD    WST    WSO     TAGB    TSUML    DVS    LAI  TRANRF  SMACT  SMACTL   RD    TRAIN   TIRR   TTRANS  TESOIL  TDRAIN  TRUNOF    WTOT   WAVT    WTOTL     WAVTL  WTOTLX  PARAB    PAR    NNI   NMINT  NMIN    NUPT     NFIX   NLIV   NLOSS  
  120  71     19.      0.     11.      0.     30.      0.   0.00   0.05   1.00   0.34   0.35     10.   1592.    120.    552.    395.    694.      0.     34.     14.    314.    134.    174.     0.     0.   1.00      0.     30.      0.      0.      2.      0.
  130  71     19.      0.     11.      0.     30.      0.   0.00   0.05   1.00   0.35   0.35     10.   1600.    139.    553.    418.    694.      0.     35.     15.    315.    135.    174.     0.   104.   1.00      0.     30.      0.      0.      2.      0.
  134  71     19.      0.     11.      0.     30.      0.   0.00   0.05   1.00   0.27   0.35     10.   1603.    139.    553.    430.    694.      0.     27.      7.    315.    135.    174.     0.   150.   1.00     84.     30.      0.      0.      2.      0.
  140  71     52.      0.     32.      0.     83.     57.   0.08   0.13   1.00   0.32   0.35     17.   1642.    139.    553.    445.    713.      0.     51.     19.    294.    126.    175.     2.   196.   1.00     86.     26.      2.      0.      4.      0.
  150  71    145.      0.     89.      0.    234.    129.   0.19   0.33   1.00   0.32   0.35     29.   1660.    139.    556.    463.    713.      0.     91.     35.    252.    108.    175.    11.   276.   1.00     86.     18.     10.      0.     12.      0.
  160  71    715.      0.    438.      0.   1153.    231.   0.33   1.49   1.00   0.27   0.35     41.   1660.    139.    568.    475.    713.      0.    109.     29.    210.     90.    175.    46.   380.   1.00     57.     10.     47.      0.     49.      0.
  170  71   1192.      0.    779.      0.   1971.    301.   0.43   2.41   1.00   0.35   0.35     53.   1720.    139.    584.    482.    717.      0.    182.     78.    168.     72.    175.    88.   441.   1.00     36.      3.     75.      0.     77.      0.
  180  71   2010.      0.   1648.      0.   3658.    383.   0.55   3.83   1.00   0.35   0.35     65.   1758.    139.    607.    486.    729.      0.    224.     96.    126.     54.    175.   147.   512.   1.00     21.      0.    121.      0.    123.      0.
  190  71   3100.    111.   3691.      0.   6902.    492.   0.71   5.41   1.00   0.30   0.35     77.   1760.    139.    644.    488.    729.      0.    229.     77.     84.     36.    175.   251.   624.   1.00    -30.      0.    172.      0.    173.      1.
  200  71   3364.    522.   5769.      0.   9655.    595.   0.86   5.57   1.00   0.27   0.35     89.   1760.    139.    678.    488.    729.      0.    237.     61.     42.     18.    175.   345.   721.   1.00    -55.      0.    197.      0.    196.      3.
  210  71   3338.    886.   7649.     62.  11935.    708.   1.02   5.38   1.00   0.28   0.23    100.   1789.    139.    703.    489.    729.      0.    281.     81.      0.      0.    175.   410.   789.   1.00    -58.      0.    200.      0.    197.      5.
  220  71   2631.   1944.   9213.   1648.  15436.    835.   1.17   4.12   1.00   0.27   0.07    100.   1813.    139.    736.    490.    729.      0.    272.     72.      0.      0.    175.   488.   871.   1.00    -74.      0.    216.      0.    208.     10.
  230  71   1932.   2660.   9281.   3354.  17226.    935.   1.28   3.02   1.00   0.26   0.07    100.   1824.    139.    756.    492.    729.      0.    261.     61.      0.      0.    175.   542.   932.   1.00    -82.      0.    224.      0.    212.     14.
  240  71   1376.   3215.   9281.   5600.  19472.   1051.   1.42   2.15   1.00   0.28   0.07    100.   1852.    159.    777.    497.    729.      0.    283.     83.      0.      0.    175.   600.  1006.   1.00    -84.      0.    226.      0.    211.     17.
  250  71   1012.   3580.   8735.   6866.  20738.   1145.   1.53   1.58   1.00   0.27   0.07    100.   1857.    159.    793.    501.    729.      0.    268.     68.      0.      0.    175.   642.  1069.   1.00    -84.      0.    226.      0.    207.     21.
  260  71    791.   3801.   7137.   7332.  21205.   1205.   1.60   1.24   1.00   0.26   0.07    100.   1858.    159.    804.    503.    729.      0.    256.     56.      0.      0.    175.   680.  1136.   1.00    -84.      0.    226.      0.    200.     28.
  270  71    611.   3981.   5832.   7516.  21389.   1272.   1.67   0.95   1.00   0.26   0.07    100.   1869.    159.    810.    507.    729.      0.    258.     58.      0.      0.    175.   706.  1189.   1.00    -84.      0.    226.      0.    195.     33.
  280  71    478.   4114.   4765.   7721.  21594.   1330.   1.74   0.75   1.00   0.26   0.07    100.   1875.    159.    814.    510.    729.      0.    257.     57.      0.      0.    175.   724.  1234.   1.00    -84.      0.    226.      0.    190.     37.
  290  71    386.   4205.   3973.   7856.  21729.   1380.   1.80   0.60   1.00   0.25   0.07    100.   1878.    159.    817.    512.    729.      0.    254.     54.      0.      0.    175.   735.  1268.   1.00    -84.      0.    226.      0.    187.     41.
  299  71      0.      0.      0.      0.      0.      0.   0.00   0.00   1.00   0.27   0.07    100.   1899.    159.    817.    518.    729.      0.    270.     70.      0.      0.    175.     0.     0.   1.00    -84.      0.      0.      0.      0.      0.
  309  71      0.      0.      0.      0.      0.      0.   0.00   0.00   1.00   0.27   0.07    100.   1899.    159.    817.    519.    729.      0.    269.     69.      0.      0.    175.     0.     0.   1.00    -84.      0.      0.      0.      0.      0.
  319  71      0.      0.      0.      0.      0.      0.   0.00   0.00   1.00   0.28   0.07    100.   1910.    159.    817.    520.    729.      0.    278.     78.      0.      0.    175.     0.     0.   1.00    -84.      0.      0.      0.      0.      0.
  329  71      0.      0.      0.      0.      0.      0.   0.00   0.00   1.00   0.31   0.07    100.   1946.    159.    817.    523.    729.      0.    311.    111.      0.      0.    175.     0.     0.   1.00    -84.      0.      0.      0.      0.      0.
  339  71      0.      0.      0.      0.      0.      0.   0.00   0.00   1.00   0.32   0.07    100.   1958.    159.    817.    523.    729.      0.    323.    123.      0.      0.    175.     0.     0.   1.00    -84.      0.      0.      0.      0.      0.
  349  71      0.      0.      0.      0.      0.      0.   0.00   0.00   1.00   0.33   0.07    100.   1964.    159.    817.    524.    729.      0.    328.    128.      0.      0.    175.     0.     0.   1.00    -84.      0.      0.      0.      0.      0.
  359  71      0.      0.      0.      0.      0.      0.   0.00   0.00   1.00   0.35   0.07    100.   1985.    159.    817.    525.    729.      0.    349.    149.      0.      0.    175.     0.     0.   1.00    -84.      0.      0.      0.      0.      0.
    4  72      0.      0.      0.      0.      0.      0.   0.00   0.00   1.00   0.35   0.07    100.   1987.    159.    817.    525.    729.      0.    350.    150.      0.      0.    175.     0.     0.   1.00    -84.      0.      0.      0.      0.      0.
   14  72      0.      0.      0.      0.      0.      0.   0.00   0.00   1.00   0.35   0.07    100.   1992.    159.    817.    525.    733.      0.    350.    150.      0.      0.    175.     0.     0.   1.00    -84.      0.      0.      0.      0.      0.
   24  72      0.      0.      0.      0.      0.      0.   0.00   0.00   1.00   0.35   0.07    100.   2006.    159.    817.    526.    746.      0.    350.    150.      0.      0.    175.     0.     0.   1.00    -84.      0.      0.      0.      0.      0.
   34  72      0.      0.      0.      0.      0.      0.   0.00   0.00   1.00   0.35   0.07    100.   2020.    159.    817.    528.    758.      0.    350.    150.      0.      0.    175.     0.     0.   1.00    -84.      0.      0.      0.      0.      0.
   44  72      0.      0.      0.      0.      0.      0.   0.00   0.00   1.00   0.35   0.07    100.   2041.    159.    817.    531.    777.      0.    350.    150.      0.      0.    175.     0.     0.   1.00    -84.      0.      0.      0.      0.      0.
   54  72      0.      0.      0.      0.      0.      0.   0.00   0.00   1.00   0.35   0.07    100.   2046.    159.    817.    532.    780.      0.    350.    150.      0.      0.    175.     0.     0.   1.00    -84.      0.      0.      0.      0.      0.
   64  72      0.      0.      0.      0.      0.      0.   0.00   0.00   1.00   0.35   0.07    100.   2051.    159.    817.    535.    783.      0.    350.    150.      0.      0.    175.     0.     0.   1.00    -84.      0.      0.      0.      0.      0.
   74  72      0.      0.      0.      0.      0.      0.   0.00   0.00   1.00   0.35   0.07    100.   2062.    159.    817.    540.    791.      0.    348.    148.      0.      0.    175.     0.     0.   1.00    -84.      0.      0.      0.      0.      0.
   84  72      0.      0.      0.      0.      0.      0.   0.00   0.00   1.00   0.34   0.07    100.   2063.    159.    817.    545.    791.      0.    344.    144.      0.      0.    175.     0.     0.   1.00    -84.      0.      0.      0.      0.      0.
   94  72      0.      0.      0.      0.      0.      0.   0.00   0.00   1.00   0.35   0.07    100.   2102.    159.    817.    553.    816.      0.    350.    150.      0.      0.    175.     0.     0.   1.00    -84.      0.      0.      0.      0.      0.


Station=  WAGE , Soil=  1, Manage=  1, Rotat=  2 YrRot=  4 , NYear=  7 , NRot=  6 , Crop=  4, Irr.=  1, IOPT=  1,     Runof=0.00, CO2=370. , StYear=1969, StDay=  1

 Planting on day 100, 1972
 Crop emergence on day   0, 1972
 Wageningen, long rotation 2, soil1, current                                     

 DAY  YEAR  WLVG    WLVD    WST    WSO     TAGB    TSUML    DVS    LAI  TRANRF  SMACT  SMACTL   RD    TRAIN   TIRR   TTRANS  TESOIL  TDRAIN  TRUNOF    WTOT   WAVT    WTOTL     WAVTL  WTOTLX  PARAB    PAR    NNI   NMINT  NMIN    NUPT     NFIX   NLIV   NLOSS  
  100  72     48.      0.     12.      0.     60.      0.   0.00   0.14   1.00   0.35   0.35     10.   2138.    159.    817.    561.    844.      0.     35.     15.    140.     60.    350.     0.     0.   1.00      0.     30.      0.      0.      4.      0.
  110  72     48.      0.     12.      0.     60.      0.   0.00   0.14   1.00   0.32   0.35     10.   2169.    159.    818.    574.    864.      0.     32.     12.    140.     60.    350.     0.    61.   1.00      0.     30.      0.      0.      4.      0.
  120  72     48.      0.     12.      0.     60.      0.   0.00   0.14   1.00   0.25   0.35     10.   2178.    159.    818.    587.    867.      0.     25.      5.    140.     60.    350.     0.   137.   1.00      0.     30.      0.      0.      4.      0.
  130  72     48.      0.     12.      0.     60.      0.   0.00   0.14   1.00   0.25   0.35     10.   2189.    166.    818.    605.    867.      0.     25.      5.    140.     60.    350.     0.   213.   1.00      0.     30.      0.      0.      4.      0.
  131  72     48.      0.     12.      0.     60.      0.   0.00   0.14   1.00   0.35   0.35     10.   2200.    172.    818.    607.    872.      0.     35.     15.    140.     60.    350.     0.   219.   1.00      0.     30.      0.      0.      4.      0.
  140  72    185.      0.     46.      0.    231.     61.   0.41   0.50   1.00   0.35   0.35     21.   2247.    172.    821.    620.    903.      0.     69.     29.    106.     46.    350.    10.   264.   1.00     84.     23.      7.      0.     10.      0.
  150  72   1334.      0.    340.     21.   1695.    173.   1.05   3.94   1.00   0.35   0.35     33.   2276.    182.    845.    626.    912.      0.    111.     47.     64.     28.    350.    77.   354.   1.00     30.     16.     68.      0.     72.      0.
  160  72   2069.    148.    672.    354.   3242.    286.   1.12   6.15   1.00   0.34   0.35     45.   2299.    182.    872.    626.    912.      0.    148.     61.     22.     10.    350.   147.   425.   1.00    -11.      8.    117.      0.    117.      3.
  170  72   2437.    622.   1215.   1350.   5623.    390.   1.19   7.20   1.00   0.31   0.00     50.   2315.    182.    903.    626.    912.      0.    156.     56.      0.      0.    350.   243.   521.   1.00    -54.      1.    167.      0.    159.     12.
  180  72   2187.   1133.   1664.   2503.   7487.    517.   1.27   6.43   1.00   0.33   0.00     50.   2356.    182.    933.    626.    913.      0.    165.     65.      0.      0.    350.   317.   595.   1.00    -52.      0.    194.      0.    175.     23.
  190  72   1883.   1438.   1918.   3939.   9177.    651.   1.35   5.54   1.00   0.32   0.00     50.   2386.    182.    959.    626.    920.      0.    162.     62.      0.      0.    350.   381.   660.   1.00    -66.      0.    208.      0.    183.     29.
  200  72   1709.   1612.   1919.   6680.  11919.    790.   1.44   5.03   1.00   0.30   0.00     50.   2397.    192.    992.    627.    920.      0.    150.     50.      0.      0.    350.   481.   760.   1.00    -83.      0.    225.      0.    197.     32.
  210  72   1357.   1964.   1700.   8125.  13364.    973.   1.56   3.99   1.00   0.35   0.00     50.   2462.    212.   1022.    627.    950.      0.    175.     75.      0.      0.    350.   554.   833.   1.00    -99.      0.    241.      0.    202.     43.
  220  72    984.   2337.   1389.   9837.  15076.   1115.   1.65   2.89   1.00   0.31   0.00     50.   2471.    212.   1045.    627.    952.      0.    157.     57.      0.      0.    350.   620.   902.   1.00   -103.      0.    245.      0.    194.     55.
  230  72    705.   2616.   1135.  11211.  16451.   1267.   1.75   2.07   1.00   0.32   0.00     50.   2498.    212.   1070.    629.    952.      0.    158.     58.      0.      0.    350.   692.   980.   1.00   -103.      0.    245.      0.    184.     65.
  240  72    534.   2787.    927.  12003.  17243.   1384.   1.83   1.57   1.00   0.32   0.00     50.   2519.    212.   1087.    632.    952.      0.    160.     60.      0.      0.    350.   747.  1046.   1.00   -103.      0.    245.      0.    177.     72.
  250  72    404.   2917.    758.  12576.  17815.   1503.   1.90   1.19   1.00   0.28   0.00     50.   2519.    212.   1104.    633.    952.      0.    141.     41.      0.      0.    350.   811.  1131.   1.00   -103.      0.    245.      0.    172.     77.
  260  72    317.   3004.    632.  12700.  17939.   1605.   1.97   0.93   1.00   0.33   0.00     50.   2554.    212.   1113.    638.    952.      0.    163.     63.      0.      0.    350.   839.  1174.   1.00   -103.      0.    245.      0.    168.     81.
  269  72      0.      0.      0.      0.      0.      0.   0.00   0.00   1.00   0.35   0.00     50.   2569.    212.   1113.    641.    953.      0.    174.     74.      0.      0.    350.     0.     0.   1.00   -103.      0.      0.      0.      0.      0.


Station=  WAGE , Soil=  1, Manage=  1, Rotat=  2 YrRot=  5 , NYear=  7 , NRot=  6 , Crop=  5, Irr.=  1, IOPT=  1,     Runof=0.00, CO2=370. , StYear=1969, StDay=  1

 Planting on day 270, 1972
 Crop emergence on day   0, 1972
 Wageningen, long rotation 2, soil1, current                                     

 DAY  YEAR  WLVG    WLVD    WST    WSO     TAGB    TSUML    DVS    LAI  TRANRF  SMACT  SMACTL   RD    TRAIN   TIRR   TTRANS  TESOIL  TDRAIN  TRUNOF    WTOT   WAVT    WTOTL     WAVTL  WTOTLX  PARAB    PAR    NNI   NMINT  NMIN    NUPT     NFIX   NLIV   NLOSS  
  270  72    137.      0.     59.      0.    195.      0.   0.00   0.30   1.00   0.35   0.35     10.   2569.    212.   1113.    641.    953.      0.     35.     15.    402.    172.     87.     0.     0.   1.00      0.     30.      0.      0.     11.      0.
  277  72    137.      0.     59.      0.    195.      0.   0.00   0.30   1.00   0.33   0.35     10.   2570.    212.   1114.    643.    953.      0.     33.     13.    402.    172.     87.     0.    31.   1.00      0.     30.      0.      0.     11.      0.
  280  72    173.      0.     74.      0.    248.      5.   0.02   0.37   1.00   0.32   0.35     14.   2570.    212.   1114.    644.    953.      0.     40.     15.    393.    168.     87.     3.    50.   1.00      1.     28.      1.      0.     13.      0.
  290  72    253.      0.    109.      0.    362.     18.   0.07   0.77   1.00   0.32   0.35     26.   2570.    212.   1116.    645.    953.      0.     79.     30.    351.    150.     87.    13.    91.   1.00      2.     20.      8.      0.     19.      0.
  300  72    326.      0.    140.      0.    466.     22.   0.09   0.93   1.00   0.35   0.35     38.   2585.    212.   1117.    647.    959.      0.    126.     54.    310.    133.     88.    23.   118.   1.00      5.     13.     12.      0.     24.      0.
  310  72    428.      0.    183.      0.    611.     25.   0.10   1.15   1.00   0.35   0.35     50.   2594.    212.   1119.    649.    964.      0.    169.     72.    268.    115.     88.    31.   138.   1.00      4.      5.     21.      0.     32.      0.
  320  72    501.      0.    215.      0.    715.     25.   0.10   1.31   1.00   0.35   0.35     62.   2641.    212.   1122.    651.   1005.      0.    211.     91.    226.     97.     88.    37.   150.   1.00      3.      0.     27.      0.     38.      0.
  330  72    532.      0.    228.      0.    760.     25.   0.10   1.38   1.00   0.35   0.35     74.   2668.    212.   1123.    652.   1030.      0.    253.    109.    184.     79.     88.    45.   165.   1.00      1.      0.     29.      0.     41.      0.
  340  72    577.      0.    247.      0.    825.     25.   0.10   1.48   1.00   0.35   0.35     86.   2673.    212.   1124.    653.   1033.      0.    295.    127.    142.     61.     88.    53.   179.   1.00     -2.      0.     32.      0.     44.      0.
  350  72    629.      0.    269.      0.    898.     25.   0.10   1.59   1.00   0.35   0.35     98.   2691.    212.   1126.    654.   1048.      0.    337.    144.    100.     43.     88.    58.   189.   1.00     -6.      0.     36.      0.     48.      0.
  360  72    638.      0.    273.      0.    911.     25.   0.10   1.61   1.00   0.35   0.35    110.   2691.    212.   1127.    654.   1048.      0.    378.    161.     58.     25.     88.    65.   201.   1.00     -7.      0.     37.      0.     49.      0.
    5  73    639.      0.    274.      0.    913.     25.   0.10   1.61   1.00   0.35   0.35    122.   2691.    212.   1128.    654.   1048.      0.    418.    178.     16.      7.     88.    72.   212.   1.00     -7.      0.     37.      0.     49.      0.
   15  73    641.      0.    275.      0.    916.     25.   0.10   1.62   1.00   0.35   0.00    125.   2693.    212.   1129.    654.   1048.      0.    436.    186.      0.      0.     88.    76.   220.   1.00     -8.      0.     38.      0.     49.      0.
   25  73    648.      0.    278.      0.    926.     25.   0.10   1.63   1.00   0.35   0.00    125.   2699.    212.   1130.    655.   1051.      0.    437.    187.      0.      0.     88.    82.   231.   1.00     -8.      0.     38.      0.     49.      0.
   35  73    685.      0.    294.      0.    978.     25.   0.10   1.71   1.00   0.35   0.00    125.   2717.    212.   1131.    656.   1067.      0.    437.    187.      0.      0.     88.    91.   246.   1.00    -11.      0.     41.      0.     52.      0.
   45  73    712.      0.    305.      0.   1017.     25.   0.11   1.77   1.00   0.35   0.00    125.   2756.    212.   1134.    657.   1101.      0.    438.    187.      0.      0.     88.   100.   259.   1.00    -13.      0.     43.      0.     54.      0.
   55  73    726.      0.    311.      0.   1037.     26.   0.11   1.80   1.00   0.35   0.00    125.   2784.    212.   1137.    659.   1126.      0.    438.    187.      0.      0.     88.   110.   277.   1.00    -14.      0.     44.      0.     55.      0.
   65  73    772.      0.    331.      0.   1102.     28.   0.12   1.90   1.00   0.35   0.00    125.   2792.    212.   1140.    660.   1129.      0.    437.    187.      0.      0.     88.   133.   314.   1.00    -15.      0.     45.      0.     57.      0.
   75  73    816.      0.    350.      0.   1165.     30.   0.13   2.00   1.00   0.35   0.00    125.   2801.    212.   1145.    662.   1135.      0.    433.    183.      0.      0.     88.   168.   366.   1.00    -20.      0.     50.      0.     61.      0.
   85  73    901.      0.    386.      0.   1288.     41.   0.17   2.18   1.00   0.34   0.00    125.   2806.    212.   1152.    664.   1135.      0.    429.    179.      0.      0.     88.   201.   415.   1.00    -24.      0.     54.      0.     66.      0.
   95  73    966.      0.    414.      0.   1380.     49.   0.20   2.32   1.00   0.35   0.00    125.   2848.    212.   1161.    667.   1156.      0.    438.    187.      0.      0.     88.   236.   465.   1.00    -26.      0.     56.      0.     67.      0.
  105  73   1070.      0.    466.      0.   1536.     55.   0.23   2.55   1.00   0.35   0.00    125.   2866.    212.   1171.    671.   1162.      0.    436.    186.      0.      0.     88.   281.   526.   1.00    -31.      0.     61.      0.     73.      0.
  115  73   1380.      0.    715.      0.   2095.     78.   0.32   3.22   1.00   0.34   0.00    125.   2879.    212.   1186.    674.   1163.      0.    431.    181.      0.      0.     88.   336.   596.   1.00    -40.      0.     70.      0.     82.      0.
  125  73   1717.      0.   1126.      0.   2842.    121.   0.50   3.94   1.00   0.35   0.00    125.   2902.    212.   1201.    676.   1164.      0.    435.    185.      0.      0.     88.   390.   659.   1.00    -53.      0.     83.      0.     94.      0.
  135  73   2163.     69.   2142.      0.   4373.    183.   0.76   4.87   1.00   0.35   0.00    125.   2922.    212.   1222.    678.   1164.      0.    432.    182.      0.      0.     88.   452.   728.   1.00     19.      0.     95.      0.    105.      1.
  145  73   2252.    388.   3752.     14.   6407.    273.   1.06   5.00   1.00   0.33   0.00    125.   2932.    212.   1255.    679.   1164.      0.    409.    159.      0.      0.     88.   546.   829.   1.00     13.      0.    101.      0.    110.      3.
  155  73   1907.    992.   5148.    389.   8437.    375.   1.23   4.19   1.00   0.33   0.00    125.   2963.    212.   1280.    681.   1164.      0.    411.    161.      0.      0.     88.   617.   905.   1.00      2.      0.    112.      0.    116.      7.
  165  73   1448.   1451.   6167.   1607.  10673.    472.   1.39   3.19   1.00   0.30   0.00    125.   2963.    212.   1309.    683.   1164.      0.    381.    131.      0.      0.     88.   705.  1007.   1.00     -6.      0.    120.      0.    120.     11.
  175  73   1054.   1846.   6262.   3504.  13053.    596.   1.60   2.32   1.00   0.28   0.00    125.   2963.    222.   1344.    686.   1164.      0.    352.    102.      0.      0.     88.   801.  1130.   1.00     22.      0.    120.      0.    116.     15.
  185  73    727.   2173.   5149.   4601.  14188.    754.   1.86   1.60   1.00   0.27   0.00    125.   2975.    242.   1375.    699.   1164.      0.    341.     91.      0.      0.     88.   880.  1250.   1.00     22.      0.    120.      0.    109.     22.
  192  73    589.   2311.   4561.   4727.  14315.    842.   2.01   1.29   1.00   0.28   0.00    125.   2977.    272.   1390.    710.   1164.      0.    347.     97.      0.      0.     88.   913.  1312.   1.00     22.      0.    120.      0.    105.     26.
  194  73      0.      0.      0.      0.      0.      0.   0.00   0.00   1.00   0.28   0.00    125.   2990.    272.   1390.    713.   1164.      0.    356.    106.      0.      0.     88.     0.     0.   1.00     22.      0.      0.      0.      0.      0.
  204  73      0.      0.      0.      0.      0.      0.   0.00   0.00   1.00   0.30   0.00    125.   3022.    272.   1390.    727.   1164.      0.    375.    125.      0.      0.     88.     0.     0.   1.00     22.      0.      0.      0.      0.      0.
  214  73      0.      0.      0.      0.      0.      0.   0.00   0.00   1.00   0.30   0.00    125.   3037.    272.   1390.    738.   1164.      0.    379.    129.      0.      0.     88.     0.     0.   1.00     22.      0.      0.      0.      0.      0.
  224  73      0.      0.      0.      0.      0.      0.   0.00   0.00   1.00   0.31   0.00    125.   3058.    272.   1390.    750.   1164.      0.    388.    138.      0.      0.     88.     0.     0.   1.00     22.      0.      0.      0.      0.      0.
  234  73      0.      0.      0.      0.      0.      0.   0.00   0.00   1.00   0.31   0.00    125.   3058.    272.   1390.    755.   1164.      0.    383.    133.      0.      0.     88.     0.     0.   1.00     22.      0.      0.      0.      0.      0.
  244  73      0.      0.      0.      0.      0.      0.   0.00   0.00   1.00   0.32   0.00    125.   3081.    272.   1390.    760.   1164.      0.    402.    152.      0.      0.     88.     0.     0.   1.00     22.      0.      0.      0.      0.      0.
  254  73      0.      0.      0.      0.      0.      0.   0.00   0.00   1.00   0.32   0.00    125.   3084.    272.   1390.    765.   1164.      0.    399.    149.      0.      0.     88.     0.     0.   1.00     22.      0.      0.      0.      0.      0.
  264  73      0.      0.      0.      0.      0.      0.   0.00   0.00   1.00   0.33   0.00    125.   3108.    272.   1390.    772.   1164.      0.    416.    166.      0.      0.     88.     0.     0.   1.00     22.      0.      0.      0.      0.      0.
  274  73      0.      0.      0.      0.      0.      0.   0.00   0.00   1.00   0.35   0.00    125.   3145.    272.   1390.    777.   1174.      0.    437.    187.      0.      0.     88.     0.     0.   1.00     22.      0.      0.      0.      0.      0.
  277  73      0.      0.      0.      0.      0.      0.   0.00   0.00   1.00   0.35   0.00    125.   3145.    272.   1390.    778.   1174.      0.    437.    187.      0.      0.     88.     0.     0.   1.00     22.      0.      0.      0.      0.      0.
  284  73      0.      0.      0.      0.      0.      0.   0.00   0.00   1.00   0.35   0.00    125.   3164.    272.   1390.    780.   1191.      0.    438.    187.      0.      0.     88.     0.     0.   1.00     22.      0.      0.      0.      0.      0.
  294  73      0.      0.      0.      0.      0.      0.   0.00   0.00   1.00   0.35   0.00    125.   3224.    272.   1390.    782.   1248.      0.    438.    187.      0.      0.     88.     0.     0.   1.00     22.      0.      0.      0.      0.      0.
  304  73      0.      0.      0.      0.      0.      0.   0.00   0.00   1.00   0.35   0.00    125.   3230.    272.   1390.    784.   1253.      0.    437.    187.      0.      0.     88.     0.     0.   1.00     22.      0.      0.      0.      0.      0.
  314  73      0.      0.      0.      0.      0.      0.   0.00   0.00   1.00   0.35   0.00    125.   3250.    272.   1390.    785.   1271.      0.    437.    187.      0.      0.     88.     0.     0.   1.00     22.      0.      0.      0.      0.      0.
  324  73      0.      0.      0.      0.      0.      0.   0.00   0.00   1.00   0.35   0.00    125.   3284.    272.   1390.    788.   1303.      0.    438.    187.      0.      0.     88.     0.     0.   1.00     22.      0.      0.      0.      0.      0.
  334  73      0.      0.      0.      0.      0.      0.   0.00   0.00   1.00   0.35   0.00    125.   3309.    272.   1390.    788.   1328.      0.    438.    187.      0.      0.     88.     0.     0.   1.00     22.      0.      0.      0.      0.      0.
  344  73      0.      0.      0.      0.      0.      0.   0.00   0.00   1.00   0.35   0.00    125.   3338.    272.   1390.    788.   1356.      0.    438.    187.      0.      0.     88.     0.     0.   1.00     22.      0.      0.      0.      0.      0.
  354  73      0.      0.      0.      0.      0.      0.   0.00   0.00   1.00   0.35   0.00    125.   3367.    272.   1390.    790.   1384.      0.    437.    187.      0.      0.     88.     0.     0.   1.00     22.      0.      0.      0.      0.      0.
  364  73      0.      0.      0.      0.      0.      0.   0.00   0.00   1.00   0.35   0.00    125.   3373.    272.   1390.    790.   1389.      0.    437.    187.      0.      0.     88.     0.     0.   1.00     22.      0.      0.      0.      0.      0.
    9  74      0.      0.      0.      0.      0.      0.   0.00   0.00   1.00   0.35   0.00    125.   3387.    272.   1390.    791.   1402.      0.    438.    187.      0.      0.     88.     0.     0.   1.00     22.      0.      0.      0.      0.      0.
   19  74      0.      0.      0.      0.      0.      0.   0.00   0.00   1.00   0.35   0.00    125.   3416.    272.   1390.    795.   1428.      0.    437.    187.      0.      0.     88.     0.     0.   1.00     22.      0.      0.      0.      0.      0.
   29  74      0.      0.      0.      0.      0.      0.   0.00   0.00   1.00   0.35   0.00    125.   3430.    272.   1390.    797.   1440.      0.    438.    187.      0.      0.     88.     0.     0.   1.00     22.      0.      0.      0.      0.      0.
   39  74      0.      0.      0.      0.      0.      0.   0.00   0.00   1.00   0.35   0.00    125.   3438.    272.   1390.    798.   1446.      0.    438.    187.      0.      0.     88.     0.     0.   1.00     22.      0.      0.      0.      0.      0.
   49  74      0.      0.      0.      0.      0.      0.   0.00   0.00   1.00   0.35   0.00    125.   3457.    272.   1390.    802.   1463.      0.    437.    187.      0.      0.     88.     0.     0.   1.00     22.      0.      0.      0.      0.      0.
   59  74      0.      0.      0.      0.      0.      0.   0.00   0.00   1.00   0.35   0.00    125.   3461.    272.   1390.    803.   1465.      0.    437.    187.      0.      0.     88.     0.     0.   1.00     22.      0.      0.      0.      0.      0.
   69  74      0.      0.      0.      0.      0.      0.   0.00   0.00   1.00   0.35   0.00    125.   3479.    272.   1390.    805.   1482.      0.    437.    187.      0.      0.     88.     0.     0.   1.00     22.      0.      0.      0.      0.      0.
   79  74      0.      0.      0.      0.      0.      0.   0.00   0.00   1.00   0.35   0.00    125.   3508.    272.   1390.    809.   1506.      0.    437.    187.      0.      0.     88.     0.     0.   1.00     22.      0.      0.      0.      0.      0.


Station=  WAGE , Soil=  1, Manage=  1, Rotat=  2 YrRot=  6 , NYear=  7 , NRot=  6 , Crop=  6, Irr.=  1, IOPT=  1,     Runof=0.00, CO2=370. , StYear=1969, StDay=  1

 Planting on day  80, 1974
 Crop emergence on day   0, 1974
 Wageningen, long rotation 2, soil1, current                                     

 DAY  YEAR  WLVG    WLVD    WST    WSO     TAGB    TSUML    DVS    LAI  TRANRF  SMACT  SMACTL   RD    TRAIN   TIRR   TTRANS  TESOIL  TDRAIN  TRUNOF    WTOT   WAVT    WTOTL     WAVTL  WTOTLX  PARAB    PAR    NNI   NMINT  NMIN    NUPT     NFIX   NLIV   NLOSS  
   80  74     11.      0.     11.      0.     22.      0.   0.00   0.03   1.00   0.35   0.35     10.   3515.    272.   1390.    810.   1512.      0.     35.     15.    315.    135.    175.     0.     0.   1.00      0.     30.      0.      0.      2.      0.
   90  74     11.      0.     11.      0.     22.      0.   0.00   0.03   1.00   0.29   0.35     10.   3516.    272.   1390.    817.   1512.      0.     29.      9.    315.    135.    175.     0.    55.   1.00      0.     30.      0.      0.      2.      0.
   92  74     11.      0.     11.      0.     22.      0.   0.00   0.03   1.00   0.28   0.35     10.   3516.    272.   1390.    818.   1512.      0.     28.      8.    315.    135.    175.     0.    70.   1.00      0.     30.      0.      0.      2.      0.
  100  74     28.      0.     27.      0.     55.     96.   0.12   0.10   1.00   0.28   0.35     20.   3516.    272.   1391.    823.   1512.      0.     51.     15.    285.    122.    175.     3.   141.   1.00      6.     24.      0.      2.      4.      0.
  110  74     41.      0.     39.      0.     79.    172.   0.21   0.23   1.00   0.29   0.35     32.   3516.    272.   1394.    827.   1512.      0.     87.     26.    243.    104.    175.    14.   233.   1.00     13.     16.      1.      3.      5.      0.
  120  74     64.      0.     58.      0.    122.    234.   0.28   0.32   1.00   0.30   0.35     44.   3526.    272.   1397.    834.   1512.      0.    128.     43.    201.     86.    175.    27.   306.   1.00     20.      9.      1.      4.      6.      0.
  130  74    162.      0.    135.      0.    296.    318.   0.38   0.71   1.00   0.30   0.35     56.   3527.    272.   1402.    837.   1512.      0.    162.     54.    160.     68.    175.    45.   362.   1.00     26.      2.      2.      8.     12.      0.
  140  74    827.      0.    601.      0.   1428.    455.   0.55   3.47   1.00   0.31   0.35     68.   3560.    272.   1424.    844.   1512.      0.    209.     76.    118.     50.    175.   111.   458.   1.00    104.      0.     10.     40.     51.      0.
  150  74   1496.     84.   1183.     59.   2823.    576.   0.69   6.28   1.00   0.30   0.35     80.   3570.    272.   1452.    845.   1512.      0.    232.     75.     76.     32.    175.   200.   549.   1.00     93.      0.     21.     84.    105.      1.
  160  74   1685.    402.   1705.    197.   3990.    692.   0.83   7.07   1.00   0.32   0.35     92.   3613.    272.   1482.    845.   1512.      0.    287.    106.     34.     14.    175.   291.   641.   1.00     88.      0.     26.    106.    129.      4.
  170  74   1894.    870.   2720.    621.   6105.    841.   1.01   7.95   1.00   0.30   0.07    100.   3627.    272.   1517.    845.   1512.      0.    300.    100.      0.      0.    175.   398.   747.   1.00     80.      0.     34.    136.    162.      9.
  180  74   1733.   1444.   3649.   1444.   8270.    998.   1.13   7.28   1.00   0.28   0.07    100.   3642.    272.   1548.    845.   1512.      0.    284.     84.      0.      0.    175.   492.   842.   1.00     99.      0.     43.    174.    203.     15.
  190  74   1388.   1910.   4155.   2620.  10073.   1148.   1.24   5.83   1.00   0.30   0.07    100.   3685.    272.   1574.    845.   1512.      0.    300.    100.      0.      0.    175.   566.   916.   1.00     91.      0.     51.    205.    237.     20.
  200  74   1080.   2277.   4538.   4011.  11907.   1297.   1.35   4.54   1.00   0.29   0.07    100.   3700.    272.   1602.    845.   1512.      0.    287.     87.      0.      0.    175.   639.   991.   1.00     84.      0.     58.    231.    266.     24.
  210  74    835.   2558.   4777.   5298.  13468.   1443.   1.46   3.51   1.00   0.27   0.07    100.   3712.    272.   1626.    846.   1512.      0.    275.     75.      0.      0.    175.   708.  1062.   1.00     84.      0.     58.    231.    263.     27.
  220  74    621.   2777.   4274.   6611.  14834.   1597.   1.57   2.61   1.00   0.26   0.07    100.   3721.    272.   1650.    847.   1512.      0.    257.     57.      0.      0.    175.   778.  1139.   1.00     84.      0.     58.    231.    256.     34.
  230  74    446.   2952.   3496.   7552.  15778.   1768.   1.70   1.87   1.00   0.30   0.07    100.   3778.    282.   1671.    851.   1512.      0.    301.    101.      0.      0.    175.   836.  1210.   1.00     84.      0.     58.    231.    248.     43.
  240  74    327.   3071.   2856.   8374.  16601.   1924.   1.81   1.37   1.00   0.29   0.07    100.   3790.    282.   1690.    855.   1512.      0.    290.     90.      0.      0.    175.   904.  1303.   1.00     84.      0.     58.    231.    241.     49.
  250  74    248.   3150.   2382.   8667.  16894.   2062.   1.91   1.04   1.00   0.32   0.07    100.   3841.    282.   1702.    861.   1512.      0.    322.    122.      0.      0.    175.   939.  1358.   1.00     84.      0.     58.    231.    237.     54.
  259  74      0.      0.      0.      0.      0.      0.   0.00   0.00   1.00   0.33   0.07    100.   3860.    282.   1702.    868.   1512.      0.    333.    133.      0.      0.    175.     0.     0.   1.00     84.      0.      0.      0.      0.      0.
  269  74      0.      0.      0.      0.      0.      0.   0.00   0.00   1.00   0.35   0.07    100.   3901.    282.   1702.    872.   1533.      0.    350.    150.      0.      0.    175.     0.     0.   1.00     84.      0.      0.      0.      0.      0.
  279  74      0.      0.      0.      0.      0.      0.   0.00   0.00   1.00   0.35   0.07    100.   3932.    282.   1702.    876.   1561.      0.    350.    150.      0.      0.    175.     0.     0.   1.00     84.      0.      0.      0.      0.      0.
  289  74      0.      0.      0.      0.      0.      0.   0.00   0.00   1.00   0.35   0.07    100.   3952.    282.   1702.    878.   1578.      0.    350.    150.      0.      0.    175.     0.     0.   1.00     84.      0.      0.      0.      0.      0.
  299  74      0.      0.      0.      0.      0.      0.   0.00   0.00   1.00   0.35   0.07    100.   3996.    282.   1702.    881.   1620.      0.    350.    150.      0.      0.    175.     0.     0.   1.00     84.      0.      0.      0.      0.      0.
  309  74      0.      0.      0.      0.      0.      0.   0.00   0.00   1.00   0.35   0.07    100.   4045.    282.   1702.    883.   1667.      0.    350.    150.      0.      0.    175.     0.     0.   1.00     84.      0.      0.      0.      0.      0.
  319  74      0.      0.      0.      0.      0.      0.   0.00   0.00   1.00   0.35   0.07    100.   4061.    282.   1702.    886.   1679.      0.    350.    150.      0.      0.    175.     0.     0.   1.00     84.      0.      0.      0.      0.      0.
  329  74      0.      0.      0.      0.      0.      0.   0.00   0.00   1.00   0.35   0.07    100.   4103.    282.   1702.    888.   1719.      0.    350.    150.      0.      0.    175.     0.     0.   1.00     84.      0.      0.      0.      0.      0.
  339  74      0.      0.      0.      0.      0.      0.   0.00   0.00   1.00   0.35   0.07    100.   4138.    282.   1702.    891.   1751.      0.    350.    150.      0.      0.    175.     0.     0.   1.00     84.      0.      0.      0.      0.      0.
  349  74      0.      0.      0.      0.      0.      0.   0.00   0.00   1.00   0.35   0.07    100.   4180.    282.   1702.    894.   1791.      0.    350.    150.      0.      0.    175.     0.     0.   1.00     84.      0.      0.      0.      0.      0.
  359  74      0.      0.      0.      0.      0.      0.   0.00   0.00   1.00   0.35   0.07    100.   4204.    282.   1702.    896.   1812.      0.    350.    150.      0.      0.    175.     0.     0.   1.00     84.      0.      0.      0.      0.      0.
    4  75      0.      0.      0.      0.      0.      0.   0.00   0.00   1.00   0.35   0.07    100.   4243.    282.   1702.    900.   1847.      0.    350.    150.      0.      0.    175.     0.     0.   1.00     84.      0.      0.      0.      0.      0.
   14  75      0.      0.      0.      0.      0.      0.   0.00   0.00   1.00   0.35   0.07    100.   4267.    282.   1702.    902.   1870.      0.    349.    149.      0.      0.    175.     0.     0.   1.00     84.      0.      0.      0.      0.      0.


Station=  WAGE , Soil=  1, Manage=  1, Rotat=  2 YrRot=  1 , NYear=  7 , NRot=  6 , Crop=  1, Irr.=  1, IOPT=  1,     Runof=0.00, CO2=370. , StYear=1969, StDay=  1

 Planting on day   0, 1975
 Crop emergence on day  20, 1975
 Wageningen, long rotation 2, soil1, current                                     

 DAY  YEAR  WLVG    WLVD    WST    WSO     TAGB    TSUML    DVS    LAI  TRANRF  SMACT  SMACTL   RD    TRAIN   TIRR   TTRANS  TESOIL  TDRAIN  TRUNOF    WTOT   WAVT    WTOTL     WAVTL  WTOTLX  PARAB    PAR    NNI   NMINT  NMIN    NUPT     NFIX   NLIV   NLOSS  
   20  75     68.      0.     37.      0.    105.      0.   0.00   0.14   1.00   0.35   0.35     10.   4282.    282.   1702.    904.   1882.      0.     35.     15.    403.    173.     88.     0.     0.   1.00      0.     30.      0.      0.      8.      0.
   30  75     72.      0.     39.      0.    111.      0.   0.00   0.22   1.00   0.35   0.35     22.   4324.    282.   1703.    910.   1918.      0.     73.     31.    365.    156.     88.     1.    14.   1.00      7.     22.      0.      0.      9.      0.
   40  75     78.      0.     42.      0.    120.      0.   0.00   0.31   1.00   0.35   0.35     34.   4336.    282.   1704.    912.   1928.      0.    114.     48.    323.    138.     88.     5.    40.   1.00     14.     15.      1.      0.     10.      0.
   50  75     83.      0.     44.      0.    127.      0.   0.00   0.42   1.00   0.35   0.35     46.   4354.    282.   1705.    915.   1941.      0.    157.     67.    281.    120.     88.    10.    63.   1.00     21.      8.      1.      0.     10.      0.
   60  75     84.      0.     45.      0.    130.      3.   0.00   0.56   1.00   0.34   0.35     58.   4354.    282.   1707.    917.   1941.      0.    195.     82.    239.    102.     88.    21.   108.   1.00     28.      0.      2.      0.     10.      0.
   70  75    123.      0.     66.      0.    189.     14.   0.02   0.81   1.00   0.35   0.35     70.   4378.    282.   1709.    921.   1955.      0.    241.    103.    197.     84.     88.    30.   133.   1.00     24.      0.      6.      0.     14.      0.
   80  75    129.      0.     69.      0.    198.     23.   0.03   0.83   1.00   0.35   0.35     82.   4397.    282.   1711.    924.   1968.      0.    283.    121.    155.     66.     88.    37.   152.   1.00     23.      0.      7.      0.     15.      0.
   90  75    130.      0.     70.      0.    200.     36.   0.05   0.83   1.00   0.35   0.35     94.   4431.    282.   1715.    930.   1993.      0.    324.    139.    113.     48.     88.    57.   202.   1.00     23.      0.      7.      0.     15.      0.
  100  75    136.      0.     73.      0.    210.     52.   0.07   0.84   1.00   0.35   0.35    106.   4451.    282.   1719.    937.   2001.      0.    367.    157.     71.     30.     88.    76.   251.   1.00     23.      0.      7.      0.     16.      0.
  110  75    186.      0.    100.      0.    285.    106.   0.15   0.95   1.00   0.35   0.35    118.   4478.    282.   1723.    943.   2018.      0.    409.    175.     29.     12.     88.    90.   286.   1.00     19.      0.     11.      0.     19.      0.
  120  75    532.      0.    259.      0.    791.    195.   0.27   1.68   1.00   0.35   0.00    125.   4488.    282.   1733.    948.   2018.      0.    433.    183.      0.      0.     88.   130.   364.   1.00     -2.      0.     32.      0.     40.      0.
  130  75   1156.      0.    620.      0.   1776.    290.   0.40   3.00   1.00   0.35   0.00    125.   4514.    282.   1749.    955.   2020.      0.    433.    183.      0.      0.     88.   189.   445.   1.00    -34.      0.     64.      0.     73.      0.
  140  75   1930.     13.   1370.      0.   3313.    405.   0.56   4.64   1.00   0.34   0.00    125.   4529.    282.   1768.    957.   2021.      0.    427.    177.      0.      0.     88.   260.   525.   1.00     14.      0.    100.      0.    108.      0.
  150  75   2414.    195.   2740.      0.   5350.    510.   0.71   5.62   1.00   0.32   0.00    125.   4529.    282.   1797.    958.   2021.      0.    397.    147.      0.      0.     88.   354.   624.   1.00    -11.      0.    125.      0.    132.      1.
  160  75   2441.    471.   4273.      0.   7186.    612.   0.85   5.63   1.00   0.31   0.00    125.   4547.    282.   1826.    959.   2021.      0.    386.    136.      0.      0.     88.   450.   724.   1.00    -22.      0.    136.      0.    142.      2.
  170  75   2147.    852.   6033.    883.   9915.    769.   1.05   4.93   1.00   0.30   0.00    125.   4572.    282.   1858.    959.   2021.      0.    377.    127.      0.      0.     88.   543.   821.   1.00    -33.      0.    147.      0.    152.      3.
  180  75   1571.   1428.   6033.   3463.  12496.    928.   1.22   3.61   1.00   0.31   0.00    125.   4615.    282.   1887.    961.   2021.      0.    391.    141.      0.      0.     88.   630.   915.   1.00    -10.      0.    152.      0.    154.      6.
  190  75   1143.   1856.   6033.   6020.  15053.   1092.   1.39   2.63   1.00   0.31   0.00    125.   4641.    282.   1916.    965.   2021.      0.    383.    133.      0.      0.     88.   716.  1017.   1.00    -17.      0.    159.      0.    160.      7.
  200  75    803.   2196.   5565.   7387.  16419.   1277.   1.59   1.84   1.00   0.31   0.00    125.   4674.    282.   1938.    971.   2021.      0.    388.    138.      0.      0.     88.   774.  1094.   1.00    -17.      0.    159.      0.    157.     10.
  210  75    586.   2413.   4547.   8135.  17167.   1436.   1.76   1.35   1.00   0.32   0.00    125.   4708.    282.   1953.    979.   2021.      0.    399.    149.      0.      0.     88.   819.  1168.   1.00    -17.      0.    159.      0.    154.     13.
  220  75    396.   2603.   3715.   8697.  17730.   1649.   1.98   0.91   1.00   0.30   0.00    125.   4715.    282.   1975.    991.   2021.      0.    371.    121.      0.      0.     88.   876.  1283.   1.00    -17.      0.    159.      0.    151.     16.
  222  75    378.   2621.   3641.   8718.  17751.   1676.   2.01   0.87   1.00   0.29   0.00    125.   4719.    282.   1980.    996.   2021.      0.    366.    116.      0.      0.     88.   881.  1294.   1.00    -17.      0.    159.      0.    151.     17.
  229  75      0.      0.      0.      0.      0.      0.   0.00   0.00   1.00   0.30   0.00    125.   4740.    282.   1980.   1006.   2021.      0.    378.    128.      0.      0.     88.     0.     0.   1.00    -17.      0.      0.      0.      0.      0.
  239  75      0.      0.      0.      0.      0.      0.   0.00   0.00   1.00   0.31   0.00    125.   4761.    282.   1980.   1016.   2021.      0.    388.    138.      0.      0.     88.     0.     0.   1.00    -17.      0.      0.      0.      0.      0.
  249  75      0.      0.      0.      0.      0.      0.   0.00   0.00   1.00   0.31   0.00    125.   4765.    282.   1980.   1022.   2021.      0.    386.    136.      0.      0.     88.     0.     0.   1.00    -17.      0.      0.      0.      0.      0.
  259  75      0.      0.      0.      0.      0.      0.   0.00   0.00   1.00   0.33   0.00    125.   4803.    282.   1980.   1031.   2021.      0.    415.    165.      0.      0.     88.     0.     0.   1.00    -17.      0.      0.      0.      0.      0.
  269  75      0.      0.      0.      0.      0.      0.   0.00   0.00   1.00   0.34   0.00    125.   4824.    282.   1980.   1037.   2021.      0.    430.    180.      0.      0.     88.     0.     0.   1.00    -17.      0.      0.      0.      0.      0.
  279  75      0.      0.      0.      0.      0.      0.   0.00   0.00   1.00   0.35   0.00    125.   4837.    282.   1980.   1045.   2021.      0.    435.    185.      0.      0.     88.     0.     0.   1.00    -17.      0.      0.      0.      0.      0.
  289  75      0.      0.      0.      0.      0.      0.   0.00   0.00   1.00   0.35   0.00    125.   4846.    282.   1980.   1047.   2025.      0.    437.    187.      0.      0.     88.     0.     0.   1.00    -17.      0.      0.      0.      0.      0.
  299  75      0.      0.      0.      0.      0.      0.   0.00   0.00   1.00   0.35   0.00    125.   4848.    282.   1980.   1049.   2026.      0.    437.    187.      0.      0.     88.     0.     0.   1.00    -17.      0.      0.      0.      0.      0.
  309  75      0.      0.      0.      0.      0.      0.   0.00   0.00   1.00   0.35   0.00    125.   4856.    282.   1980.   1050.   2033.      0.    438.    187.      0.      0.     88.     0.     0.   1.00    -17.      0.      0.      0.      0.      0.
  319  75      0.      0.      0.      0.      0.      0.   0.00   0.00   1.00   0.35   0.00    125.   4862.    282.   1980.   1050.   2039.      0.    437.    187.      0.      0.     88.     0.     0.   1.00    -17.      0.      0.      0.      0.      0.
  329  75      0.      0.      0.      0.      0.      0.   0.00   0.00   1.00   0.35   0.00    125.   4899.    282.   1980.   1052.   2074.      0.    437.    187.      0.      0.     88.     0.     0.   1.00    -17.      0.      0.      0.      0.      0.
  339  75      0.      0.      0.      0.      0.      0.   0.00   0.00   1.00   0.35   0.00    125.   4944.    282.   1980.   1054.   2117.      0.    438.    187.      0.      0.     88.     0.     0.   1.00    -17.      0.      0.      0.      0.      0.
  349  75      0.      0.      0.      0.      0.      0.   0.00   0.00   1.00   0.35   0.00    125.   4948.    282.   1980.   1054.   2120.      0.    438.    187.      0.      0.     88.     0.     0.   1.00    -17.      0.      0.      0.      0.      0.
  359  75      0.      0.      0.      0.      0.      0.   0.00   0.00   1.00   0.35   0.00    125.   4953.    282.   1980.   1055.   2125.      0.    438.    187.      0.      0.     88.     0.     0.   1.00    -17.      0.      0.      0.      0.      0.
    1  76      0.      0.      0.      0.      0.      0.   0.00   0.00   1.00   0.35   0.00    125.   4971.    282.   1980.   1057.   2142.      0.    438.    187.      0.      0.     88.     0.     0.   1.00    -17.      0.      0.      0.      0.      0.


DATA-FILE  WARO1PTS.OUT


Name of run: WAR02


Station=  WAGE , Soil=  1, Manage=  1, Rotat=  3 YrRot=  1 , NYear=  7 , NRot=  6 , Crop=  1, Irr.=  2, IOPT=  2,     Runof=0.00, CO2=370. , StYear=1969, StDay=  1

 DAY  YEAR  WLVG    WLVD    WST    WSO     TAGB    TSUML    DVS    LAI  TRANRF  SMACT  SMACTL   RD    TRAIN   TIRR   TTRANS  TESOIL  TDRAIN  TRUNOF    WTOT   WAVT    WTOTL      WAVTL WTOTLX  PARAB    PAR    NNI   NMINT  NMIN    NUPT       NFIX   NLIV   NLOSS  
    1  69      0.      0.      0.      0.      0.      0.   0.00   0.00   1.00   0.30   0.30     10.   4971.    282.   1980.   1057.   2142.      0.    438.    187.      0.      0.     88.     0.     0.   1.00    -17.      0.      0.      0.      0.      0.
    3  69      0.      0.      0.      0.      0.      0.   0.00   0.00   1.00   0.33   0.30     10.      3.      0.      0.      0.      0.      0.     33.     13.    345.    115.     75.     0.     0.   1.00    -17.      0.      0.      0.      0.      0.
   13  69      0.      0.      0.      0.      0.      0.   0.00   0.00   1.00   0.34   0.30     10.      5.      0.      0.      1.      0.      0.     34.     14.    345.    115.     75.     0.     0.   1.00    -17.      0.      0.      0.      0.      0.


Station=  WAGE , Soil=  1, Manage=  1, Rotat=  3 YrRot=  1 , NYear=  7 , NRot=  6 , Crop=  1, Irr.=  2, IOPT=  2,     Runof=0.00, CO2=370. , StYear=1969, StDay=  1

 Planting on day   0, 1969
 Crop emergence on day  20, 1969
 Wageningen, long rotation 3, soil1, current                                     

 DAY  YEAR  WLVG    WLVD    WST    WSO     TAGB    TSUML    DVS    LAI  TRANRF  SMACT  SMACTL   RD    TRAIN   TIRR   TTRANS  TESOIL  TDRAIN  TRUNOF    WTOT   WAVT    WTOTL     WAVTL  WTOTLX  PARAB    PAR    NNI   NMINT  NMIN    NUPT     NFIX   NLIV   NLOSS  
   20  69     68.      0.     37.      0.    105.      0.   0.00   0.14   1.00   0.35   0.31     10.     18.      0.      0.      3.      0.      0.     35.     15.    354.    124.     77.     0.     0.   1.00      0.     30.      0.      0.      8.      0.
   30  69     72.      0.     39.      0.    111.      0.   0.00   0.24   1.00   0.34   0.32     22.     34.      0.      0.      4.      0.      0.     72.     30.    331.    123.     77.     1.    10.   1.00      7.     22.      0.      0.      9.      0.
   40  69     74.      0.     40.      0.    115.      0.   0.00   0.31   1.00   0.35   0.33     34.     50.      0.      1.      8.      0.      0.    114.     49.    301.    116.     77.     4.    27.   1.00     14.     15.      1.      0.      9.      0.
   50  69     74.      0.     40.      0.    115.      0.   0.00   0.31   1.00   0.35   0.34     46.     69.      0.      1.      8.      0.      0.    157.     67.    276.    116.     77.     8.    53.   1.00     22.      8.      1.      0.      9.      0.
   60  69     80.      0.     43.      0.    123.      1.   0.00   0.36   1.00   0.35   0.35     58.     80.      0.      2.     11.      0.      0.    197.     84.    239.    102.     81.    12.    75.   1.00     29.      0.      1.      0.     10.      0.
   70  69     81.      0.     43.      0.    124.      2.   0.00   0.43   1.00   0.35   0.35     70.     83.      0.      4.     13.      0.      0.    238.    101.    197.     84.     81.    21.   119.   1.00     28.      0.      2.      0.     10.      0.
   80  69     86.      0.     46.      0.    132.      7.   0.01   0.55   1.00   0.35   0.35     82.    119.      0.      5.     17.     23.      0.    282.    120.    155.     66.     88.    27.   140.   1.00     28.      0.      2.      0.     10.      0.
   90  69     86.      0.     46.      0.    132.     14.   0.02   0.65   1.00   0.35   0.35     94.    126.      0.      9.     21.     23.      0.    324.    138.    113.     48.     88.    42.   190.   1.00     28.      0.      2.      0.     10.      0.
  100  69    250.      0.    135.      0.    384.     59.   0.08   1.09   1.00   0.34   0.35    106.    138.      0.     18.     28.     32.      0.    351.    142.     71.     30.     88.    71.   266.   1.00     14.      0.     16.      0.     24.      0.
  110  69    329.      0.    177.      0.    506.     97.   0.14   1.26   1.00   0.35   0.35    118.    184.      0.     27.     38.     46.      0.    407.    173.     29.     12.     88.   102.   326.   1.00      3.      0.     27.      0.     36.      0.
  120  69    631.      0.    318.      0.    949.    175.   0.24   1.90   1.00   0.34   0.01    125.    212.      0.     39.     45.     60.      0.    431.    181.      0.      0.     88.   144.   397.   1.00    -18.      0.     48.      0.     56.      0.
  130  69   1228.      0.    658.      0.   1886.    293.   0.41   3.16   1.00   0.33   0.01    125.    218.      0.     56.     49.     60.      0.    415.    165.      0.      0.     88.   197.   469.   1.00    -43.      0.     73.      0.     81.      0.
  140  69   1910.     29.   1389.      0.   3327.    432.   0.60   4.60   1.00   0.34   0.01    125.    257.      0.     83.     52.     60.      0.    424.    174.      0.      0.     88.   259.   537.   1.00     13.      0.    101.      0.    110.      0.
  150  69   2309.    184.   2899.      0.   5391.    560.   0.78   5.41   1.00   0.33   0.01    125.    275.      0.    112.     53.     60.      0.    412.    162.      0.      0.     88.   341.   623.   1.00     -5.      0.    119.      0.    126.      1.
  160  69   2240.    415.   4697.      0.   7351.    680.   0.94   5.21   1.00   0.34   0.01    125.    316.      0.    142.     54.     63.      0.    419.    169.      0.      0.     88.   415.   700.   1.00    -15.      0.    129.      0.    136.      2.
  170  69   1712.    945.   5496.   2499.  10651.    858.   1.15   3.98   1.00   0.32   0.01    125.    331.     20.    189.     56.     63.      0.    405.    155.      0.      0.     88.   526.   818.   1.00    -24.      0.    138.      0.    143.      4.
  180  69   1267.   1390.   5496.   4508.  12661.   1009.   1.31   2.95   1.00   0.31   0.01    125.    346.     20.    215.     59.     63.      0.    391.    141.      0.      0.     88.   592.   894.   1.00     -7.      0.    149.      0.    152.      6.
  190  69    922.   1735.   5496.   6342.  14495.   1171.   1.48   2.14   1.00   0.30   0.01    125.    365.     20.    241.     63.     63.      0.    380.    130.      0.      0.     88.   660.   979.   1.00     -7.      0.    149.      0.    151.      7.
  200  69    672.   1985.   4676.   7456.  15609.   1333.   1.65   1.56   1.00   0.29   0.01    125.    376.     20.    262.     71.     63.      0.    362.    112.      0.      0.     88.   714.  1060.   1.00     -7.      0.    149.      0.    148.     10.
  210  69    459.   2197.   3820.   8180.  16332.   1537.   1.86   1.07   1.00   0.29   0.01    125.    389.     40.    285.     83.     63.      0.    361.    111.      0.      0.     88.   765.  1153.   1.00     -7.      0.    149.      0.    145.     13.
  217  69    361.   2295.   3384.   8345.  16497.   1669.   2.00   0.84   1.00   0.28   0.01    125.    406.     40.    299.     95.     63.      0.    351.    101.      0.      0.     88.   789.  1207.   1.00     -7.      0.    149.      0.    143.     15.
  219  69      0.      0.      0.      0.      0.      0.   0.00   0.00   1.00   0.28   0.01    125.    406.     40.    299.     98.     63.      0.    348.     98.      0.      0.     88.     0.     0.   1.00     -7.      0.      0.      0.      0.      0.
  229  69      0.      0.      0.      0.      0.      0.   0.00   0.00   1.00   0.29   0.01    125.    434.     40.    299.    116.     63.      0.    358.    108.      0.      0.     88.     0.     0.   1.00     -7.      0.      0.      0.      0.      0.
  239  69      0.      0.      0.      0.      0.      0.   0.00   0.00   1.00   0.33   0.01    125.    506.     40.    299.    130.     63.      0.    417.    167.      0.      0.     88.     0.     0.   1.00     -7.      0.      0.      0.      0.      0.
  249  69      0.      0.      0.      0.      0.      0.   0.00   0.00   1.00   0.34   0.01    125.    518.     40.    299.    139.     63.      0.    420.    170.      0.      0.     88.     0.     0.   1.00     -7.      0.      0.      0.      0.      0.
  259  69      0.      0.      0.      0.      0.      0.   0.00   0.00   1.00   0.33   0.01    125.    518.     40.    299.    143.     63.      0.    416.    166.      0.      0.     88.     0.     0.   1.00     -7.      0.      0.      0.      0.      0.
  269  69      0.      0.      0.      0.      0.      0.   0.00   0.00   1.00   0.33   0.01    125.    524.     40.    299.    147.     63.      0.    417.    167.      0.      0.     88.     0.     0.   1.00     -7.      0.      0.      0.      0.      0.
  279  69      0.      0.      0.      0.      0.      0.   0.00   0.00   1.00   0.33   0.01    125.    531.     40.    299.    153.     63.      0.    419.    169.      0.      0.     88.     0.     0.   1.00     -7.      0.      0.      0.      0.      0.
  289  69      0.      0.      0.      0.      0.      0.   0.00   0.00   1.00   0.33   0.01    125.    532.     40.    299.    155.     63.      0.    418.    168.      0.      0.     88.     0.     0.   1.00     -7.      0.      0.      0.      0.      0.
  299  69      0.      0.      0.      0.      0.      0.   0.00   0.00   1.00   0.34   0.01    125.    545.     40.    299.    159.     63.      0.    426.    176.      0.      0.     88.     0.     0.   1.00     -7.      0.      0.      0.      0.      0.
  309  69      0.      0.      0.      0.      0.      0.   0.00   0.00   1.00   0.35   0.01    125.    554.     40.    299.    162.     63.      0.    432.    182.      0.      0.     88.     0.     0.   1.00     -7.      0.      0.      0.      0.      0.
  319  69      0.      0.      0.      0.      0.      0.   0.00   0.00   1.00   0.35   0.01    125.    592.     40.    299.    166.     92.      0.    438.    187.      0.      0.     88.     0.     0.   1.00     -7.      0.      0.      0.      0.      0.
  329  69      0.      0.      0.      0.      0.      0.   0.00   0.00   1.00   0.35   0.01    125.    599.     40.    299.    169.     96.      0.    438.    187.      0.      0.     88.     0.     0.   1.00     -7.      0.      0.      0.      0.      0.
  339  69      0.      0.      0.      0.      0.      0.   0.00   0.00   1.00   0.35   0.01    125.    611.     40.    299.    169.    108.      0.    438.    187.      0.      0.     88.     0.     0.   1.00     -7.      0.      0.      0.      0.      0.
  349  69      0.      0.      0.      0.      0.      0.   0.00   0.00   1.00   0.35   0.01    125.    621.     40.    299.    169.    118.      0.    438.    187.      0.      0.     88.     0.     0.   1.00     -7.      0.      0.      0.      0.      0.
  359  69      0.      0.      0.      0.      0.      0.   0.00   0.00   1.00   0.35   0.01    125.    643.     40.    299.    170.    139.      0.    438.    187.      0.      0.     88.     0.     0.   1.00     -7.      0.      0.      0.      0.      0.
    4  70      0.      0.      0.      0.      0.      0.   0.00   0.00   1.00   0.35   0.01    125.    648.     40.    299.    170.    144.      0.    438.    187.      0.      0.     88.     0.     0.   1.00     -7.      0.      0.      0.      0.      0.
   14  70      0.      0.      0.      0.      0.      0.   0.00   0.00   1.00   0.35   0.01    125.    658.     40.    299.    171.    152.      0.    437.    187.      0.      0.     88.     0.     0.   1.00     -7.      0.      0.      0.      0.      0.
   20  70      0.      0.      0.      0.      0.      0.   0.00   0.00   1.00   0.35   0.01    125.    663.     40.    299.    171.    157.      0.    437.    187.      0.      0.     88.     0.     0.   1.00     -7.      0.      0.      0.      0.      0.
   24  70      0.      0.      0.      0.      0.      0.   0.00   0.00   1.00   0.35   0.01    125.    668.     40.    299.    171.    163.      0.    438.    187.      0.      0.     88.     0.     0.   1.00     -7.      0.      0.      0.      0.      0.
   34  70      0.      0.      0.      0.      0.      0.   0.00   0.00   1.00   0.35   0.01    125.    700.     40.    299.    172.    194.      0.    438.    187.      0.      0.     88.     0.     0.   1.00     -7.      0.      0.      0.      0.      0.
   44  70      0.      0.      0.      0.      0.      0.   0.00   0.00   1.00   0.35   0.01    125.    727.     40.    299.    174.    218.      0.    438.    187.      0.      0.     88.     0.     0.   1.00     -7.      0.      0.      0.      0.      0.
   54  70      0.      0.      0.      0.      0.      0.   0.00   0.00   1.00   0.35   0.01    125.    777.     40.    299.    176.    267.      0.    438.    187.      0.      0.     88.     0.     0.   1.00     -7.      0.      0.      0.      0.      0.
   64  70      0.      0.      0.      0.      0.      0.   0.00   0.00   1.00   0.35   0.01    125.    795.     40.    299.    179.    282.      0.    437.    187.      0.      0.     88.     0.     0.   1.00     -7.      0.      0.      0.      0.      0.
   74  70      0.      0.      0.      0.      0.      0.   0.00   0.00   1.00   0.35   0.01    125.    799.     40.    299.    181.    285.      0.    437.    187.      0.      0.     88.     0.     0.   1.00     -7.      0.      0.      0.      0.      0.
   84  70      0.      0.      0.      0.      0.      0.   0.00   0.00   1.00   0.35   0.01    125.    822.     40.    299.    185.    303.      0.    437.    187.      0.      0.     88.     0.     0.   1.00     -7.      0.      0.      0.      0.      0.
   94  70      0.      0.      0.      0.      0.      0.   0.00   0.00   1.00   0.35   0.01    125.    854.     40.    299.    193.    327.      0.    437.    187.      0.      0.     88.     0.     0.   1.00     -7.      0.      0.      0.      0.      0.


Station=  WAGE , Soil=  1, Manage=  1, Rotat=  3 YrRot=  2 , NYear=  7 , NRot=  6 , Crop=  2, Irr.=  2, IOPT=  2,     Runof=0.00, CO2=370. , StYear=1969, StDay=  1

 Planting on day 100, 1970
 Crop emergence on day   0, 1970
 Wageningen, long rotation 3, soil1, current                                     

 DAY  YEAR  WLVG    WLVD    WST    WSO     TAGB    TSUML    DVS    LAI  TRANRF  SMACT  SMACTL   RD    TRAIN   TIRR   TTRANS  TESOIL  TDRAIN  TRUNOF    WTOT   WAVT    WTOTL     WAVTL  WTOTLX  PARAB    PAR    NNI   NMINT  NMIN    NUPT     NFIX   NLIV   NLOSS  
  100  70      0.      0.      0.      0.      0.      0.   0.00   0.00   1.00   0.35   0.35     10.    883.     40.    299.    196.    352.      0.     35.     15.    385.    165.    105.     0.     0.   1.00      0.     30.      0.      0.      0.      0.
  110  70      0.      0.      0.      0.      0.      0.   0.00   0.00   1.00   0.33   0.35     10.    898.     40.    300.    209.    357.      0.     33.     13.    385.    165.    105.     0.    48.   1.00      0.     30.      0.      0.      0.      0.
  117  70      0.      0.      0.      0.      0.      0.   0.00   0.00   1.00   0.34   0.35     10.    915.     40.    300.    219.    363.      0.     34.     14.    385.    165.    105.     0.    77.   1.00      0.     30.      0.      0.      0.      0.
  120  70      0.      0.      0.      0.      0.      7.   0.01   0.00   1.00   0.34   0.35     14.    929.     40.    300.    226.    370.      0.     42.     18.    377.    161.    105.     0.   102.   1.00      2.     28.      0.      0.      0.      0.
  130  70      2.      0.      0.      0.      2.     99.   0.15   0.00   1.00   0.32   0.35     26.    935.     40.    300.    239.    370.      0.     77.     28.    335.    143.    105.     0.   186.   1.00     10.     20.      0.      0.      0.      0.
  140  70      8.      0.      2.      0.     10.    210.   0.32   0.02   1.00   0.32   0.35     38.    942.     40.    300.    250.    370.      0.    115.     42.    293.    125.    105.     1.   266.   1.00    101.     13.      0.      0.      0.      0.
  150  70     30.      0.     11.      0.     42.    297.   0.46   0.06   1.00   0.32   0.35     50.    950.     40.    300.    262.    370.      0.    153.     56.    251.    107.    105.     2.   346.   1.00    107.      5.      2.      0.      2.      0.
  160  70    168.      0.     84.      0.    253.    421.   0.65   0.34   1.00   0.30   0.35     62.    951.     40.    304.    270.    370.      0.    184.     63.    209.     89.    105.    13.   457.   1.00    104.      0.     10.      0.     10.      0.
  170  70    795.      0.    535.      0.   1330.    561.   0.86   1.59   1.00   0.30   0.35     74.    960.     60.    320.    290.    370.      0.    219.     74.    167.     71.    105.    60.   575.   1.00     66.      0.     48.      0.     48.      0.
  180  70   1650.     24.   1359.     43.   3075.    715.   1.05   3.30   1.00   0.28   0.35     86.    968.     60.    348.    294.    370.      0.    236.     67.    125.     53.    105.   135.   669.   1.00     28.      0.    114.      0.    113.      1.
  190  70   2235.     30.   1978.    509.   4752.    845.   1.14   4.47   1.00   0.31   0.35     98.   1018.     60.    375.    297.    370.      0.    298.    106.     83.     35.    105.   195.   734.   1.00    -13.      0.    155.      0.    154.      1.
  200  70   2565.    190.   2534.   1646.   6935.    971.   1.23   5.13   1.00   0.34   0.35    110.   1071.     60.    404.    297.    370.      0.    364.    147.     41.     17.    105.   268.   810.   1.00    -56.      0.    198.      0.    194.      5.
  210  70   2385.    530.   2773.   2986.   8674.   1096.   1.32   4.77   1.00   0.35   0.00    120.   1100.     80.    429.    298.    383.      0.    415.    175.      0.      0.    105.   325.   869.   1.00    -77.      0.    219.      0.    206.     13.
  220  70   1765.   1276.   3025.   5129.  11195.   1258.   1.44   3.53   1.00   0.33   0.00    120.   1107.     80.    460.    299.    383.      0.    391.    151.      0.      0.    105.   411.   959.   1.00    -93.      0.    235.      0.    205.     31.
  230  70   1365.   1762.   3012.   6599.  12925.   1387.   1.53   2.73   1.00   0.34   0.00    120.   1130.    100.    481.    301.    384.      0.    409.    169.      0.      0.    105.   470.  1027.   1.00   -105.      0.    247.      0.    201.     46.
  240  70   1065.   2144.   2607.   7986.  14552.   1517.   1.62   2.13   1.00   0.33   0.00    120.   1139.    100.    501.    304.    384.      0.    395.    155.      0.      0.    105.   528.  1098.   1.00   -105.      0.    247.      0.    180.     68.
  250  70    846.   2435.   2243.   9226.  15991.   1640.   1.71   1.69   1.00   0.31   0.00    120.   1142.    100.    519.    307.    384.      0.    376.    136.      0.      0.    105.   580.  1168.   1.00   -105.      0.    247.      0.    162.     85.
  260  70    661.   2657.   1883.   9874.  16730.   1758.   1.79   1.32   1.00   0.35   0.00    120.   1216.    100.    533.    314.    394.      0.    420.    180.      0.      0.    105.   607.  1209.   1.00   -105.      0.    247.      0.    148.    100.
  270  70    538.   2820.   1584.  10573.  17519.   1863.   1.87   1.08   1.00   0.34   0.00    120.   1216.    100.    539.    316.    394.      0.    411.    171.      0.      0.    105.   639.  1267.   1.00   -105.      0.    247.      0.    136.    111.
  280  70    430.   2952.   1317.  11007.  18003.   1970.   1.95   0.86   1.00   0.35   0.00    120.   1252.    100.    547.    322.    408.      0.    420.    180.      0.      0.    105.   657.  1303.   1.00   -105.      0.    247.      0.    127.    120.
  290  70    360.   3036.   1111.  11267.  18292.   2047.   2.00   0.72   1.00   0.35   0.00    120.   1253.    100.    550.    324.    408.      0.    416.    176.      0.      0.    105.   669.  1332.   1.00   -105.      0.    247.      0.    120.    127.
  299  70      0.      0.      0.      0.      0.      0.   0.00   0.00   1.00   0.35   0.00    120.   1285.    100.    550.    327.    433.      0.    420.    180.      0.      0.    105.     0.     0.   1.00   -105.      0.      0.      0.      0.      0.
  309  70      0.      0.      0.      0.      0.      0.   0.00   0.00   1.00   0.35   0.00    120.   1348.    100.    550.    331.    492.      0.    420.    180.      0.      0.    105.     0.     0.   1.00   -105.      0.      0.      0.      0.      0.
  319  70      0.      0.      0.      0.      0.      0.   0.00   0.00   1.00   0.35   0.00    120.   1361.    100.    550.    334.    502.      0.    420.    180.      0.      0.    105.     0.     0.   1.00   -105.      0.      0.      0.      0.      0.
  329  70      0.      0.      0.      0.      0.      0.   0.00   0.00   1.00   0.35   0.00    120.   1384.    100.    550.    337.    522.      0.    420.    180.      0.      0.    105.     0.     0.   1.00   -105.      0.      0.      0.      0.      0.
  339  70      0.      0.      0.      0.      0.      0.   0.00   0.00   1.00   0.35   0.00    120.   1422.    100.    550.    338.    559.      0.    420.    180.      0.      0.    105.     0.     0.   1.00   -105.      0.      0.      0.      0.      0.
  349  70      0.      0.      0.      0.      0.      0.   0.00   0.00   1.00   0.35   0.00    120.   1431.    100.    550.    339.    568.      0.    420.    180.      0.      0.    105.     0.     0.   1.00   -105.      0.      0.      0.      0.      0.
  359  70      0.      0.      0.      0.      0.      0.   0.00   0.00   1.00   0.35   0.00    120.   1436.    100.    550.    339.    572.      0.    420.    180.      0.      0.    105.     0.     0.   1.00   -105.      0.      0.      0.      0.      0.
    4  71      0.      0.      0.      0.      0.      0.   0.00   0.00   1.00   0.35   0.00    120.   1442.    100.    550.    339.    578.      0.    420.    180.      0.      0.    105.     0.     0.   1.00   -105.      0.      0.      0.      0.      0.
   14  71      0.      0.      0.      0.      0.      0.   0.00   0.00   1.00   0.35   0.00    120.   1444.    100.    550.    339.    580.      0.    420.    180.      0.      0.    105.     0.     0.   1.00   -105.      0.      0.      0.      0.      0.
   24  71      0.      0.      0.      0.      0.      0.   0.00   0.00   1.00   0.35   0.00    120.   1469.    100.    550.    340.    604.      0.    420.    180.      0.      0.    105.     0.     0.   1.00   -105.      0.      0.      0.      0.      0.
   34  71      0.      0.      0.      0.      0.      0.   0.00   0.00   1.00   0.35   0.00    120.   1502.    100.    550.    343.    635.      0.    420.    180.      0.      0.    105.     0.     0.   1.00   -105.      0.      0.      0.      0.      0.
   44  71      0.      0.      0.      0.      0.      0.   0.00   0.00   1.00   0.35   0.00    120.   1509.    100.    550.    344.    641.      0.    420.    180.      0.      0.    105.     0.     0.   1.00   -105.      0.      0.      0.      0.      0.
   54  71      0.      0.      0.      0.      0.      0.   0.00   0.00   1.00   0.35   0.00    120.   1533.    100.    550.    346.    662.      0.    420.    180.      0.      0.    105.     0.     0.   1.00   -105.      0.      0.      0.      0.      0.
   64  71      0.      0.      0.      0.      0.      0.   0.00   0.00   1.00   0.35   0.00    120.   1537.    100.    550.    348.    665.      0.    420.    180.      0.      0.    105.     0.     0.   1.00   -105.      0.      0.      0.      0.      0.
   74  71      0.      0.      0.      0.      0.      0.   0.00   0.00   1.00   0.35   0.00    120.   1550.    100.    550.    351.    675.      0.    420.    180.      0.      0.    105.     0.     0.   1.00   -105.      0.      0.      0.      0.      0.
   84  71      0.      0.      0.      0.      0.      0.   0.00   0.00   1.00   0.35   0.00    120.   1570.    100.    550.    358.    688.      0.    420.    180.      0.      0.    105.     0.     0.   1.00   -105.      0.      0.      0.      0.      0.
   94  71      0.      0.      0.      0.      0.      0.   0.00   0.00   1.00   0.35   0.00    120.   1573.    100.    550.    361.    689.      0.    418.    178.      0.      0.    105.     0.     0.   1.00   -105.      0.      0.      0.      0.      0.
  104  71      0.      0.      0.      0.      0.      0.   0.00   0.00   1.00   0.35   0.00    120.   1573.    100.    550.    364.    689.      0.    416.    176.      0.      0.    105.     0.     0.   1.00   -105.      0.      0.      0.      0.      0.
  114  71      0.      0.      0.      0.      0.      0.   0.00   0.00   1.00   0.35   0.00    120.   1581.    100.    550.    369.    689.      0.    418.    178.      0.      0.    105.     0.     0.   1.00   -105.      0.      0.      0.      0.      0.
  117  71      0.      0.      0.      0.      0.      0.   0.00   0.00   1.00   0.35   0.00    120.   1592.    100.    550.    372.    695.      0.    420.    180.      0.      0.    105.     0.     0.   1.00   -105.      0.      0.      0.      0.      0.


Station=  WAGE , Soil=  1, Manage=  1, Rotat=  3 YrRot=  3 , NYear=  7 , NRot=  6 , Crop=  3, Irr.=  2, IOPT=  2,     Runof=0.00, CO2=370. , StYear=1969, StDay=  1

 Planting on day 120, 1971
 Crop emergence on day   0, 1971
 Wageningen, long rotation 3, soil1, current                                     

 DAY  YEAR  WLVG    WLVD    WST    WSO     TAGB    TSUML    DVS    LAI  TRANRF  SMACT  SMACTL   RD    TRAIN   TIRR   TTRANS  TESOIL  TDRAIN  TRUNOF    WTOT   WAVT    WTOTL     WAVTL  WTOTLX  PARAB    PAR    NNI   NMINT  NMIN    NUPT     NFIX   NLIV   NLOSS  
  120  71     19.      0.     11.      0.     30.      0.   0.00   0.05   1.00   0.34   0.35     10.   1592.    100.    550.    376.    695.      0.     34.     14.    314.    134.    174.     0.     0.   1.00      0.     30.      0.      0.      2.      0.
  130  71     19.      0.     11.      0.     30.      0.   0.00   0.05   1.00   0.27   0.35     10.   1600.    100.    551.    389.    695.      0.     27.      7.    314.    134.    174.     0.   104.   1.00      0.     30.      0.      0.      2.      0.
  134  71     19.      0.     11.      0.     30.      0.   0.00   0.05   0.00   0.19   0.35     10.   1603.    100.    551.    401.    695.      0.     18.     -1.    314.    134.    174.     0.   150.   1.00     84.     30.      0.      0.      2.      0.
  140  71     35.      2.     23.      0.     59.     57.   0.08   0.09   1.00   0.32   0.35     16.   1642.    100.    551.    416.    705.      0.     47.     17.    298.    128.    175.     2.   196.   1.00     87.     26.      1.      0.      3.      0.
  150  71    101.      2.     63.      0.    166.    129.   0.19   0.23   1.00   0.32   0.35     28.   1660.    100.    553.    434.    705.      0.     87.     33.    256.    110.    175.     8.   276.   1.00     89.     19.      6.      0.      8.      0.
  160  71    534.      2.    328.      0.    864.    231.   0.33   1.11   1.00   0.28   0.35     40.   1660.    100.    562.    447.    705.      0.    107.     29.    214.     92.    175.    34.   380.   1.00     69.     11.     34.      0.     36.      0.
  170  71    941.      2.    620.      0.   1562.    301.   0.43   1.89   1.00   0.35   0.35     52.   1720.    120.    576.    457.    732.      0.    178.     76.    172.     74.    175.    70.   441.   1.00     52.      4.     59.      0.     61.      0.
  180  71   1692.      2.   1419.      0.   3112.    383.   0.55   3.19   1.00   0.35   0.35     64.   1758.    120.    597.    463.    744.      0.    220.     94.    130.     56.    175.   125.   512.   1.00     41.      0.    101.      0.    103.      0.
  190  71   2821.     34.   3399.      0.   6253.    492.   0.71   4.86   1.00   0.30   0.35     76.   1760.    120.    632.    465.    744.      0.    225.     76.     88.     38.    175.   225.   624.   1.00    -12.      0.    154.      0.    156.      0.
  200  71   3208.    313.   5452.      0.   8973.    595.   0.86   5.23   1.00   0.27   0.35     88.   1760.    120.    666.    466.    744.      0.    233.     60.     46.     20.    175.   318.   721.   1.00    -40.      0.    182.      0.    182.      2.
  210  71   3257.    601.   7319.     62.  11239.    708.   1.02   5.17   1.00   0.30   0.35    100.   1789.    140.    691.    467.    744.      0.    298.    100.      4.      2.    175.   383.   789.   1.00    -44.      0.    186.      0.    185.      3.
  220  71   2572.   1634.   8873.   1637.  14717.    835.   1.17   3.97   1.00   0.29   0.07    100.   1813.    140.    723.    468.    744.      0.    293.     93.      0.      0.    175.   461.   871.   1.00    -60.      0.    202.      0.    195.      9.
  230  71   1889.   2334.   8941.   3325.  16489.    935.   1.28   2.91   1.00   0.30   0.07    100.   1824.    160.    743.    470.    744.      0.    302.    102.      0.      0.    175.   513.   932.   1.00    -68.      0.    210.      0.    200.     12.
  240  71   1346.   2877.   8941.   5539.  18703.   1051.   1.42   2.08   1.00   0.30   0.07    100.   1852.    160.    764.    475.    744.      0.    304.    104.      0.      0.    175.   570.  1006.   1.00    -70.      0.    212.      0.    199.     15.
  250  71    989.   3233.   8415.   6781.  19944.   1145.   1.53   1.53   1.00   0.29   0.07    100.   1857.    160.    779.    479.    744.      0.    289.     89.      0.      0.    175.   612.  1069.   1.00    -70.      0.    212.      0.    195.     19.
  260  71    773.   3449.   6876.   7237.  20401.   1205.   1.60   1.19   1.00   0.28   0.07    100.   1858.    160.    790.    482.    744.      0.    277.     77.      0.      0.    175.   649.  1136.   1.00    -70.      0.    212.      0.    189.     25.
  270  71    597.   3626.   5618.   7416.  20580.   1272.   1.67   0.92   1.00   0.28   0.07    100.   1869.    160.    796.    485.    744.      0.    279.     79.      0.      0.    175.   675.  1189.   1.00    -70.      0.    212.      0.    183.     31.
  280  71    467.   3756.   4590.   7616.  20780.   1330.   1.74   0.72   1.00   0.28   0.07    100.   1875.    160.    800.    489.    744.      0.    278.     78.      0.      0.    175.   692.  1234.   1.00    -70.      0.    212.      0.    179.     35.
  290  71    378.   3845.   3827.   7747.  20911.   1380.   1.80   0.58   1.00   0.28   0.07    100.   1878.    160.    803.    491.    744.      0.    275.     75.      0.      0.    175.   703.  1268.   1.00    -70.      0.    212.      0.    176.     38.
  299  71      0.      0.      0.      0.      0.      0.   0.00   0.00   1.00   0.29   0.07    100.   1899.    160.    803.    496.    744.      0.    291.     91.      0.      0.    175.     0.     0.   1.00    -70.      0.      0.      0.      0.      0.
  309  71      0.      0.      0.      0.      0.      0.   0.00   0.00   1.00   0.29   0.07    100.   1899.    160.    803.    497.    744.      0.    290.     90.      0.      0.    175.     0.     0.   1.00    -70.      0.      0.      0.      0.      0.
  319  71      0.      0.      0.      0.      0.      0.   0.00   0.00   1.00   0.30   0.07    100.   1910.    160.    803.    499.    744.      0.    299.     99.      0.      0.    175.     0.     0.   1.00    -70.      0.      0.      0.      0.      0.
  329  71      0.      0.      0.      0.      0.      0.   0.00   0.00   1.00   0.33   0.07    100.   1946.    160.    803.    502.    744.      0.    332.    132.      0.      0.    175.     0.     0.   1.00    -70.      0.      0.      0.      0.      0.
  339  71      0.      0.      0.      0.      0.      0.   0.00   0.00   1.00   0.34   0.07    100.   1958.    160.    803.    502.    744.      0.    344.    144.      0.      0.    175.     0.     0.   1.00    -70.      0.      0.      0.      0.      0.
  349  71      0.      0.      0.      0.      0.      0.   0.00   0.00   1.00   0.35   0.07    100.   1964.    160.    803.    503.    744.      0.    349.    149.      0.      0.    175.     0.     0.   1.00    -70.      0.      0.      0.      0.      0.
  359  71      0.      0.      0.      0.      0.      0.   0.00   0.00   1.00   0.35   0.07    100.   1985.    160.    803.    504.    764.      0.    350.    150.      0.      0.    175.     0.     0.   1.00    -70.      0.      0.      0.      0.      0.
    4  72      0.      0.      0.      0.      0.      0.   0.00   0.00   1.00   0.35   0.07    100.   1987.    160.    803.    504.    765.      0.    350.    150.      0.      0.    175.     0.     0.   1.00    -70.      0.      0.      0.      0.      0.
   14  72      0.      0.      0.      0.      0.      0.   0.00   0.00   1.00   0.35   0.07    100.   1992.    160.    803.    504.    770.      0.    350.    150.      0.      0.    175.     0.     0.   1.00    -70.      0.      0.      0.      0.      0.
   24  72      0.      0.      0.      0.      0.      0.   0.00   0.00   1.00   0.35   0.07    100.   2006.    160.    803.    505.    783.      0.    350.    150.      0.      0.    175.     0.     0.   1.00    -70.      0.      0.      0.      0.      0.
   34  72      0.      0.      0.      0.      0.      0.   0.00   0.00   1.00   0.35   0.07    100.   2020.    160.    803.    507.    795.      0.    350.    150.      0.      0.    175.     0.     0.   1.00    -70.      0.      0.      0.      0.      0.
   44  72      0.      0.      0.      0.      0.      0.   0.00   0.00   1.00   0.35   0.07    100.   2041.    160.    803.    510.    813.      0.    350.    150.      0.      0.    175.     0.     0.   1.00    -70.      0.      0.      0.      0.      0.
   54  72      0.      0.      0.      0.      0.      0.   0.00   0.00   1.00   0.35   0.07    100.   2046.    160.    803.    511.    817.      0.    350.    150.      0.      0.    175.     0.     0.   1.00    -70.      0.      0.      0.      0.      0.
   64  72      0.      0.      0.      0.      0.      0.   0.00   0.00   1.00   0.35   0.07    100.   2051.    160.    803.    514.    819.      0.    350.    150.      0.      0.    175.     0.     0.   1.00    -70.      0.      0.      0.      0.      0.
   74  72      0.      0.      0.      0.      0.      0.   0.00   0.00   1.00   0.35   0.07    100.   2062.    160.    803.    519.    827.      0.    348.    148.      0.      0.    175.     0.     0.   1.00    -70.      0.      0.      0.      0.      0.
   84  72      0.      0.      0.      0.      0.      0.   0.00   0.00   1.00   0.34   0.07    100.   2063.    160.    803.    524.    827.      0.    344.    144.      0.      0.    175.     0.     0.   1.00    -70.      0.      0.      0.      0.      0.
   94  72      0.      0.      0.      0.      0.      0.   0.00   0.00   1.00   0.35   0.07    100.   2102.    160.    803.    532.    853.      0.    350.    150.      0.      0.    175.     0.     0.   1.00    -70.      0.      0.      0.      0.      0.


Station=  WAGE , Soil=  1, Manage=  1, Rotat=  3 YrRot=  4 , NYear=  7 , NRot=  6 , Crop=  4, Irr.=  2, IOPT=  2,     Runof=0.00, CO2=370. , StYear=1969, StDay=  1

 Planting on day 100, 1972
 Crop emergence on day   0, 1972
 Wageningen, long rotation 3, soil1, current                                     

 DAY  YEAR  WLVG    WLVD    WST    WSO     TAGB    TSUML    DVS    LAI  TRANRF  SMACT  SMACTL   RD    TRAIN   TIRR   TTRANS  TESOIL  TDRAIN  TRUNOF    WTOT   WAVT    WTOTL     WAVTL  WTOTLX  PARAB    PAR    NNI   NMINT  NMIN    NUPT     NFIX   NLIV   NLOSS  
  100  72     48.      0.     12.      0.     60.      0.   0.00   0.14   1.00   0.35   0.35     10.   2138.    160.    803.    540.    880.      0.     35.     15.    140.     60.    350.     0.     0.   1.00      0.     30.      0.      0.      4.      0.
  110  72     48.      0.     12.      0.     60.      0.   0.00   0.14   1.00   0.32   0.35     10.   2169.    160.    804.    553.    900.      0.     32.     12.    140.     60.    350.     0.    61.   1.00      0.     30.      0.      0.      4.      0.
  120  72     48.      0.     12.      0.     60.      0.   0.00   0.14   1.00   0.25   0.35     10.   2178.    160.    804.    566.    903.      0.     25.      5.    140.     60.    350.     0.   137.   1.00      0.     30.      0.      0.      4.      0.
  130  72     48.      0.     12.      0.     60.      0.   0.00   0.14   0.73   0.23   0.35     10.   2189.    160.    804.    580.    903.      0.     23.      3.    140.     60.    350.     0.   213.   1.00      0.     30.      0.      0.      4.      0.
  131  72     48.      0.     12.      0.     60.      0.   0.00   0.14   1.00   0.32   0.35     10.   2200.    160.    804.    582.    903.      0.     32.     12.    140.     60.    350.     0.   219.   1.00      0.     30.      0.      0.      4.      0.
  140  72    185.      0.     46.      0.    231.     61.   0.41   0.50   1.00   0.35   0.35     21.   2247.    160.    807.    595.    930.      0.     69.     29.    106.     46.    350.    10.   264.   1.00     84.     23.      7.      0.     10.      0.
  150  72   1334.      0.    340.     21.   1695.    173.   1.05   3.94   1.00   0.35   0.35     33.   2276.    160.    831.    601.    930.      0.    110.     46.     64.     28.    350.    77.   354.   1.00     30.     16.     68.      0.     72.      0.
  160  72   2069.    148.    672.    354.   3242.    286.   1.12   6.15   1.00   0.34   0.35     45.   2299.    160.    858.    601.    930.      0.    147.     60.     22.     10.    350.   147.   425.   1.00    -11.      8.    117.      0.    117.      3.
  170  72   2437.    622.   1215.   1350.   5623.    390.   1.19   7.20   1.00   0.34   0.00     50.   2315.    180.    889.    601.    936.      0.    170.     70.      0.      0.    350.   243.   521.   1.00    -54.      1.    167.      0.    159.     12.
  180  72   2187.   1133.   1664.   2503.   7487.    517.   1.27   6.43   1.00   0.33   0.00     50.   2356.    180.    919.    601.    951.      0.    165.     65.      0.      0.    350.   317.   595.   1.00    -52.      0.    194.      0.    175.     23.
  190  72   1883.   1438.   1918.   3939.   9177.    651.   1.35   5.54   1.00   0.32   0.00     50.   2386.    180.    945.    601.    958.      0.    162.     62.      0.      0.    350.   381.   660.   1.00    -66.      0.    208.      0.    183.     29.
  200  72   1709.   1612.   1919.   6680.  11919.    790.   1.44   5.03   0.99   0.28   0.00     50.   2397.    180.    978.    601.    958.      0.    140.     40.      0.      0.    350.   481.   760.   1.00    -83.      0.    225.      0.    197.     32.
  210  72   1354.   1967.   1700.   8087.  13326.    973.   1.56   3.98   1.00   0.35   0.00     50.   2462.    200.   1007.    601.    978.      0.    175.     75.      0.      0.    350.   554.   833.   1.00    -99.      0.    241.      0.    202.     43.
  220  72    982.   2339.   1389.   9798.  15038.   1115.   1.65   2.89   1.00   0.31   0.00     50.   2471.    200.   1030.    602.    981.      0.    157.     57.      0.      0.    350.   620.   902.   1.00   -103.      0.    245.      0.    193.     55.
  230  72    704.   2617.   1135.  11172.  16412.   1267.   1.75   2.07   1.00   0.33   0.00     50.   2498.    220.   1055.    604.    995.      0.    164.     64.      0.      0.    350.   692.   980.   1.00   -103.      0.    245.      0.    183.     65.
  240  72    533.   2788.    927.  11964.  17203.   1384.   1.83   1.57   1.00   0.33   0.00     50.   2519.    220.   1071.    607.    997.      0.    164.     64.      0.      0.    350.   747.  1046.   1.00   -103.      0.    245.      0.    177.     72.
  250  72    403.   2918.    758.  12536.  17775.   1503.   1.90   1.19   1.00   0.29   0.00     50.   2519.    220.   1089.    608.    997.      0.    145.     45.      0.      0.    350.   810.  1131.   1.00   -103.      0.    245.      0.    171.     77.
  260  72    317.   3004.    632.  12659.  17899.   1605.   1.97   0.93   1.00   0.33   0.00     50.   2554.    220.   1098.    613.    997.      0.    166.     66.      0.      0.    350.   839.  1174.   1.00   -103.      0.    245.      0.    167.     81.
  269  72      0.      0.      0.      0.      0.      0.   0.00   0.00   1.00   0.35   0.00     50.   2569.    220.   1098.    616.   1001.      0.    174.     74.      0.      0.    350.     0.     0.   1.00   -103.      0.      0.      0.      0.      0.


Station=  WAGE , Soil=  1, Manage=  1, Rotat=  3 YrRot=  5 , NYear=  7 , NRot=  6 , Crop=  5, Irr.=  2, IOPT=  2,     Runof=0.00, CO2=370. , StYear=1969, StDay=  1

 Planting on day 270, 1972
 Crop emergence on day   0, 1972
 Wageningen, long rotation 3, soil1, current                                     

 DAY  YEAR  WLVG    WLVD    WST    WSO     TAGB    TSUML    DVS    LAI  TRANRF  SMACT  SMACTL   RD    TRAIN   TIRR   TTRANS  TESOIL  TDRAIN  TRUNOF    WTOT   WAVT    WTOTL     WAVTL  WTOTLX  PARAB    PAR    NNI   NMINT  NMIN    NUPT     NFIX   NLIV   NLOSS  
  270  72    137.      0.     59.      0.    195.      0.   0.00   0.30   1.00   0.35   0.35     10.   2569.    220.   1098.    616.   1001.      0.     35.     15.    402.    172.     87.     0.     0.   1.00      0.     30.      0.      0.     11.      0.
  277  72    137.      0.     59.      0.    195.      0.   0.00   0.30   1.00   0.33   0.35     10.   2570.    220.   1098.    618.   1001.      0.     33.     13.    402.    172.     87.     0.    31.   1.00      0.     30.      0.      0.     11.      0.
  280  72    173.      0.     74.      0.    248.      5.   0.02   0.37   1.00   0.32   0.35     14.   2570.    220.   1099.    619.   1001.      0.     40.     15.    393.    168.     87.     3.    50.   1.00      1.     28.      1.      0.     13.      0.
  290  72    253.      0.    109.      0.    362.     18.   0.07   0.77   1.00   0.32   0.35     26.   2570.    220.   1101.    620.   1001.      0.     79.     30.    351.    150.     87.    13.    91.   1.00      2.     20.      8.      0.     19.      0.
  300  72    326.      0.    140.      0.    466.     22.   0.09   0.93   1.00   0.35   0.35     38.   2585.    220.   1102.    622.   1007.      0.    126.     54.    310.    133.     88.    23.   118.   1.00      5.     13.     12.      0.     24.      0.
  310  72    428.      0.    183.      0.    611.     25.   0.10   1.15   1.00   0.35   0.35     50.   2594.    220.   1104.    623.   1013.      0.    169.     72.    268.    115.     88.    31.   138.   1.00      4.      5.     21.      0.     32.      0.
  320  72    501.      0.    215.      0.    715.     25.   0.10   1.31   1.00   0.35   0.35     62.   2641.    220.   1106.    626.   1053.      0.    211.     91.    226.     97.     88.    37.   150.   1.00      3.      0.     27.      0.     38.      0.
  330  72    532.      0.    228.      0.    760.     25.   0.10   1.38   1.00   0.35   0.35     74.   2668.    220.   1107.    627.   1079.      0.    253.    109.    184.     79.     88.    45.   165.   1.00      1.      0.     29.      0.     41.      0.
  340  72    577.      0.    247.      0.    825.     25.   0.10   1.48   1.00   0.35   0.35     86.   2673.    220.   1109.    628.   1081.      0.    295.    127.    142.     61.     88.    53.   179.   1.00     -2.      0.     32.      0.     44.      0.
  350  72    629.      0.    269.      0.    898.     25.   0.10   1.59   1.00   0.35   0.35     98.   2691.    220.   1111.    629.   1097.      0.    337.    144.    100.     43.     88.    58.   189.   1.00     -6.      0.     36.      0.     48.      0.
  360  72    638.      0.    273.      0.    911.     25.   0.10   1.61   1.00   0.35   0.35    110.   2691.    220.   1112.    629.   1097.      0.    378.    161.     58.     25.     88.    65.   201.   1.00     -7.      0.     37.      0.     49.      0.
    5  73    639.      0.    274.      0.    913.     25.   0.10   1.61   1.00   0.35   0.35    122.   2691.    220.   1113.    629.   1097.      0.    418.    178.     16.      7.     88.    72.   212.   1.00     -7.      0.     37.      0.     49.      0.
   15  73    641.      0.    275.      0.    916.     25.   0.10   1.62   1.00   0.35   0.00    125.   2693.    220.   1114.    629.   1097.      0.    436.    186.      0.      0.     88.    76.   220.   1.00     -8.      0.     38.      0.     49.      0.
   25  73    648.      0.    278.      0.    926.     25.   0.10   1.63   1.00   0.35   0.00    125.   2699.    220.   1115.    630.   1100.      0.    437.    187.      0.      0.     88.    82.   231.   1.00     -8.      0.     38.      0.     49.      0.
   35  73    685.      0.    294.      0.    978.     25.   0.10   1.71   1.00   0.35   0.00    125.   2717.    220.   1116.    630.   1116.      0.    437.    187.      0.      0.     88.    91.   246.   1.00    -11.      0.     41.      0.     52.      0.
   45  73    712.      0.    305.      0.   1017.     25.   0.11   1.77   1.00   0.35   0.00    125.   2756.    220.   1119.    632.   1150.      0.    438.    187.      0.      0.     88.   100.   259.   1.00    -13.      0.     43.      0.     54.      0.
   55  73    726.      0.    311.      0.   1037.     26.   0.11   1.80   1.00   0.35   0.00    125.   2784.    220.   1122.    633.   1174.      0.    438.    187.      0.      0.     88.   110.   277.   1.00    -14.      0.     44.      0.     55.      0.
   65  73    772.      0.    331.      0.   1102.     28.   0.12   1.90   1.00   0.35   0.00    125.   2792.    220.   1125.    635.   1177.      0.    437.    187.      0.      0.     88.   133.   314.   1.00    -15.      0.     45.      0.     57.      0.
   75  73    816.      0.    350.      0.   1165.     30.   0.13   2.00   1.00   0.35   0.00    125.   2801.    220.   1130.    637.   1184.      0.    433.    183.      0.      0.     88.   168.   366.   1.00    -20.      0.     50.      0.     61.      0.
   85  73    901.      0.    386.      0.   1288.     41.   0.17   2.18   1.00   0.34   0.00    125.   2806.    220.   1137.    639.   1184.      0.    429.    179.      0.      0.     88.   201.   415.   1.00    -24.      0.     54.      0.     66.      0.
   95  73    966.      0.    414.      0.   1380.     49.   0.20   2.32   1.00   0.35   0.00    125.   2848.    220.   1146.    642.   1205.      0.    438.    187.      0.      0.     88.   236.   465.   1.00    -26.      0.     56.      0.     67.      0.
  105  73   1070.      0.    466.      0.   1536.     55.   0.23   2.55   1.00   0.35   0.00    125.   2866.    220.   1156.    646.   1210.      0.    436.    186.      0.      0.     88.   281.   526.   1.00    -31.      0.     61.      0.     73.      0.
  115  73   1380.      0.    715.      0.   2095.     78.   0.32   3.22   1.00   0.34   0.00    125.   2879.    220.   1170.    649.   1212.      0.    431.    181.      0.      0.     88.   336.   596.   1.00    -40.      0.     70.      0.     82.      0.
  125  73   1717.      0.   1126.      0.   2842.    121.   0.50   3.94   1.00   0.35   0.00    125.   2902.    220.   1186.    651.   1213.      0.    435.    185.      0.      0.     88.   390.   659.   1.00    -53.      0.     83.      0.     94.      0.
  135  73   2163.     69.   2142.      0.   4373.    183.   0.76   4.87   1.00   0.35   0.00    125.   2922.    220.   1207.    653.   1213.      0.    432.    182.      0.      0.     88.   452.   728.   1.00     19.      0.     95.      0.    105.      1.
  145  73   2252.    388.   3752.     14.   6407.    273.   1.06   5.00   1.00   0.33   0.00    125.   2932.    220.   1239.    654.   1213.      0.    409.    159.      0.      0.     88.   546.   829.   1.00     13.      0.    101.      0.    110.      3.
  155  73   1907.    992.   5148.    389.   8437.    375.   1.23   4.19   1.00   0.33   0.00    125.   2963.    220.   1265.    656.   1213.      0.    411.    161.      0.      0.     88.   617.   905.   1.00      2.      0.    112.      0.    116.      7.
  165  73   1448.   1451.   6167.   1607.  10673.    472.   1.39   3.19   1.00   0.30   0.00    125.   2963.    220.   1294.    658.   1213.      0.    381.    131.      0.      0.     88.   705.  1007.   1.00     -6.      0.    120.      0.    120.     11.
  175  73   1054.   1846.   6262.   3504.  13053.    596.   1.60   2.32   1.00   0.29   0.00    125.   2963.    240.   1329.    663.   1213.      0.    360.    110.      0.      0.     88.   801.  1130.   1.00     22.      0.    120.      0.    116.     15.
  185  73    727.   2173.   5149.   4601.  14188.    754.   1.86   1.60   1.00   0.27   0.00    125.   2975.    240.   1360.    672.   1213.      0.    333.     83.      0.      0.     88.   880.  1250.   1.00     22.      0.    120.      0.    109.     22.
  192  73    589.   2311.   4561.   4727.  14315.    842.   2.01   1.29   1.00   0.25   0.00    125.   2977.    240.   1375.    679.   1213.      0.    313.     63.      0.      0.     88.   913.  1312.   1.00     22.      0.    120.      0.    105.     26.
  194  73      0.      0.      0.      0.      0.      0.   0.00   0.00   1.00   0.26   0.00    125.   2990.    240.   1375.    682.   1213.      0.    323.     73.      0.      0.     88.     0.     0.   1.00     22.      0.      0.      0.      0.      0.
  204  73      0.      0.      0.      0.      0.      0.   0.00   0.00   1.00   0.27   0.00    125.   3022.    240.   1375.    695.   1213.      0.    341.     91.      0.      0.     88.     0.     0.   1.00     22.      0.      0.      0.      0.      0.
  214  73      0.      0.      0.      0.      0.      0.   0.00   0.00   1.00   0.28   0.00    125.   3037.    240.   1375.    706.   1213.      0.    345.     95.      0.      0.     88.     0.     0.   1.00     22.      0.      0.      0.      0.      0.
  224  73      0.      0.      0.      0.      0.      0.   0.00   0.00   1.00   0.28   0.00    125.   3058.    240.   1375.    718.   1213.      0.    354.    104.      0.      0.     88.     0.     0.   1.00     22.      0.      0.      0.      0.      0.
  234  73      0.      0.      0.      0.      0.      0.   0.00   0.00   1.00   0.28   0.00    125.   3058.    240.   1375.    723.   1213.      0.    349.     99.      0.      0.     88.     0.     0.   1.00     22.      0.      0.      0.      0.      0.
  244  73      0.      0.      0.      0.      0.      0.   0.00   0.00   1.00   0.29   0.00    125.   3081.    240.   1375.    728.   1213.      0.    368.    118.      0.      0.     88.     0.     0.   1.00     22.      0.      0.      0.      0.      0.
  254  73      0.      0.      0.      0.      0.      0.   0.00   0.00   1.00   0.29   0.00    125.   3084.    240.   1375.    733.   1213.      0.    366.    116.      0.      0.     88.     0.     0.   1.00     22.      0.      0.      0.      0.      0.
  264  73      0.      0.      0.      0.      0.      0.   0.00   0.00   1.00   0.31   0.00    125.   3108.    240.   1375.    741.   1213.      0.    382.    132.      0.      0.     88.     0.     0.   1.00     22.      0.      0.      0.      0.      0.
  274  73      0.      0.      0.      0.      0.      0.   0.00   0.00   1.00   0.33   0.00    125.   3145.    240.   1375.    746.   1213.      0.    414.    164.      0.      0.     88.     0.     0.   1.00     22.      0.      0.      0.      0.      0.
  277  73      0.      0.      0.      0.      0.      0.   0.00   0.00   1.00   0.33   0.00    125.   3145.    240.   1375.    746.   1213.      0.    413.    163.      0.      0.     88.     0.     0.   1.00     22.      0.      0.      0.      0.      0.
  284  73      0.      0.      0.      0.      0.      0.   0.00   0.00   1.00   0.34   0.00    125.   3164.    240.   1375.    748.   1213.      0.    431.    181.      0.      0.     88.     0.     0.   1.00     22.      0.      0.      0.      0.      0.
  294  73      0.      0.      0.      0.      0.      0.   0.00   0.00   1.00   0.35   0.00    125.   3224.    240.   1375.    751.   1264.      0.    438.    187.      0.      0.     88.     0.     0.   1.00     22.      0.      0.      0.      0.      0.
  304  73      0.      0.      0.      0.      0.      0.   0.00   0.00   1.00   0.35   0.00    125.   3230.    240.   1375.    752.   1269.      0.    437.    187.      0.      0.     88.     0.     0.   1.00     22.      0.      0.      0.      0.      0.
  314  73      0.      0.      0.      0.      0.      0.   0.00   0.00   1.00   0.35   0.00    125.   3250.    240.   1375.    754.   1286.      0.    437.    187.      0.      0.     88.     0.     0.   1.00     22.      0.      0.      0.      0.      0.
  324  73      0.      0.      0.      0.      0.      0.   0.00   0.00   1.00   0.35   0.00    125.   3284.    240.   1375.    756.   1318.      0.    438.    187.      0.      0.     88.     0.     0.   1.00     22.      0.      0.      0.      0.      0.
  334  73      0.      0.      0.      0.      0.      0.   0.00   0.00   1.00   0.35   0.00    125.   3309.    240.   1375.    756.   1343.      0.    438.    187.      0.      0.     88.     0.     0.   1.00     22.      0.      0.      0.      0.      0.
  344  73      0.      0.      0.      0.      0.      0.   0.00   0.00   1.00   0.35   0.00    125.   3338.    240.   1375.    757.   1371.      0.    438.    187.      0.      0.     88.     0.     0.   1.00     22.      0.      0.      0.      0.      0.
  354  73      0.      0.      0.      0.      0.      0.   0.00   0.00   1.00   0.35   0.00    125.   3367.    240.   1375.    758.   1399.      0.    437.    187.      0.      0.     88.     0.     0.   1.00     22.      0.      0.      0.      0.      0.
  364  73      0.      0.      0.      0.      0.      0.   0.00   0.00   1.00   0.35   0.00    125.   3373.    240.   1375.    759.   1404.      0.    437.    187.      0.      0.     88.     0.     0.   1.00     22.      0.      0.      0.      0.      0.
    9  74      0.      0.      0.      0.      0.      0.   0.00   0.00   1.00   0.35   0.00    125.   3387.    240.   1375.    760.   1417.      0.    438.    187.      0.      0.     88.     0.     0.   1.00     22.      0.      0.      0.      0.      0.
   19  74      0.      0.      0.      0.      0.      0.   0.00   0.00   1.00   0.35   0.00    125.   3416.    240.   1375.    763.   1443.      0.    437.    187.      0.      0.     88.     0.     0.   1.00     22.      0.      0.      0.      0.      0.
   29  74      0.      0.      0.      0.      0.      0.   0.00   0.00   1.00   0.35   0.00    125.   3430.    240.   1375.    765.   1455.      0.    438.    187.      0.      0.     88.     0.     0.   1.00     22.      0.      0.      0.      0.      0.
   39  74      0.      0.      0.      0.      0.      0.   0.00   0.00   1.00   0.35   0.00    125.   3438.    240.   1375.    767.   1462.      0.    438.    187.      0.      0.     88.     0.     0.   1.00     22.      0.      0.      0.      0.      0.
   49  74      0.      0.      0.      0.      0.      0.   0.00   0.00   1.00   0.35   0.00    125.   3457.    240.   1375.    771.   1478.      0.    437.    187.      0.      0.     88.     0.     0.   1.00     22.      0.      0.      0.      0.      0.
   59  74      0.      0.      0.      0.      0.      0.   0.00   0.00   1.00   0.35   0.00    125.   3461.    240.   1375.    771.   1480.      0.    437.    187.      0.      0.     88.     0.     0.   1.00     22.      0.      0.      0.      0.      0.
   69  74      0.      0.      0.      0.      0.      0.   0.00   0.00   1.00   0.35   0.00    125.   3479.    240.   1375.    773.   1497.      0.    437.    187.      0.      0.     88.     0.     0.   1.00     22.      0.      0.      0.      0.      0.
   79  74      0.      0.      0.      0.      0.      0.   0.00   0.00   1.00   0.35   0.00    125.   3508.    240.   1375.    778.   1521.      0.    437.    187.      0.      0.     88.     0.     0.   1.00     22.      0.      0.      0.      0.      0.


Station=  WAGE , Soil=  1, Manage=  1, Rotat=  3 YrRot=  6 , NYear=  7 , NRot=  6 , Crop=  6, Irr.=  2, IOPT=  2,     Runof=0.00, CO2=370. , StYear=1969, StDay=  1

 Planting on day  80, 1974
 Crop emergence on day   0, 1974
 Wageningen, long rotation 3, soil1, current                                     

 DAY  YEAR  WLVG    WLVD    WST    WSO     TAGB    TSUML    DVS    LAI  TRANRF  SMACT  SMACTL   RD    TRAIN   TIRR   TTRANS  TESOIL  TDRAIN  TRUNOF    WTOT   WAVT    WTOTL     WAVTL  WTOTLX  PARAB    PAR    NNI   NMINT  NMIN    NUPT     NFIX   NLIV   NLOSS  
   80  74     11.      0.     11.      0.     22.      0.   0.00   0.03   1.00   0.35   0.35     10.   3515.    240.   1375.    778.   1528.      0.     35.     15.    315.    135.    175.     0.     0.   1.00      0.     30.      0.      0.      2.      0.
   90  74     11.      0.     11.      0.     22.      0.   0.00   0.03   1.00   0.29   0.35     10.   3516.    240.   1375.    785.   1528.      0.     29.      9.    315.    135.    175.     0.    55.   1.00      0.     30.      0.      0.      2.      0.
   92  74     11.      0.     11.      0.     22.      0.   0.00   0.03   1.00   0.28   0.35     10.   3516.    240.   1375.    786.   1528.      0.     28.      8.    315.    135.    175.     0.    70.   1.00      0.     30.      0.      0.      2.      0.
  100  74     28.      0.     27.      0.     55.     96.   0.12   0.10   1.00   0.28   0.35     20.   3516.    240.   1376.    791.   1528.      0.     51.     15.    285.    122.    175.     3.   141.   1.00      6.     24.      0.      2.      4.      0.
  110  74     41.      0.     39.      0.     79.    172.   0.21   0.23   1.00   0.29   0.35     32.   3516.    240.   1378.    795.   1528.      0.     87.     26.    243.    104.    175.    14.   233.   1.00     13.     16.      1.      3.      5.      0.
  120  74     64.      0.     58.      0.    122.    234.   0.28   0.32   1.00   0.30   0.35     44.   3526.    240.   1382.    802.   1528.      0.    128.     43.    201.     86.    175.    27.   306.   1.00     20.      9.      1.      4.      6.      0.
  130  74    162.      0.    135.      0.    296.    318.   0.38   0.71   1.00   0.30   0.35     56.   3527.    240.   1387.    805.   1528.      0.    162.     54.    160.     68.    175.    45.   362.   1.00     26.      2.      2.      8.     12.      0.
  140  74    827.      0.    601.      0.   1428.    455.   0.55   3.47   1.00   0.31   0.35     68.   3560.    240.   1409.    812.   1528.      0.    209.     76.    118.     50.    175.   111.   458.   1.00    104.      0.     10.     40.     51.      0.
  150  74   1496.     84.   1183.     59.   2823.    576.   0.69   6.28   1.00   0.30   0.35     80.   3570.    240.   1437.    813.   1528.      0.    232.     75.     76.     32.    175.   200.   549.   1.00     93.      0.     21.     84.    105.      1.
  160  74   1685.    402.   1705.    197.   3990.    692.   0.83   7.07   1.00   0.32   0.35     92.   3613.    240.   1467.    813.   1528.      0.    287.    106.     34.     14.    175.   291.   641.   1.00     88.      0.     26.    106.    129.      4.
  170  74   1894.    870.   2720.    621.   6105.    841.   1.01   7.95   1.00   0.32   0.07    100.   3627.    260.   1502.    813.   1528.      0.    320.    120.      0.      0.    175.   398.   747.   1.00     80.      0.     34.    136.    162.      9.
  180  74   1733.   1444.   3649.   1444.   8270.    998.   1.13   7.28   1.00   0.30   0.07    100.   3642.    260.   1533.    813.   1528.      0.    304.    104.      0.      0.    175.   492.   842.   1.00     99.      0.     43.    174.    203.     15.
  190  74   1388.   1910.   4155.   2620.  10073.   1148.   1.24   5.83   1.00   0.32   0.07    100.   3685.    260.   1559.    814.   1528.      0.    320.    120.      0.      0.    175.   566.   916.   1.00     91.      0.     51.    205.    237.     20.
  200  74   1080.   2277.   4538.   4011.  11907.   1297.   1.35   4.54   1.00   0.31   0.07    100.   3700.    260.   1586.    814.   1528.      0.    307.    107.      0.      0.    175.   639.   991.   1.00     84.      0.     58.    231.    266.     24.
  210  74    835.   2558.   4777.   5298.  13468.   1443.   1.46   3.51   1.00   0.31   0.07    100.   3712.    280.   1610.    815.   1528.      0.    314.    114.      0.      0.    175.   708.  1062.   1.00     84.      0.     58.    231.    263.     27.
  220  74    621.   2777.   4274.   6611.  14834.   1597.   1.57   2.61   1.00   0.30   0.07    100.   3721.    280.   1635.    816.   1528.      0.    297.     97.      0.      0.    175.   778.  1139.   1.00     84.      0.     58.    231.    256.     34.
  230  74    446.   2952.   3496.   7552.  15778.   1768.   1.70   1.87   1.00   0.34   0.07    100.   3778.    300.   1655.    819.   1541.      0.    338.    138.      0.      0.    175.   836.  1210.   1.00     84.      0.     58.    231.    248.     43.
  240  74    327.   3071.   2856.   8374.  16601.   1924.   1.81   1.37   1.00   0.33   0.07    100.   3790.    300.   1675.    823.   1541.      0.    326.    126.      0.      0.    175.   904.  1303.   1.00     84.      0.     58.    231.    241.     49.
  250  74    248.   3150.   2382.   8667.  16894.   2062.   1.91   1.04   1.00   0.35   0.07    100.   3841.    300.   1687.    830.   1549.      0.    350.    150.      0.      0.    175.   939.  1358.   1.00     84.      0.     58.    231.    237.     54.
  259  74      0.      0.      0.      0.      0.      0.   0.00   0.00   1.00   0.35   0.07    100.   3860.    300.   1687.    837.   1561.      0.    350.    150.      0.      0.    175.     0.     0.   1.00     84.      0.      0.      0.      0.      0.
  269  74      0.      0.      0.      0.      0.      0.   0.00   0.00   1.00   0.35   0.07    100.   3901.    300.   1687.    841.   1598.      0.    350.    150.      0.      0.    175.     0.     0.   1.00     84.      0.      0.      0.      0.      0.
  279  74      0.      0.      0.      0.      0.      0.   0.00   0.00   1.00   0.35   0.07    100.   3932.    300.   1687.    844.   1626.      0.    350.    150.      0.      0.    175.     0.     0.   1.00     84.      0.      0.      0.      0.      0.
  289  74      0.      0.      0.      0.      0.      0.   0.00   0.00   1.00   0.35   0.07    100.   3952.    300.   1687.    847.   1643.      0.    350.    150.      0.      0.    175.     0.     0.   1.00     84.      0.      0.      0.      0.      0.
  299  74      0.      0.      0.      0.      0.      0.   0.00   0.00   1.00   0.35   0.07    100.   3996.    300.   1687.    849.   1685.      0.    350.    150.      0.      0.    175.     0.     0.   1.00     84.      0.      0.      0.      0.      0.
  309  74      0.      0.      0.      0.      0.      0.   0.00   0.00   1.00   0.35   0.07    100.   4045.    300.   1687.    852.   1732.      0.    350.    150.      0.      0.    175.     0.     0.   1.00     84.      0.      0.      0.      0.      0.
  319  74      0.      0.      0.      0.      0.      0.   0.00   0.00   1.00   0.35   0.07    100.   4061.    300.   1687.    854.   1744.      0.    350.    150.      0.      0.    175.     0.     0.   1.00     84.      0.      0.      0.      0.      0.
  329  74      0.      0.      0.      0.      0.      0.   0.00   0.00   1.00   0.35   0.07    100.   4103.    300.   1687.    857.   1784.      0.    350.    150.      0.      0.    175.     0.     0.   1.00     84.      0.      0.      0.      0.      0.
  339  74      0.      0.      0.      0.      0.      0.   0.00   0.00   1.00   0.35   0.07    100.   4138.    300.   1687.    859.   1816.      0.    350.    150.      0.      0.    175.     0.     0.   1.00     84.      0.      0.      0.      0.      0.
  349  74      0.      0.      0.      0.      0.      0.   0.00   0.00   1.00   0.35   0.07    100.   4180.    300.   1687.    862.   1856.      0.    350.    150.      0.      0.    175.     0.     0.   1.00     84.      0.      0.      0.      0.      0.
  359  74      0.      0.      0.      0.      0.      0.   0.00   0.00   1.00   0.35   0.07    100.   4204.    300.   1687.    865.   1877.      0.    350.    150.      0.      0.    175.     0.     0.   1.00     84.      0.      0.      0.      0.      0.
    4  75      0.      0.      0.      0.      0.      0.   0.00   0.00   1.00   0.35   0.07    100.   4243.    300.   1687.    869.   1912.      0.    350.    150.      0.      0.    175.     0.     0.   1.00     84.      0.      0.      0.      0.      0.
   14  75      0.      0.      0.      0.      0.      0.   0.00   0.00   1.00   0.35   0.07    100.   4267.    300.   1687.    870.   1935.      0.    349.    149.      0.      0.    175.     0.     0.   1.00     84.      0.      0.      0.      0.      0.


Station=  WAGE , Soil=  1, Manage=  1, Rotat=  3 YrRot=  1 , NYear=  7 , NRot=  6 , Crop=  1, Irr.=  2, IOPT=  2,     Runof=0.00, CO2=370. , StYear=1969, StDay=  1

 Planting on day   0, 1975
 Crop emergence on day  20, 1975
 Wageningen, long rotation 3, soil1, current                                     

 DAY  YEAR  WLVG    WLVD    WST    WSO     TAGB    TSUML    DVS    LAI  TRANRF  SMACT  SMACTL   RD    TRAIN   TIRR   TTRANS  TESOIL  TDRAIN  TRUNOF    WTOT   WAVT    WTOTL     WAVTL  WTOTLX  PARAB    PAR    NNI   NMINT  NMIN    NUPT     NFIX   NLIV   NLOSS  
   20  75     68.      0.     37.      0.    105.      0.   0.00   0.14   1.00   0.35   0.35     10.   4282.    300.   1687.    873.   1947.      0.     35.     15.    403.    173.     88.     0.     0.   1.00      0.     30.      0.      0.      8.      0.
   30  75     72.      0.     39.      0.    111.      0.   0.00   0.22   1.00   0.35   0.35     22.   4324.    300.   1688.    879.   1983.      0.     73.     31.    365.    156.     88.     1.    14.   1.00      7.     22.      0.      0.      9.      0.
   40  75     78.      0.     42.      0.    120.      0.   0.00   0.31   1.00   0.35   0.35     34.   4336.    300.   1689.    881.   1993.      0.    114.     48.    323.    138.     88.     5.    40.   1.00     14.     15.      1.      0.     10.      0.
   50  75     83.      0.     44.      0.    127.      0.   0.00   0.42   1.00   0.35   0.35     46.   4354.    300.   1690.    883.   2006.      0.    157.     67.    281.    120.     88.    10.    63.   1.00     21.      8.      1.      0.     10.      0.
   60  75     84.      0.     45.      0.    130.      3.   0.00   0.56   1.00   0.34   0.35     58.   4354.    300.   1691.    885.   2006.      0.    195.     82.    239.    102.     88.    21.   108.   1.00     28.      0.      2.      0.     10.      0.
   70  75    123.      0.     66.      0.    189.     14.   0.02   0.81   1.00   0.35   0.35     70.   4378.    300.   1694.    890.   2020.      0.    241.    103.    197.     84.     88.    30.   133.   1.00     24.      0.      6.      0.     14.      0.
   80  75    129.      0.     69.      0.    198.     23.   0.03   0.83   1.00   0.35   0.35     82.   4397.    300.   1696.    893.   2033.      0.    283.    121.    155.     66.     88.    37.   152.   1.00     23.      0.      7.      0.     15.      0.
   90  75    130.      0.     70.      0.    200.     36.   0.05   0.83   1.00   0.35   0.35     94.   4431.    300.   1700.    899.   2058.      0.    324.    139.    113.     48.     88.    57.   202.   1.00     23.      0.      7.      0.     15.      0.
  100  75    136.      0.     73.      0.    210.     52.   0.07   0.84   1.00   0.35   0.35    106.   4451.    300.   1704.    905.   2067.      0.    367.    157.     71.     30.     88.    76.   251.   1.00     23.      0.      7.      0.     16.      0.
  110  75    186.      0.    100.      0.    285.    106.   0.15   0.95   1.00   0.35   0.35    118.   4478.    300.   1708.    911.   2083.      0.    409.    175.     29.     12.     88.    90.   286.   1.00     19.      0.     11.      0.     19.      0.
  120  75    532.      0.    259.      0.    791.    195.   0.27   1.68   1.00   0.35   0.00    125.   4488.    300.   1718.    917.   2083.      0.    433.    183.      0.      0.     88.   130.   364.   1.00     -2.      0.     32.      0.     40.      0.
  130  75   1156.      0.    620.      0.   1776.    290.   0.40   3.00   1.00   0.35   0.00    125.   4514.    300.   1734.    924.   2086.      0.    433.    183.      0.      0.     88.   189.   445.   1.00    -34.      0.     64.      0.     73.      0.
  140  75   1930.     13.   1370.      0.   3313.    405.   0.56   4.64   1.00   0.34   0.00    125.   4529.    300.   1753.    926.   2086.      0.    427.    177.      0.      0.     88.   260.   525.   1.00     14.      0.    100.      0.    108.      0.
  150  75   2414.    195.   2740.      0.   5350.    510.   0.71   5.62   1.00   0.32   0.00    125.   4529.    300.   1782.    926.   2086.      0.    397.    147.      0.      0.     88.   354.   624.   1.00    -11.      0.    125.      0.    132.      1.
  160  75   2441.    471.   4273.      0.   7186.    612.   0.85   5.63   1.00   0.31   0.00    125.   4547.    300.   1811.    927.   2086.      0.    386.    136.      0.      0.     88.   450.   724.   1.00    -22.      0.    136.      0.    142.      2.
  170  75   2147.    852.   6033.    883.   9915.    769.   1.05   4.93   1.00   0.32   0.00    125.   4572.    320.   1843.    928.   2086.      0.    397.    147.      0.      0.     88.   543.   821.   1.00    -33.      0.    147.      0.    152.      3.
  180  75   1571.   1428.   6033.   3463.  12496.    928.   1.22   3.61   1.00   0.33   0.00    125.   4615.    320.   1871.    930.   2086.      0.    411.    161.      0.      0.     88.   630.   915.   1.00    -10.      0.    152.      0.    154.      6.
  190  75   1143.   1856.   6033.   6020.  15053.   1092.   1.39   2.63   1.00   0.32   0.00    125.   4641.    320.   1901.    933.   2086.      0.    403.    153.      0.      0.     88.   716.  1017.   1.00    -17.      0.    159.      0.    160.      7.
  200  75    803.   2196.   5565.   7387.  16419.   1277.   1.59   1.84   1.00   0.33   0.00    125.   4674.    320.   1923.    939.   2086.      0.    408.    158.      0.      0.     88.   774.  1094.   1.00    -17.      0.    159.      0.    157.     10.
  210  75    586.   2413.   4547.   8135.  17167.   1436.   1.76   1.35   1.00   0.34   0.00    125.   4708.    340.   1938.    948.   2095.      0.    429.    179.      0.      0.     88.   819.  1168.   1.00    -17.      0.    159.      0.    154.     13.
  220  75    396.   2603.   3715.   8697.  17730.   1649.   1.98   0.91   1.00   0.32   0.00    125.   4715.    340.   1960.    960.   2095.      0.    402.    152.      0.      0.     88.   876.  1283.   1.00    -17.      0.    159.      0.    151.     16.
  222  75    378.   2621.   3641.   8718.  17751.   1676.   2.01   0.87   1.00   0.32   0.00    125.   4719.    340.   1965.    965.   2095.      0.    397.    147.      0.      0.     88.   881.  1294.   1.00    -17.      0.    159.      0.    151.     17.
  229  75      0.      0.      0.      0.      0.      0.   0.00   0.00   1.00   0.33   0.00    125.   4740.    350.   1965.    978.   2095.      0.    415.    165.      0.      0.     88.     0.     0.   1.00    -17.      0.      0.      0.      0.      0.
  239  75      0.      0.      0.      0.      0.      0.   0.00   0.00   1.00   0.34   0.00    125.   4761.    350.   1965.    988.   2095.      0.    425.    175.      0.      0.     88.     0.     0.   1.00    -17.      0.      0.      0.      0.      0.
  249  75      0.      0.      0.      0.      0.      0.   0.00   0.00   1.00   0.34   0.00    125.   4765.    350.   1965.    994.   2095.      0.    424.    174.      0.      0.     88.     0.     0.   1.00    -17.      0.      0.      0.      0.      0.
  259  75      0.      0.      0.      0.      0.      0.   0.00   0.00   1.00   0.35   0.00    125.   4803.    350.   1965.   1003.   2111.      0.    437.    187.      0.      0.     88.     0.     0.   1.00    -17.      0.      0.      0.      0.      0.
  269  75      0.      0.      0.      0.      0.      0.   0.00   0.00   1.00   0.35   0.00    125.   4824.    350.   1965.   1009.   2125.      0.    438.    187.      0.      0.     88.     0.     0.   1.00    -17.      0.      0.      0.      0.      0.
  279  75      0.      0.      0.      0.      0.      0.   0.00   0.00   1.00   0.35   0.00    125.   4837.    350.   1965.   1017.   2132.      0.    436.    186.      0.      0.     88.     0.     0.   1.00    -17.      0.      0.      0.      0.      0.
  289  75      0.      0.      0.      0.      0.      0.   0.00   0.00   1.00   0.35   0.00    125.   4846.    350.   1965.   1019.   2137.      0.    437.    187.      0.      0.     88.     0.     0.   1.00    -17.      0.      0.      0.      0.      0.
  299  75      0.      0.      0.      0.      0.      0.   0.00   0.00   1.00   0.35   0.00    125.   4848.    350.   1965.   1021.   2138.      0.    437.    187.      0.      0.     88.     0.     0.   1.00    -17.      0.      0.      0.      0.      0.
  309  75      0.      0.      0.      0.      0.      0.   0.00   0.00   1.00   0.35   0.00    125.   4856.    350.   1965.   1022.   2144.      0.    438.    187.      0.      0.     88.     0.     0.   1.00    -17.      0.      0.      0.      0.      0.
  319  75      0.      0.      0.      0.      0.      0.   0.00   0.00   1.00   0.35   0.00    125.   4862.    350.   1965.   1022.   2150.      0.    437.    187.      0.      0.     88.     0.     0.   1.00    -17.      0.      0.      0.      0.      0.
  329  75      0.      0.      0.      0.      0.      0.   0.00   0.00   1.00   0.35   0.00    125.   4899.    350.   1965.   1024.   2185.      0.    437.    187.      0.      0.     88.     0.     0.   1.00    -17.      0.      0.      0.      0.      0.
  339  75      0.      0.      0.      0.      0.      0.   0.00   0.00   1.00   0.35   0.00    125.   4944.    350.   1965.   1026.   2229.      0.    438.    187.      0.      0.     88.     0.     0.   1.00    -17.      0.      0.      0.      0.      0.
  349  75      0.      0.      0.      0.      0.      0.   0.00   0.00   1.00   0.35   0.00    125.   4948.    350.   1965.   1027.   2232.      0.    438.    187.      0.      0.     88.     0.     0.   1.00    -17.      0.      0.      0.      0.      0.
  359  75      0.      0.      0.      0.      0.      0.   0.00   0.00   1.00   0.35   0.00    125.   4953.    350.   1965.   1027.   2236.      0.    438.    187.      0.      0.     88.     0.     0.   1.00    -17.      0.      0.      0.      0.      0.
    1  76      0.      0.      0.      0.      0.      0.   0.00   0.00   1.00   0.35   0.00    125.   4971.    350.   1965.   1029.   2253.      0.    438.    187.      0.      0.     88.     0.     0.   1.00    -17.      0.      0.      0.      0.      0.


DATA-FILE  WARO1PTS.OUT


Name of run: WARO3


Station=  WAGE , Soil=  1, Manage=  2, Rotat=  4 YrRot=  1 , NYear=  7 , NRot=  6 , Crop=  1, Irr.=  0, IOPT=  3,     Runof=0.00, CO2=370. , StYear=1969, StDay=  1

 DAY  YEAR  WLVG    WLVD    WST    WSO     TAGB    TSUML    DVS    LAI  TRANRF  SMACT  SMACTL   RD    TRAIN   TIRR   TTRANS  TESOIL  TDRAIN  TRUNOF    WTOT   WAVT    WTOTL      WAVTL WTOTLX  PARAB    PAR    NNI   NMINT  NMIN    NUPT       NFIX   NLIV   NLOSS  
    1  69      0.      0.      0.      0.      0.      0.   0.00   0.00   1.00   0.30   0.30     10.   4971.    350.   1965.   1029.   2253.      0.    438.    187.      0.      0.     88.     0.     0.   1.00    -17.      0.      0.      0.      0.      0.
    3  69      0.      0.      0.      0.      0.      0.   0.00   0.00   1.00   0.33   0.30     10.      3.      0.      0.      0.      0.      0.     33.     13.    345.    115.     75.     0.     0.   1.00    -17.      0.      0.      0.      0.      0.
   13  69      0.      0.      0.      0.      0.      0.   0.00   0.00   1.00   0.34   0.30     10.      5.      0.      0.      1.      0.      0.     34.     14.    345.    115.     75.     0.     0.   1.00    -17.      0.      0.      0.      0.      0.


Station=  WAGE , Soil=  1, Manage=  2, Rotat=  4 YrRot=  1 , NYear=  7 , NRot=  6 , Crop=  1, Irr.=  0, IOPT=  3,     Runof=0.00, CO2=370. , StYear=1969, StDay=  1

 Planting on day   0, 1969
 Crop emergence on day  20, 1969
 Wageningen, long rotation 4, soil1, current                                     

 DAY  YEAR  WLVG    WLVD    WST    WSO     TAGB    TSUML    DVS    LAI  TRANRF  SMACT  SMACTL   RD    TRAIN   TIRR   TTRANS  TESOIL  TDRAIN  TRUNOF    WTOT   WAVT    WTOTL     WAVTL  WTOTLX  PARAB    PAR    NNI   NMINT  NMIN    NUPT     NFIX   NLIV   NLOSS  
   20  69     68.      0.     37.      0.    105.      0.   0.00   0.14   1.00   0.35   0.31     10.     18.      0.      0.      3.      0.      0.     35.     15.    354.    124.     77.     0.     0.   1.00      0.     30.      0.      0.      8.      0.
   30  69     72.      0.     39.      0.    111.      0.   0.00   0.24   1.00   0.34   0.32     22.     34.      0.      0.      4.      0.      0.     72.     30.    331.    123.     77.     1.    10.   0.99      7.     22.      0.      0.      9.      0.
   40  69     74.      0.     40.      0.    115.      0.   0.00   0.31   1.00   0.35   0.33     34.     50.      0.      1.      8.      0.      0.    114.     49.    301.    116.     77.     4.    27.   1.00     14.     15.      1.      0.      9.      0.
   50  69     74.      0.     40.      0.    115.      0.   0.00   0.31   1.00   0.35   0.34     46.     69.      0.      1.      8.      0.      0.    157.     67.    276.    116.     77.     8.    53.   1.00     22.      8.      1.      0.      9.      0.
   60  69     79.      1.     43.      0.    123.      1.   0.00   0.36   1.00   0.35   0.35     58.     80.      0.      2.     11.      0.      0.    197.     84.    239.    102.     81.    12.    75.   1.00     29.      0.      1.      0.     10.      0.
   70  69     80.      1.     44.      0.    124.      2.   0.00   0.43   1.00   0.35   0.35     70.     83.      0.      4.     13.      0.      0.    238.    101.    197.     84.     81.    21.   119.   1.00     29.      0.      1.      0.     10.      0.
   80  69     85.      1.     46.      0.    132.      7.   0.01   0.54   1.00   0.35   0.35     82.    119.      0.      5.     17.     23.      0.    282.    120.    155.     66.     88.    27.   140.   1.00     28.      0.      2.      0.     10.      0.
   90  69     85.      1.     46.      0.    132.     14.   0.02   0.64   1.00   0.35   0.35     94.    126.      0.      9.     21.     23.      0.    324.    138.    113.     48.     88.    41.   190.   1.00     28.      0.      2.      0.     10.      0.
  100  69    216.      6.    153.      0.    375.     59.   0.08   1.02   1.00   0.34   0.35    106.    138.      0.     18.     28.     32.      0.    351.    142.     71.     30.     88.    70.   266.   0.85     15.      0.     15.      0.     23.      0.
  110  69    281.     11.    198.      0.    490.     97.   0.14   1.16   1.00   0.35   0.35    118.    184.      0.     27.     38.     46.      0.    407.    173.     29.     12.     88.   100.   326.   1.00      5.      0.     25.      0.     33.      0.
  120  69    507.     32.    358.      0.    896.    175.   0.24   1.61   1.00   0.34   0.01    125.    212.      0.     37.     46.     60.      0.    431.    181.      0.      0.     88.   139.   397.   0.70      0.      0.     30.      0.     38.      0.
  130  69    680.    144.    730.      0.   1554.    293.   0.41   1.92   1.00   0.33   0.01    125.    218.      0.     53.     52.     60.      0.    416.    166.      0.      0.     88.   185.   469.   0.51      0.      0.     30.      0.     38.      1.
  140  69    923.    241.   1318.      0.   2482.    432.   0.60   2.39   1.00   0.34   0.01    125.    257.      0.     74.     60.     60.      0.    426.    176.      0.      0.     88.   234.   537.   0.99     78.      0.     64.      0.     72.      1.
  150  69   1355.    260.   2631.      0.   4247.    560.   0.78   3.29   1.00   0.33   0.01    125.    275.      0.     99.     65.     60.      0.    414.    164.      0.      0.     88.   303.   623.   0.97     59.      0.     83.      0.     90.      1.
  160  69   1497.    264.   4274.      0.   6036.    680.   0.94   3.59   1.00   0.34   0.01    125.    316.      0.    125.     68.     65.      0.    420.    170.      0.      0.     88.   371.   700.   1.00     49.      0.     93.      0.    101.      1.
  170  69   1175.    588.   5014.   2297.   9074.    858.   1.15   2.82   1.00   0.31   0.01    125.    331.      0.    169.     72.     65.      0.    387.    137.      0.      0.     88.   473.   818.   1.00     95.      0.    103.      0.    109.      2.
  180  69    870.    894.   5014.   4072.  10850.   1009.   1.31   2.09   1.00   0.30   0.01    125.    346.      0.    192.     77.     65.      0.    373.    123.      0.      0.     88.   532.   894.   1.00     82.      0.    116.      0.    121.      4.
  190  69    589.   1174.   5014.   5581.  12358.   1171.   1.48   1.44   1.00   0.29   0.01    125.    365.      0.    214.     84.     65.      0.    364.    114.      0.      0.     88.   589.   979.   0.62     82.      0.    116.      0.    120.      5.
  200  69    322.   1442.   4266.   6130.  12908.   1333.   1.65   0.87   1.00   0.28   0.01    125.    376.      0.    230.     94.     65.      0.    348.     98.      0.      0.     88.   629.  1060.   0.30     82.      0.    116.      0.    117.      8.
  210  69    146.   1618.   3485.   6294.  13072.   1537.   1.86   0.49   0.80   0.27   0.01    125.    389.      0.    244.    108.     65.      0.    334.     84.      0.      0.     88.   660.  1153.   0.15     82.      0.    116.      0.    114.     10.
  217  69     87.   1677.   3088.   6309.  13087.   1669.   2.00   0.35   1.00   0.26   0.01    125.    406.      0.    251.    123.     65.      0.    328.     78.      0.      0.     88.   672.  1207.   0.10     82.      0.    116.      0.    113.     12.
  219  69      0.      0.      0.      0.      0.      0.   0.00   0.00   1.00   0.26   0.01    125.    406.      0.    251.    128.     65.      0.    323.     73.      0.      0.     88.     0.     0.   1.00     82.      0.      0.      0.      0.      0.
  229  69      0.      0.      0.      0.      0.      0.   0.00   0.00   1.00   0.26   0.01    125.    434.      0.    251.    152.     65.      0.    328.     78.      0.      0.     88.     0.     0.   1.00     82.      0.      0.      0.      0.      0.
  239  69      0.      0.      0.      0.      0.      0.   0.00   0.00   1.00   0.31   0.01    125.    506.      0.    251.    171.     65.      0.    382.    132.      0.      0.     88.     0.     0.   1.00     82.      0.      0.      0.      0.      0.
  249  69      0.      0.      0.      0.      0.      0.   0.00   0.00   1.00   0.31   0.01    125.    518.      0.    251.    182.     65.      0.    382.    132.      0.      0.     88.     0.     0.   1.00     82.      0.      0.      0.      0.      0.
  259  69      0.      0.      0.      0.      0.      0.   0.00   0.00   1.00   0.30   0.01    125.    518.      0.    251.    188.     65.      0.    377.    127.      0.      0.     88.     0.     0.   1.00     82.      0.      0.      0.      0.      0.
  269  69      0.      0.      0.      0.      0.      0.   0.00   0.00   1.00   0.30   0.01    125.    524.      0.    251.    194.     65.      0.    376.    126.      0.      0.     88.     0.     0.   1.00     82.      0.      0.      0.      0.      0.
  279  69      0.      0.      0.      0.      0.      0.   0.00   0.00   1.00   0.30   0.01    125.    531.      0.    251.    201.     65.      0.    376.    126.      0.      0.     88.     0.     0.   1.00     82.      0.      0.      0.      0.      0.
  289  69      0.      0.      0.      0.      0.      0.   0.00   0.00   1.00   0.30   0.01    125.    532.      0.    251.    203.     65.      0.    375.    125.      0.      0.     88.     0.     0.   1.00     82.      0.      0.      0.      0.      0.
  299  69      0.      0.      0.      0.      0.      0.   0.00   0.00   1.00   0.31   0.01    125.    545.      0.    251.    208.     65.      0.    383.    133.      0.      0.     88.     0.     0.   1.00     82.      0.      0.      0.      0.      0.
  309  69      0.      0.      0.      0.      0.      0.   0.00   0.00   1.00   0.31   0.01    125.    554.      0.    251.    212.     65.      0.    387.    137.      0.      0.     88.     0.     0.   1.00     82.      0.      0.      0.      0.      0.
  319  69      0.      0.      0.      0.      0.      0.   0.00   0.00   1.00   0.34   0.01    125.    592.      0.    251.    218.     65.      0.    420.    170.      0.      0.     88.     0.     0.   1.00     82.      0.      0.      0.      0.      0.
  329  69      0.      0.      0.      0.      0.      0.   0.00   0.00   1.00   0.34   0.01    125.    599.      0.    251.    221.     65.      0.    423.    173.      0.      0.     88.     0.     0.   1.00     82.      0.      0.      0.      0.      0.
  339  69      0.      0.      0.      0.      0.      0.   0.00   0.00   1.00   0.35   0.01    125.    611.      0.    251.    221.     65.      0.    435.    185.      0.      0.     88.     0.     0.   1.00     82.      0.      0.      0.      0.      0.
  349  69      0.      0.      0.      0.      0.      0.   0.00   0.00   1.00   0.35   0.01    125.    621.      0.    251.    222.     73.      0.    438.    187.      0.      0.     88.     0.     0.   1.00     82.      0.      0.      0.      0.      0.
  359  69      0.      0.      0.      0.      0.      0.   0.00   0.00   1.00   0.35   0.01    125.    643.      0.    251.    223.     94.      0.    438.    187.      0.      0.     88.     0.     0.   1.00     82.      0.      0.      0.      0.      0.
    4  70      0.      0.      0.      0.      0.      0.   0.00   0.00   1.00   0.35   0.01    125.    648.      0.    251.    223.     99.      0.    438.    187.      0.      0.     88.     0.     0.   1.00     82.      0.      0.      0.      0.      0.
   14  70      0.      0.      0.      0.      0.      0.   0.00   0.00   1.00   0.35   0.01    125.    658.      0.    251.    225.    107.      0.    437.    187.      0.      0.     88.     0.     0.   1.00     82.      0.      0.      0.      0.      0.
   20  70      0.      0.      0.      0.      0.      0.   0.00   0.00   1.00   0.35   0.01    125.    663.      0.    251.    225.    112.      0.    437.    187.      0.      0.     88.     0.     0.   1.00     82.      0.      0.      0.      0.      0.
   24  70      0.      0.      0.      0.      0.      0.   0.00   0.00   1.00   0.35   0.01    125.    668.      0.    251.    225.    117.      0.    438.    187.      0.      0.     88.     0.     0.   1.00     82.      0.      0.      0.      0.      0.
   34  70      0.      0.      0.      0.      0.      0.   0.00   0.00   1.00   0.35   0.01    125.    700.      0.    251.    226.    148.      0.    438.    187.      0.      0.     88.     0.     0.   1.00     82.      0.      0.      0.      0.      0.
   44  70      0.      0.      0.      0.      0.      0.   0.00   0.00   1.00   0.35   0.01    125.    727.      0.    251.    229.    172.      0.    438.    187.      0.      0.     88.     0.     0.   1.00     82.      0.      0.      0.      0.      0.
   54  70      0.      0.      0.      0.      0.      0.   0.00   0.00   1.00   0.35   0.01    125.    777.      0.    251.    231.    220.      0.    438.    187.      0.      0.     88.     0.     0.   1.00     82.      0.      0.      0.      0.      0.
   64  70      0.      0.      0.      0.      0.      0.   0.00   0.00   1.00   0.35   0.01    125.    795.      0.    251.    235.    234.      0.    437.    187.      0.      0.     88.     0.     0.   1.00     82.      0.      0.      0.      0.      0.
   74  70      0.      0.      0.      0.      0.      0.   0.00   0.00   1.00   0.35   0.01    125.    799.      0.    251.    237.    237.      0.    437.    187.      0.      0.     88.     0.     0.   1.00     82.      0.      0.      0.      0.      0.
   84  70      0.      0.      0.      0.      0.      0.   0.00   0.00   1.00   0.35   0.01    125.    822.      0.    251.    243.    253.      0.    437.    187.      0.      0.     88.     0.     0.   1.00     82.      0.      0.      0.      0.      0.
   94  70      0.      0.      0.      0.      0.      0.   0.00   0.00   1.00   0.35   0.01    125.    854.      0.    251.    253.    275.      0.    437.    187.      0.      0.     88.     0.     0.   1.00     82.      0.      0.      0.      0.      0.


Station=  WAGE , Soil=  1, Manage=  2, Rotat=  4 YrRot=  2 , NYear=  7 , NRot=  6 , Crop=  2, Irr.=  0, IOPT=  3,     Runof=0.00, CO2=370. , StYear=1969, StDay=  1

 Planting on day 100, 1970
 Crop emergence on day   0, 1970
 Wageningen, long rotation 4, soil1, current                                     

 DAY  YEAR  WLVG    WLVD    WST    WSO     TAGB    TSUML    DVS    LAI  TRANRF  SMACT  SMACTL   RD    TRAIN   TIRR   TTRANS  TESOIL  TDRAIN  TRUNOF    WTOT   WAVT    WTOTL     WAVTL  WTOTLX  PARAB    PAR    NNI   NMINT  NMIN    NUPT     NFIX   NLIV   NLOSS  
  100  70      0.      0.      0.      0.      0.      0.   0.00   0.00   1.00   0.35   0.35     10.    883.      0.    251.    258.    299.      0.     35.     15.    385.    165.    105.     0.     0.   0.00      0.     30.      0.      0.      0.      0.
  110  70      0.      0.      0.      0.      0.      0.   0.00   0.00   1.00   0.33   0.35     10.    898.      0.    251.    271.    304.      0.     33.     13.    385.    165.    105.     0.    48.   0.00      0.     30.      0.      0.      0.      0.
  117  70      0.      0.      0.      0.      0.      0.   0.00   0.00   1.00   0.34   0.35     10.    915.      0.    251.    280.    309.      0.     34.     14.    385.    165.    105.     0.    77.   1.00      0.     30.      0.      0.      0.      0.
  120  70      0.      0.      0.      0.      0.      7.   0.01   0.00   1.00   0.34   0.35     14.    929.      0.    251.    287.    316.      0.     42.     18.    377.    161.    105.     0.   102.   0.92      2.     28.      0.      0.      0.      0.
  130  70      1.      0.      0.      0.      2.     99.   0.15   0.00   1.00   0.32   0.35     26.    935.      0.    251.    301.    316.      0.     77.     28.    335.    143.    105.     0.   186.   0.73     10.     20.      0.      0.      0.      0.
  140  70      4.      0.      2.      0.      6.    210.   0.32   0.01   1.00   0.32   0.35     38.    942.      0.    252.    312.    316.      0.    115.     42.    293.    125.    105.     0.   266.   0.92    129.     13.      0.      0.      0.      0.
  150  70     10.      1.      7.      0.     18.    297.   0.46   0.02   1.00   0.32   0.35     50.    950.      0.    252.    323.    316.      0.    153.     56.    251.    107.    105.     1.   346.   0.89    136.      5.      1.      0.      1.      0.
  160  70     33.      3.     30.      0.     66.    421.   0.65   0.06   1.00   0.31   0.35     62.    951.      0.    253.    332.    316.      0.    187.     66.    209.     89.    105.     4.   457.   0.72    140.      0.      2.      0.      2.      0.
  170  70    104.     11.    123.      0.    237.    561.   0.86   0.19   0.94   0.29   0.35     74.    960.      0.    255.    355.    316.      0.    212.     67.    167.     71.    105.    12.   575.   0.72    190.      0.      8.      0.      8.      0.
  180  70    235.     30.    334.     11.    611.    715.   1.05   0.42   1.00   0.29   0.35     86.    968.      0.    261.    369.    316.      0.    241.     72.    125.     53.    105.    28.   669.   0.89    177.      0.     21.      0.     20.      1.
  190  70    385.     49.    562.    169.   1165.    845.   1.14   0.70   1.00   0.32   0.35     98.   1018.      0.    270.    386.    316.      0.    308.    115.     83.     35.    105.    49.   734.   0.81    165.      0.     33.      0.     32.      1.
  200  70    549.     77.    834.    684.   2143.    971.   1.23   1.01   1.00   0.34   0.35    110.   1071.      0.    283.    398.    322.      0.    372.    156.     41.     17.    105.    82.   810.   0.92    147.      0.     51.      0.     50.      2.
  210  70    571.    134.    967.   1403.   3076.   1096.   1.32   1.06   1.00   0.34   0.00    120.   1100.      0.    296.    410.    326.      0.    413.    173.      0.      0.    105.   113.   869.   0.96    135.      0.     63.      0.     60.      3.
  220  70    436.    330.   1099.   2494.   4359.   1258.   1.44   0.81   1.00   0.33   0.00    120.   1107.      0.    312.    417.    326.      0.    397.    157.      0.      0.    105.   156.   959.   0.95    123.      0.     75.      0.     67.      8.
  230  70    338.    464.   1109.   3145.   5125.   1387.   1.53   0.63   1.00   0.33   0.00    120.   1130.      0.    322.    429.    326.      0.    399.    159.      0.      0.    105.   183.  1027.   0.82    116.      0.     82.      0.     70.     13.
  240  70    219.    602.    959.   3582.   5638.   1517.   1.62   0.41   1.00   0.32   0.00    120.   1139.      0.    330.    439.    326.      0.    390.    150.      0.      0.    105.   204.  1098.   0.43    116.      0.     82.      0.     62.     20.
  250  70    114.    711.    803.   3751.   5834.   1640.   1.71   0.24   1.00   0.32   0.00    120.   1142.      0.    335.    447.    326.      0.    379.    139.      0.      0.    105.   219.  1168.   0.18    116.      0.     82.      0.     56.     26.
  260  70     54.    772.    658.   3773.   5859.   1758.   1.79   0.14   1.00   0.35   0.00    120.   1216.      0.    338.    463.    341.      0.    420.    180.      0.      0.    105.   224.  1209.   0.08    116.      0.     82.      0.     52.     31.
  270  70     25.    801.    538.   3776.   5862.   1863.   1.87   0.08   1.00   0.34   0.00    120.   1216.      0.    338.    468.    341.      0.    414.    174.      0.      0.    105.   228.  1267.   0.04    116.      0.     82.      0.     48.     34.
  273  70     19.    807.    507.   3776.   5862.   1903.   1.90   0.07   1.00   0.34   0.00    120.   1216.      0.    339.    470.    341.      0.    412.    172.      0.      0.    105.   229.  1285.   0.03    116.      0.     82.      0.     48.     35.
  273  70      0.      0.      0.      0.      0.      0.   0.00   0.00   1.00   0.35   0.00    120.   1227.      0.    339.    471.    342.      0.    420.    180.      0.      0.    105.     0.     0.   1.00    116.      0.      0.      0.      0.      0.
  278  70      0.      0.      0.      0.      0.      0.   0.00   0.00   1.00   0.35   0.00    120.   1270.      0.    339.    479.    377.      0.    420.    180.      0.      0.    105.     0.     0.   1.00    116.      0.      0.      0.      0.      0.
  288  70      0.      0.      0.      0.      0.      0.   0.00   0.00   1.00   0.35   0.00    120.   1274.      0.    339.    483.    379.      0.    418.    178.      0.      0.    105.     0.     0.   1.00    116.      0.      0.      0.      0.      0.
  298  70      0.      0.      0.      0.      0.      0.   0.00   0.00   1.00   0.35   0.00    120.   1303.      0.    339.    487.    402.      0.    420.    180.      0.      0.    105.     0.     0.   1.00    116.      0.      0.      0.      0.      0.
  308  70      0.      0.      0.      0.      0.      0.   0.00   0.00   1.00   0.35   0.00    120.   1365.      0.    339.    494.    458.      0.    419.    179.      0.      0.    105.     0.     0.   1.00    116.      0.      0.      0.      0.      0.
  318  70      0.      0.      0.      0.      0.      0.   0.00   0.00   1.00   0.35   0.00    120.   1381.      0.    339.    499.    468.      0.    420.    180.      0.      0.    105.     0.     0.   1.00    116.      0.      0.      0.      0.      0.
  328  70      0.      0.      0.      0.      0.      0.   0.00   0.00   1.00   0.35   0.00    120.   1404.      0.    339.    504.    487.      0.    420.    180.      0.      0.    105.     0.     0.   1.00    116.      0.      0.      0.      0.      0.
  338  70      0.      0.      0.      0.      0.      0.   0.00   0.00   1.00   0.35   0.00    120.   1428.      0.    339.    505.    510.      0.    419.    179.      0.      0.    105.     0.     0.   1.00    116.      0.      0.      0.      0.      0.
  348  70      0.      0.      0.      0.      0.      0.   0.00   0.00   1.00   0.35   0.00    120.   1451.      0.    339.    506.    532.      0.    420.    180.      0.      0.    105.     0.     0.   1.00    116.      0.      0.      0.      0.      0.
  358  70      0.      0.      0.      0.      0.      0.   0.00   0.00   1.00   0.35   0.00    120.   1456.      0.    339.    506.    536.      0.    420.    180.      0.      0.    105.     0.     0.   1.00    116.      0.      0.      0.      0.      0.
    3  71      0.      0.      0.      0.      0.      0.   0.00   0.00   1.00   0.35   0.00    120.   1462.      0.    339.    507.    542.      0.    420.    180.      0.      0.    105.     0.     0.   1.00    116.      0.      0.      0.      0.      0.
   13  71      0.      0.      0.      0.      0.      0.   0.00   0.00   1.00   0.35   0.00    120.   1464.      0.    339.    507.    544.      0.    420.    180.      0.      0.    105.     0.     0.   1.00    116.      0.      0.      0.      0.      0.
   23  71      0.      0.      0.      0.      0.      0.   0.00   0.00   1.00   0.35   0.00    120.   1478.      0.    339.    507.    557.      0.    420.    180.      0.      0.    105.     0.     0.   1.00    116.      0.      0.      0.      0.      0.
   33  71      0.      0.      0.      0.      0.      0.   0.00   0.00   1.00   0.35   0.00    120.   1520.      0.    339.    512.    595.      0.    420.    180.      0.      0.    105.     0.     0.   1.00    116.      0.      0.      0.      0.      0.
   43  71      0.      0.      0.      0.      0.      0.   0.00   0.00   1.00   0.35   0.00    120.   1526.      0.    339.    513.    599.      0.    420.    180.      0.      0.    105.     0.     0.   1.00    116.      0.      0.      0.      0.      0.
   53  71      0.      0.      0.      0.      0.      0.   0.00   0.00   1.00   0.35   0.00    120.   1552.      0.    339.    516.    623.      0.    420.    180.      0.      0.    105.     0.     0.   1.00    116.      0.      0.      0.      0.      0.
   63  71      0.      0.      0.      0.      0.      0.   0.00   0.00   1.00   0.35   0.00    120.   1558.      0.    339.    520.    624.      0.    420.    180.      0.      0.    105.     0.     0.   1.00    116.      0.      0.      0.      0.      0.
   73  71      0.      0.      0.      0.      0.      0.   0.00   0.00   1.00   0.35   0.00    120.   1570.      0.    339.    524.    632.      0.    419.    179.      0.      0.    105.     0.     0.   1.00    116.      0.      0.      0.      0.      0.
   83  71      0.      0.      0.      0.      0.      0.   0.00   0.00   1.00   0.35   0.00    120.   1588.      0.    339.    535.    640.      0.    419.    179.      0.      0.    105.     0.     0.   1.00    116.      0.      0.      0.      0.      0.
   93  71      0.      0.      0.      0.      0.      0.   0.00   0.00   1.00   0.35   0.00    120.   1593.      0.    339.    541.    642.      0.    417.    177.      0.      0.    105.     0.     0.   1.00    116.      0.      0.      0.      0.      0.
  103  71      0.      0.      0.      0.      0.      0.   0.00   0.00   1.00   0.34   0.00    120.   1593.      0.    339.    544.    642.      0.    414.    174.      0.      0.    105.     0.     0.   1.00    116.      0.      0.      0.      0.      0.
  113  71      0.      0.      0.      0.      0.      0.   0.00   0.00   1.00   0.34   0.00    120.   1598.      0.    339.    549.    642.      0.    413.    173.      0.      0.    105.     0.     0.   1.00    116.      0.      0.      0.      0.      0.
  117  71      0.      0.      0.      0.      0.      0.   0.00   0.00   1.00   0.35   0.00    120.   1613.      0.    339.    558.    642.      0.    419.    179.      0.      0.    105.     0.     0.   1.00    116.      0.      0.      0.      0.      0.


Station=  WAGE , Soil=  1, Manage=  2, Rotat=  4 YrRot=  3 , NYear=  7 , NRot=  6 , Crop=  3, Irr.=  0, IOPT=  3,     Runof=0.00, CO2=370. , StYear=1969, StDay=  1

 Planting on day 120, 1971
 Crop emergence on day   0, 1971
 Wageningen, long rotation 4, soil1, current                                     

 DAY  YEAR  WLVG    WLVD    WST    WSO     TAGB    TSUML    DVS    LAI  TRANRF  SMACT  SMACTL   RD    TRAIN   TIRR   TTRANS  TESOIL  TDRAIN  TRUNOF    WTOT   WAVT    WTOTL     WAVTL  WTOTLX  PARAB    PAR    NNI   NMINT  NMIN    NUPT     NFIX   NLIV   NLOSS  
  120  71     19.      0.     11.      0.     30.      0.   0.00   0.05   1.00   0.33   0.35     10.   1613.      0.    339.    563.    642.      0.     33.     13.    313.    133.    174.     0.     0.   0.00      0.     30.      0.      0.      2.      0.
  130  71     19.      0.     11.      0.     30.      0.   0.00   0.05   1.00   0.26   0.35     10.   1620.      0.    339.    577.    642.      0.     26.      6.    313.    133.    174.     0.   104.   0.00      0.     30.      0.      0.      2.      0.
  134  71     19.      0.     11.      0.     30.      0.   0.00   0.05   0.00   0.19   0.35     10.   1624.      0.    339.    588.    642.      0.     19.     -1.    313.    133.    174.     0.   150.   1.00    112.     30.      0.      0.      2.      0.
  140  71     32.      2.     24.      0.     58.     57.   0.08   0.08   1.00   0.32   0.35     16.   1662.      0.    339.    603.    650.      0.     47.     17.    298.    128.    175.     2.   196.   0.85    115.     26.      1.      0.      3.      0.
  150  71     83.      5.     64.      0.    152.    129.   0.19   0.19   1.00   0.32   0.35     28.   1681.      0.    341.    622.    650.      0.     87.     33.    256.    110.    175.     7.   276.   0.88    118.     19.      5.      0.      7.      0.
  160  71    342.     17.    296.      0.    655.    231.   0.33   0.69   1.00   0.28   0.35     40.   1681.      0.    348.    636.    650.      0.    108.     31.    214.     92.    175.    27.   380.   0.91    107.     11.     24.      0.     26.      0.
  170  71    596.     29.    522.      0.   1147.    301.   0.43   1.16   1.00   0.35   0.35     52.   1740.      0.    358.    649.    658.      0.    178.     76.    172.     74.    175.    53.   441.   0.97    154.      4.     40.      0.     42.      0.
  180  71   1104.     57.   1183.      0.   2344.    383.   0.55   2.00   1.00   0.35   0.35     64.   1779.      0.    374.    659.    671.      0.    220.     94.    130.     56.    175.    95.   512.   0.99    126.      0.     72.      0.     74.      0.
  190  71   2000.    103.   2956.      0.   5058.    492.   0.71   3.30   1.00   0.30   0.35     76.   1780.      0.    404.    664.    671.      0.    227.     78.     88.     38.    175.   182.   624.   0.94     80.      0.    118.      0.    120.      1.
  200  71   2558.    136.   4882.      0.   7577.    595.   0.86   3.98   1.00   0.27   0.35     88.   1781.      0.    435.    665.    671.      0.    237.     64.     46.     20.    175.   268.   721.   1.00     50.      0.    148.      0.    149.      1.
  210  71   2853.    164.   6674.     60.   9751.    708.   1.02   4.33   1.00   0.29   0.35    100.   1809.      0.    459.    668.    671.      0.    282.     85.      4.      2.    175.   330.   789.   1.00     46.      0.    152.      0.    154.      1.
  220  71   2279.   1074.   8173.   1577.  13102.    835.   1.17   3.37   1.00   0.28   0.07    100.   1834.      0.    490.    670.    671.      0.    278.     78.      0.      0.    175.   405.   871.   1.00     29.      0.    169.      0.    165.      6.
  230  71   1674.   1695.   8237.   3175.  14781.    935.   1.28   2.47   1.00   0.27   0.07    100.   1844.      0.    509.    672.    671.      0.    266.     66.      0.      0.    175.   455.   932.   1.00     21.      0.    177.      0.    170.      9.
  240  71   1193.   2176.   8237.   5229.  16836.   1051.   1.42   1.76   1.00   0.27   0.07    100.   1872.      0.    529.    679.    671.      0.    269.     69.      0.      0.    175.   508.  1006.   1.00     19.      0.    179.      0.    170.     12.
  250  71    841.   2528.   7753.   6346.  17953.   1145.   1.53   1.25   1.00   0.25   0.07    100.   1877.      0.    543.    684.    671.      0.    255.     55.      0.      0.    175.   545.  1069.   0.83     19.      0.    179.      0.    166.     15.
  260  71    598.   2771.   6335.   6725.  18331.   1205.   1.60   0.91   1.00   0.24   0.07    100.   1879.      0.    552.    686.    671.      0.    244.     44.      0.      0.    175.   577.  1136.   0.79     19.      0.    179.      0.    160.     21.
  270  71    419.   2950.   5176.   6862.  18469.   1272.   1.67   0.66   1.00   0.25   0.07    100.   1890.      0.    557.    690.    671.      0.    246.     46.      0.      0.    175.   598.  1189.   0.85     19.      0.    179.      0.    156.     26.
  280  71    310.   3059.   4229.   7011.  18617.   1330.   1.74   0.50   1.00   0.25   0.07    100.   1896.      0.    560.    694.    671.      0.    246.     46.      0.      0.    175.   611.  1234.   0.95     19.      0.    179.      0.    152.     30.
  290  71    249.   3120.   3526.   7106.  18712.   1380.   1.80   0.40   1.00   0.24   0.07    100.   1899.      0.    562.    697.    671.      0.    244.     44.      0.      0.    175.   619.  1268.   1.00     19.      0.    179.      0.    149.     32.
  299  71      0.      0.      0.      0.      0.      0.   0.00   0.00   1.00   0.26   0.07    100.   1920.      0.    562.    703.    671.      0.    259.     59.      0.      0.    175.     0.     0.   1.00     19.      0.      0.      0.      0.      0.
  309  71      0.      0.      0.      0.      0.      0.   0.00   0.00   1.00   0.26   0.07    100.   1920.      0.    562.    704.    671.      0.    258.     58.      0.      0.    175.     0.     0.   1.00     19.      0.      0.      0.      0.      0.
  319  71      0.      0.      0.      0.      0.      0.   0.00   0.00   1.00   0.27   0.07    100.   1931.      0.    562.    706.    671.      0.    267.     67.      0.      0.    175.     0.     0.   1.00     19.      0.      0.      0.      0.      0.
  329  71      0.      0.      0.      0.      0.      0.   0.00   0.00   1.00   0.30   0.07    100.   1967.      0.    562.    709.    671.      0.    299.     99.      0.      0.    175.     0.     0.   1.00     19.      0.      0.      0.      0.      0.
  339  71      0.      0.      0.      0.      0.      0.   0.00   0.00   1.00   0.31   0.07    100.   1979.      0.    562.    710.    671.      0.    311.    111.      0.      0.    175.     0.     0.   1.00     19.      0.      0.      0.      0.      0.
  349  71      0.      0.      0.      0.      0.      0.   0.00   0.00   1.00   0.32   0.07    100.   1985.      0.    562.    711.    671.      0.    316.    116.      0.      0.    175.     0.     0.   1.00     19.      0.      0.      0.      0.      0.
  359  71      0.      0.      0.      0.      0.      0.   0.00   0.00   1.00   0.34   0.07    100.   2006.      0.    562.    711.    671.      0.    337.    137.      0.      0.    175.     0.     0.   1.00     19.      0.      0.      0.      0.      0.
    4  72      0.      0.      0.      0.      0.      0.   0.00   0.00   1.00   0.34   0.07    100.   2007.      0.    562.    711.    671.      0.    338.    138.      0.      0.    175.     0.     0.   1.00     19.      0.      0.      0.      0.      0.
   14  72      0.      0.      0.      0.      0.      0.   0.00   0.00   1.00   0.34   0.07    100.   2012.      0.    562.    712.    671.      0.    342.    142.      0.      0.    175.     0.     0.   1.00     19.      0.      0.      0.      0.      0.
   24  72      0.      0.      0.      0.      0.      0.   0.00   0.00   1.00   0.35   0.07    100.   2026.      0.    562.    713.    677.      0.    350.    150.      0.      0.    175.     0.     0.   1.00     19.      0.      0.      0.      0.      0.
   34  72      0.      0.      0.      0.      0.      0.   0.00   0.00   1.00   0.35   0.07    100.   2040.      0.    562.    715.    688.      0.    350.    150.      0.      0.    175.     0.     0.   1.00     19.      0.      0.      0.      0.      0.
   44  72      0.      0.      0.      0.      0.      0.   0.00   0.00   1.00   0.35   0.07    100.   2062.      0.    562.    718.    707.      0.    350.    150.      0.      0.    175.     0.     0.   1.00     19.      0.      0.      0.      0.      0.
   54  72      0.      0.      0.      0.      0.      0.   0.00   0.00   1.00   0.35   0.07    100.   2066.      0.    562.    720.    710.      0.    350.    150.      0.      0.    175.     0.     0.   1.00     19.      0.      0.      0.      0.      0.
   64  72      0.      0.      0.      0.      0.      0.   0.00   0.00   1.00   0.35   0.07    100.   2071.      0.    562.    722.    712.      0.    350.    150.      0.      0.    175.     0.     0.   1.00     19.      0.      0.      0.      0.      0.
   74  72      0.      0.      0.      0.      0.      0.   0.00   0.00   1.00   0.35   0.07    100.   2083.      0.    562.    728.    720.      0.    348.    148.      0.      0.    175.     0.     0.   1.00     19.      0.      0.      0.      0.      0.
   84  72      0.      0.      0.      0.      0.      0.   0.00   0.00   1.00   0.34   0.07    100.   2083.      0.    562.    733.    720.      0.    343.    143.      0.      0.    175.     0.     0.   1.00     19.      0.      0.      0.      0.      0.
   94  72      0.      0.      0.      0.      0.      0.   0.00   0.00   1.00   0.35   0.07    100.   2123.      0.    562.    742.    744.      0.    350.    150.      0.      0.    175.     0.     0.   1.00     19.      0.      0.      0.      0.      0.


Station=  WAGE , Soil=  1, Manage=  2, Rotat=  4 YrRot=  4 , NYear=  7 , NRot=  6 , Crop=  4, Irr.=  0, IOPT=  3,     Runof=0.00, CO2=370. , StYear=1969, StDay=  1

 Planting on day 100, 1972
 Crop emergence on day   0, 1972
 Wageningen, long rotation 4, soil1, current                                     

 DAY  YEAR  WLVG    WLVD    WST    WSO     TAGB    TSUML    DVS    LAI  TRANRF  SMACT  SMACTL   RD    TRAIN   TIRR   TTRANS  TESOIL  TDRAIN  TRUNOF    WTOT   WAVT    WTOTL     WAVTL  WTOTLX  PARAB    PAR    NNI   NMINT  NMIN    NUPT     NFIX   NLIV   NLOSS  
  100  72     48.      0.     12.      0.     60.      0.   0.00   0.14   1.00   0.35   0.35     10.   2158.      0.    562.    751.    770.      0.     35.     15.    140.     60.    350.     0.     0.   0.00      0.     30.      0.      0.      4.      0.
  110  72     48.      0.     12.      0.     60.      0.   0.00   0.14   1.00   0.32   0.35     10.   2189.      0.    562.    765.    790.      0.     32.     12.    140.     60.    350.     0.    61.   0.00      0.     30.      0.      0.      4.      0.
  120  72     48.      0.     12.      0.     60.      0.   0.00   0.14   1.00   0.25   0.35     10.   2198.      0.    562.    778.    793.      0.     25.      5.    140.     60.    350.     0.   137.   0.00      0.     30.      0.      0.      4.      0.
  130  72     48.      0.     12.      0.     60.      0.   0.00   0.14   0.73   0.23   0.35     10.   2210.      0.    562.    792.    793.      0.     23.      3.    140.     60.    350.     0.   213.   0.00      0.     30.      0.      0.      4.      0.
  131  72     48.      0.     12.      0.     60.      0.   0.00   0.14   1.00   0.32   0.35     10.   2220.      0.    562.    794.    793.      0.     32.     12.    140.     60.    350.     0.   219.   1.00      0.     30.      0.      0.      4.      0.
  140  72    148.      6.     56.      0.    211.     61.   0.41   0.39   1.00   0.35   0.35     21.   2267.      0.    565.    807.    820.      0.     69.     29.    106.     46.    350.     9.   264.   0.80    113.     23.      5.      0.      9.      0.
  150  72    710.     54.    436.     17.   1217.    173.   1.05   1.88   1.00   0.35   0.35     33.   2297.      0.    584.    818.    820.      0.    110.     47.     64.     28.    350.    60.   354.   0.86     84.     16.     42.      0.     45.      1.
  160  72   1371.    112.    828.    325.   2636.    286.   1.12   3.75   1.00   0.34   0.35     45.   2319.      0.    608.    820.    820.      0.    148.     61.     22.     10.    350.   125.   425.   0.86     49.      8.     85.      0.     86.      2.
  170  72   1967.    269.   1431.   1304.   4971.    390.   1.19   5.42   1.00   0.31   0.00     50.   2336.      0.    639.    821.    820.      0.    156.     56.      0.      0.    350.   220.   521.   0.91     57.      1.    140.      0.    138.      5.
  180  72   1954.    530.   1890.   2451.   6825.    517.   1.27   5.38   1.00   0.33   0.00     50.   2377.      0.    669.    821.    822.      0.    165.     65.      0.      0.    350.   294.   595.   0.97     26.      0.    172.      0.    165.     11.
  190  72   1776.    710.   2142.   3881.   8509.    651.   1.35   4.89   1.00   0.32   0.00     50.   2407.      0.    694.    821.    829.      0.    162.     62.      0.      0.    350.   358.   660.   0.98      8.      0.    190.      0.    179.     14.
  200  72   1643.    843.   2143.   6602.  11231.    790.   1.44   4.54   0.99   0.28   0.00     50.   2418.      0.    727.    821.    829.      0.    140.     40.      0.      0.    350.   457.   760.   0.83      0.      0.    198.      0.    185.     17.
  210  72   1121.   1365.   1899.   7856.  12485.    973.   1.56   3.24   1.00   0.35   0.00     50.   2482.      0.    755.    822.    831.      0.    175.     75.      0.      0.    350.   529.   833.   0.60      0.      0.    198.      0.    171.     31.
  220  72    625.   1861.   1551.   9038.  13667.   1115.   1.65   2.03   1.00   0.31   0.00     50.   2491.      0.    777.    823.    834.      0.    157.     57.      0.      0.    350.   593.   902.   0.36      0.      0.    198.      0.    156.     46.
  230  72    306.   2180.   1268.   9555.  14184.   1267.   1.75   1.26   1.00   0.32   0.00     50.   2518.      0.    799.    827.    834.      0.    159.     59.      0.      0.    350.   656.   980.   0.19      0.      0.    198.      0.    145.     57.
  240  72    148.   2338.   1036.   9683.  14311.   1384.   1.83   0.85   1.00   0.32   0.00     50.   2539.      0.    812.    832.    834.      0.    161.     61.      0.      0.    350.   699.  1046.   0.10      0.      0.    198.      0.    138.     63.
  250  72     68.   2417.    846.   9705.  14334.   1503.   1.90   0.60   1.00   0.29   0.00     50.   2539.      0.    824.    835.    834.      0.    146.     46.      0.      0.    350.   742.  1131.   0.05      0.      0.    198.      0.    134.     68.
  260  72     34.   2452.    706.   9705.  14334.   1605.   1.97   0.45   1.00   0.34   0.00     50.   2575.      0.    830.    843.    834.      0.    168.     68.      0.      0.    350.   760.  1174.   0.02      0.      0.    198.      0.    131.     71.
  269  72      0.      0.      0.      0.      0.      0.   0.00   0.00   1.00   0.35   0.00     50.   2589.      0.    830.    848.    838.      0.    173.     73.      0.      0.    350.     0.     0.   1.00      0.      0.      0.      0.      0.      0.


Station=  WAGE , Soil=  1, Manage=  2, Rotat=  4 YrRot=  5 , NYear=  7 , NRot=  6 , Crop=  5, Irr.=  0, IOPT=  3,     Runof=0.00, CO2=370. , StYear=1969, StDay=  1

 Planting on day 270, 1972
 Crop emergence on day   0, 1972
 Wageningen, long rotation 4, soil1, current                                     

 DAY  YEAR  WLVG    WLVD    WST    WSO     TAGB    TSUML    DVS    LAI  TRANRF  SMACT  SMACTL   RD    TRAIN   TIRR   TTRANS  TESOIL  TDRAIN  TRUNOF    WTOT   WAVT    WTOTL     WAVTL  WTOTLX  PARAB    PAR    NNI   NMINT  NMIN    NUPT     NFIX   NLIV   NLOSS  
  270  72    137.      0.     59.      0.    195.      0.   0.00   0.30   1.00   0.34   0.35     10.   2589.      0.    830.    848.    838.      0.     34.     14.    401.    171.     87.     0.     0.   0.00      0.     30.      0.      0.     11.      0.
  277  72    137.      0.     59.      0.    195.      0.   0.00   0.30   1.00   0.33   0.35     10.   2590.      0.    831.    850.    838.      0.     33.     13.    401.    171.     87.     0.    31.   1.00      0.     30.      0.      0.     11.      0.
  280  72    170.      1.     76.      0.    247.      5.   0.02   0.37   1.00   0.32   0.35     14.   2590.      0.    831.    851.    838.      0.     40.     15.    393.    168.     87.     3.    50.   0.89      1.     28.      1.      0.     13.      0.
  290  72    236.      7.    113.      0.    356.     18.   0.07   0.70   1.00   0.32   0.35     26.   2590.      0.    833.    853.    838.      0.     79.     30.    351.    150.     87.    13.    91.   0.96      3.     20.      7.      0.     18.      0.
  300  72    301.     10.    145.      0.    457.     22.   0.09   0.89   1.00   0.35   0.35     38.   2606.      0.    834.    854.    843.      0.    126.     54.    310.    133.     88.    22.   118.   0.94      6.     13.     11.      0.     23.      0.
  310  72    389.     16.    190.      0.    595.     25.   0.10   1.07   1.00   0.35   0.35     50.   2614.      0.    835.    856.    849.      0.    169.     72.    268.    115.     88.    30.   138.   0.99      6.      5.     19.      0.     30.      0.
  320  72    453.     20.    222.      0.    694.     25.   0.10   1.21   1.00   0.35   0.35     62.   2661.      0.    838.    859.    889.      0.    211.     91.    226.     97.     88.    36.   150.   1.00      6.      0.     24.      0.     36.      0.
  330  72    481.     21.    235.      0.    736.     25.   0.10   1.27   1.00   0.35   0.35     74.   2689.      0.    839.    860.    915.      0.    253.    109.    184.     79.     88.    43.   165.   1.00      3.      0.     27.      0.     38.      0.
  340  72    521.     23.    254.      0.    798.     25.   0.10   1.36   1.00   0.35   0.35     86.   2694.      0.    841.    860.    917.      0.    295.    127.    142.     61.     88.    50.   179.   0.99      1.      0.     29.      0.     41.      0.
  350  72    556.     35.    276.      0.    867.     25.   0.10   1.44   1.00   0.35   0.35     98.   2711.      0.    842.    862.    933.      0.    337.    144.    100.     43.     88.    56.   189.   0.93      0.      0.     30.      0.     41.      0.
  360  72    544.     55.    280.      0.    880.     25.   0.10   1.41   1.00   0.35   0.35    110.   2711.      0.    843.    862.    933.      0.    378.    161.     58.     25.     88.    62.   201.   0.94      0.      0.     30.      0.     41.      0.
    5  73    531.     69.    281.      0.    881.     25.   0.10   1.38   1.00   0.35   0.35    122.   2711.      0.    844.    862.    933.      0.    418.    178.     16.      7.     88.    68.   212.   0.96      0.      0.     30.      0.     41.      1.
   15  73    523.     79.    282.      0.    884.     25.   0.10   1.37   1.00   0.35   0.00    125.   2713.      0.    845.    862.    933.      0.    436.    186.      0.      0.     88.    72.   220.   0.97      0.      0.     30.      0.     41.      1.
   25  73    520.     88.    285.      0.    893.     25.   0.10   1.36   1.00   0.35   0.00    125.   2720.      0.    846.    863.    936.      0.    437.    187.      0.      0.     88.    78.   231.   0.97      0.      0.     30.      0.     41.      1.
   35  73    535.    103.    300.      0.    939.     25.   0.10   1.39   1.00   0.35   0.00    125.   2738.      0.    847.    863.    952.      0.    437.    187.      0.      0.     88.    86.   246.   0.93      0.      0.     30.      0.     41.      1.
   45  73    535.    125.    312.      0.    973.     25.   0.11   1.39   1.00   0.35   0.00    125.   2776.      0.    849.    865.    987.      0.    438.    187.      0.      0.     88.    93.   259.   0.91      0.      0.     30.      0.     41.      1.
   55  73    526.    146.    318.      0.    989.     26.   0.11   1.37   1.00   0.35   0.00    125.   2805.      0.    852.    867.   1011.      0.    438.    187.      0.      0.     88.   102.   277.   0.92      0.      0.     30.      0.     40.      1.
   65  73    542.    164.    337.      0.   1043.     28.   0.12   1.41   1.00   0.35   0.00    125.   2812.      0.    855.    869.   1014.      0.    437.    187.      0.      0.     88.   121.   314.   0.89      0.      0.     30.      0.     40.      1.
   75  73    536.    202.    356.      0.   1094.     30.   0.13   1.40   1.00   0.35   0.00    125.   2821.      0.    859.    872.   1020.      0.    433.    183.      0.      0.     88.   149.   366.   0.88      0.      0.     30.      0.     40.      1.
   85  73    556.    240.    393.      0.   1190.     41.   0.17   1.44   1.00   0.34   0.00    125.   2827.      0.    864.    874.   1020.      0.    431.    181.      0.      0.     88.   175.   415.   0.86      0.      0.     30.      0.     40.      2.
   95  73    559.    280.    420.      0.   1260.     49.   0.20   1.44   1.00   0.35   0.00    125.   2868.      0.    871.    879.   1043.      0.    438.    187.      0.      0.     88.   203.   465.   0.86      0.      0.     30.      0.     39.      2.
  105  73    576.    330.    469.      0.   1374.     55.   0.23   1.48   1.00   0.35   0.00    125.   2886.      0.    879.    886.   1048.      0.    436.    186.      0.      0.     88.   237.   526.   0.83      0.      0.     30.      0.     39.      2.
  115  73    673.    403.    682.      0.   1757.     78.   0.32   1.67   1.00   0.35   0.00    125.   2900.      0.    889.    891.   1050.      0.    432.    182.      0.      0.     88.   276.   596.   0.69      0.      0.     30.      0.     38.      3.
  125  73    717.    513.    996.      0.   2226.    121.   0.50   1.75   1.00   0.35   0.00    125.   2923.      0.    900.    896.   1053.      0.    435.    185.      0.      0.     88.   314.   659.   0.66      0.      0.     30.      0.     38.      4.
  135  73    771.    661.   1674.      0.   3107.    183.   0.76   1.84   1.00   0.35   0.00    125.   2942.      0.    915.    904.   1053.      0.    433.    183.      0.      0.     88.   357.   728.   1.00     92.      0.     50.      0.     57.      5.
  145  73    979.    749.   2848.     11.   4586.    273.   1.06   2.25   1.00   0.33   0.00    125.   2953.      0.    938.    911.   1053.      0.    414.    164.      0.      0.     88.   425.   829.   1.00     88.      0.     54.      0.     60.      5.
  155  73    900.   1025.   3906.    295.   6125.    375.   1.23   2.03   1.00   0.33   0.00    125.   2983.      0.    957.    918.   1053.      0.    417.    167.      0.      0.     88.   478.   905.   1.00     79.      0.     63.      0.     67.      7.
  165  73    683.   1242.   4642.   1165.   7732.    472.   1.39   1.54   1.00   0.31   0.00    125.   2983.      0.    978.    923.   1053.      0.    391.    141.      0.      0.     88.   542.  1007.   0.99    129.      0.     69.      0.     71.      9.
  175  73    439.   1486.   4655.   2307.   9176.    596.   1.60   1.02   1.00   0.29   0.00    125.   2983.      0.   1001.    928.   1053.      0.    363.    113.      0.      0.     88.   605.  1130.   0.51    129.      0.     69.      0.     68.     12.
  185  73    220.   1704.   3817.   2680.   9565.    754.   1.86   0.59   1.00   0.27   0.00    125.   2996.      0.   1018.    943.   1053.      0.    343.     93.      0.      0.     88.   647.  1250.   0.29    129.      0.     69.      0.     63.     17.
  192  73    141.   1783.   3381.   2705.   9589.    842.   2.01   0.43   1.00   0.26   0.00    125.   2998.      0.   1025.    953.   1053.      0.    329.     79.      0.      0.     88.   662.  1312.   0.21    129.      0.     69.      0.     61.     20.
  194  73      0.      0.      0.      0.      0.      0.   0.00   0.00   1.00   0.27   0.00    125.   3010.      0.   1025.    957.   1053.      0.    337.     87.      0.      0.     88.     0.     0.   1.00    129.      0.      0.      0.      0.      0.
  204  73      0.      0.      0.      0.      0.      0.   0.00   0.00   1.00   0.28   0.00    125.   3042.      0.   1025.    978.   1053.      0.    348.     98.      0.      0.     88.     0.     0.   1.00    129.      0.      0.      0.      0.      0.
  214  73      0.      0.      0.      0.      0.      0.   0.00   0.00   1.00   0.28   0.00    125.   3057.      0.   1025.    996.   1053.      0.    346.     96.      0.      0.     88.     0.     0.   1.00    129.      0.      0.      0.      0.      0.
  224  73      0.      0.      0.      0.      0.      0.   0.00   0.00   1.00   0.28   0.00    125.   3078.      0.   1025.   1014.   1053.      0.    348.     98.      0.      0.     88.     0.     0.   1.00    129.      0.      0.      0.      0.      0.
  234  73      0.      0.      0.      0.      0.      0.   0.00   0.00   1.00   0.27   0.00    125.   3078.      0.   1025.   1023.   1053.      0.    340.     90.      0.      0.     88.     0.     0.   1.00    129.      0.      0.      0.      0.      0.
  244  73      0.      0.      0.      0.      0.      0.   0.00   0.00   1.00   0.28   0.00    125.   3102.      0.   1025.   1030.   1053.      0.    356.    106.      0.      0.     88.     0.     0.   1.00    129.      0.      0.      0.      0.      0.
  254  73      0.      0.      0.      0.      0.      0.   0.00   0.00   1.00   0.28   0.00    125.   3105.      0.   1025.   1038.   1053.      0.    351.    101.      0.      0.     88.     0.     0.   1.00    129.      0.      0.      0.      0.      0.
  264  73      0.      0.      0.      0.      0.      0.   0.00   0.00   1.00   0.29   0.00    125.   3129.      0.   1025.   1049.   1053.      0.    364.    114.      0.      0.     88.     0.     0.   1.00    129.      0.      0.      0.      0.      0.
  274  73      0.      0.      0.      0.      0.      0.   0.00   0.00   1.00   0.31   0.00    125.   3165.      0.   1025.   1057.   1053.      0.    392.    142.      0.      0.     88.     0.     0.   1.00    129.      0.      0.      0.      0.      0.
  277  73      0.      0.      0.      0.      0.      0.   0.00   0.00   1.00   0.31   0.00    125.   3165.      0.   1025.   1058.   1053.      0.    391.    141.      0.      0.     88.     0.     0.   1.00    129.      0.      0.      0.      0.      0.
  284  73      0.      0.      0.      0.      0.      0.   0.00   0.00   1.00   0.33   0.00    125.   3185.      0.   1025.   1061.   1053.      0.    408.    158.      0.      0.     88.     0.     0.   1.00    129.      0.      0.      0.      0.      0.
  294  73      0.      0.      0.      0.      0.      0.   0.00   0.00   1.00   0.35   0.00    125.   3245.      0.   1025.   1065.   1080.      0.    438.    188.      0.      0.     88.     0.     0.   1.00    129.      0.      0.      0.      0.      0.
  304  73      0.      0.      0.      0.      0.      0.   0.00   0.00   1.00   0.35   0.00    125.   3251.      0.   1025.   1067.   1084.      0.    437.    187.      0.      0.     88.     0.     0.   1.00    129.      0.      0.      0.      0.      0.
  314  73      0.      0.      0.      0.      0.      0.   0.00   0.00   1.00   0.35   0.00    125.   3270.      0.   1025.   1070.   1101.      0.    437.    187.      0.      0.     88.     0.     0.   1.00    129.      0.      0.      0.      0.      0.
  324  73      0.      0.      0.      0.      0.      0.   0.00   0.00   1.00   0.35   0.00    125.   3304.      0.   1025.   1073.   1131.      0.    438.    188.      0.      0.     88.     0.     0.   1.00    129.      0.      0.      0.      0.      0.
  334  73      0.      0.      0.      0.      0.      0.   0.00   0.00   1.00   0.35   0.00    125.   3329.      0.   1025.   1074.   1156.      0.    438.    188.      0.      0.     88.     0.     0.   1.00    129.      0.      0.      0.      0.      0.
  344  73      0.      0.      0.      0.      0.      0.   0.00   0.00   1.00   0.35   0.00    125.   3358.      0.   1025.   1075.   1184.      0.    438.    188.      0.      0.     88.     0.     0.   1.00    129.      0.      0.      0.      0.      0.
  354  73      0.      0.      0.      0.      0.      0.   0.00   0.00   1.00   0.35   0.00    125.   3387.      0.   1025.   1077.   1211.      0.    437.    187.      0.      0.     88.     0.     0.   1.00    129.      0.      0.      0.      0.      0.
  364  73      0.      0.      0.      0.      0.      0.   0.00   0.00   1.00   0.35   0.00    125.   3393.      0.   1025.   1077.   1216.      0.    437.    187.      0.      0.     88.     0.     0.   1.00    129.      0.      0.      0.      0.      0.
    9  74      0.      0.      0.      0.      0.      0.   0.00   0.00   1.00   0.35   0.00    125.   3407.      0.   1025.   1079.   1228.      0.    438.    188.      0.      0.     88.     0.     0.   1.00    129.      0.      0.      0.      0.      0.
   19  74      0.      0.      0.      0.      0.      0.   0.00   0.00   1.00   0.35   0.00    125.   3437.      0.   1025.   1085.   1252.      0.    437.    187.      0.      0.     88.     0.     0.   1.00    129.      0.      0.      0.      0.      0.
   29  74      0.      0.      0.      0.      0.      0.   0.00   0.00   1.00   0.35   0.00    125.   3450.      0.   1025.   1088.   1263.      0.    438.    188.      0.      0.     88.     0.     0.   1.00    129.      0.      0.      0.      0.      0.
   39  74      0.      0.      0.      0.      0.      0.   0.00   0.00   1.00   0.35   0.00    125.   3458.      0.   1025.   1090.   1268.      0.    438.    188.      0.      0.     88.     0.     0.   1.00    129.      0.      0.      0.      0.      0.
   49  74      0.      0.      0.      0.      0.      0.   0.00   0.00   1.00   0.35   0.00    125.   3478.      0.   1025.   1096.   1284.      0.    435.    185.      0.      0.     88.     0.     0.   1.00    129.      0.      0.      0.      0.      0.
   59  74      0.      0.      0.      0.      0.      0.   0.00   0.00   1.00   0.35   0.00    125.   3481.      0.   1025.   1097.   1285.      0.    437.    187.      0.      0.     88.     0.     0.   1.00    129.      0.      0.      0.      0.      0.
   69  74      0.      0.      0.      0.      0.      0.   0.00   0.00   1.00   0.35   0.00    125.   3500.      0.   1025.   1100.   1301.      0.    436.    186.      0.      0.     88.     0.     0.   1.00    129.      0.      0.      0.      0.      0.
   79  74      0.      0.      0.      0.      0.      0.   0.00   0.00   1.00   0.35   0.00    125.   3529.      0.   1025.   1107.   1322.      0.    437.    187.      0.      0.     88.     0.     0.   1.00    129.      0.      0.      0.      0.      0.


Station=  WAGE , Soil=  1, Manage=  2, Rotat=  4 YrRot=  6 , NYear=  7 , NRot=  6 , Crop=  6, Irr.=  0, IOPT=  3,     Runof=0.00, CO2=370. , StYear=1969, StDay=  1

 Planting on day  80, 1974
 Crop emergence on day   0, 1974
 Wageningen, long rotation 4, soil1, current                                     

 DAY  YEAR  WLVG    WLVD    WST    WSO     TAGB    TSUML    DVS    LAI  TRANRF  SMACT  SMACTL   RD    TRAIN   TIRR   TTRANS  TESOIL  TDRAIN  TRUNOF    WTOT   WAVT    WTOTL     WAVTL  WTOTLX  PARAB    PAR    NNI   NMINT  NMIN    NUPT     NFIX   NLIV   NLOSS  
   80  74     11.      0.     11.      0.     22.      0.   0.00   0.03   1.00   0.35   0.35     10.   3536.      0.   1025.   1108.   1328.      0.     35.     15.    315.    135.    175.     0.     0.   0.00      0.     30.      0.      0.      2.      0.
   90  74     11.      0.     11.      0.     22.      0.   0.00   0.03   1.00   0.29   0.35     10.   3537.      0.   1025.   1115.   1328.      0.     29.      9.    315.    135.    175.     0.    55.   0.00      0.     30.      0.      0.      2.      0.
   92  74     11.      0.     11.      0.     22.      0.   0.00   0.03   1.00   0.28   0.35     10.   3537.      0.   1025.   1116.   1328.      0.     28.      8.    315.    135.    175.     0.    70.   1.00      0.     30.      0.      0.      2.      0.
  100  74     24.      1.     28.      0.     53.     96.   0.12   0.09   1.00   0.28   0.35     20.   3537.      0.   1026.   1121.   1328.      0.     52.     15.    285.    122.    175.     3.   141.   1.00      6.     24.      0.      1.      4.      0.
  110  74     34.      1.     38.      0.     74.    172.   0.21   0.19   1.00   0.29   0.35     32.   3537.      0.   1028.   1126.   1328.      0.     87.     26.    243.    104.    175.    13.   233.   1.00     13.     16.      1.      2.      4.      0.
  120  74     52.      2.     55.      0.    110.    234.   0.28   0.26   1.00   0.30   0.35     44.   3546.      0.   1031.   1133.   1328.      0.    129.     44.    201.     86.    175.    24.   306.   0.98     20.      9.      1.      3.      6.      0.
  130  74    122.      5.    123.      0.    250.    318.   0.38   0.53   1.00   0.30   0.35     56.   3547.      0.   1035.   1136.   1328.      0.    164.     55.    159.     68.    175.    38.   362.   0.82     27.      2.      2.      7.     10.      0.
  140  74    511.     28.    567.      0.   1106.    455.   0.55   1.99   1.00   0.32   0.35     68.   3580.      0.   1052.   1146.   1328.      0.    212.     80.    118.     50.    175.    90.   458.   0.80    135.      0.      7.     29.     37.      0.
  150  74   1081.     69.   1164.     55.   2369.    576.   0.69   4.26   1.00   0.30   0.35     80.   3591.      0.   1078.   1148.   1328.      0.    237.     80.     76.     32.    175.   172.   549.   0.93    125.      0.     17.     66.     84.      1.
  160  74   1437.    192.   1696.    191.   3516.    692.   0.83   5.74   1.00   0.32   0.35     92.   3634.      0.   1107.   1149.   1328.      0.    292.    111.     34.     14.    175.   262.   641.   0.99    119.      0.     23.     92.    115.      2.
  170  74   1752.    517.   2736.    611.   5617.    841.   1.01   7.06   1.00   0.30   0.07    100.   3648.      0.   1142.   1149.   1328.      0.    305.    105.      0.      0.    175.   368.   747.   0.95    167.      0.     31.    125.    153.      6.
  180  74   1579.   1081.   3680.   1431.   7772.    998.   1.13   6.38   1.00   0.29   0.07    100.   3663.      0.   1173.   1149.   1328.      0.    288.     88.      0.      0.    175.   462.   842.   0.96    157.      0.     41.    163.    194.     12.
  190  74   1244.   1533.   4187.   2599.   9563.   1148.   1.24   5.03   1.00   0.30   0.07    100.   3705.      0.   1199.   1149.   1328.      0.    305.    105.      0.      0.    175.   536.   916.   0.95    149.      0.     49.    194.    228.     16.
  200  74    920.   1910.   4565.   3951.  11346.   1297.   1.35   3.73   1.00   0.29   0.07    100.   3720.      0.   1226.   1150.   1328.      0.    292.     92.      0.      0.    175.   608.   991.   0.68    143.      0.     55.    221.    257.     20.
  210  74    526.   2319.   4736.   4792.  12372.   1443.   1.46   2.28   1.00   0.28   0.07    100.   3732.      0.   1249.   1151.   1328.      0.    280.     80.      0.      0.    175.   673.  1062.   0.26    143.      0.     55.    221.    253.     25.
  220  74    253.   2593.   4208.   5078.  12674.   1597.   1.57   1.30   1.00   0.26   0.07    100.   3741.      0.   1270.   1154.   1328.      0.    265.     65.      0.      0.    175.   731.  1139.   0.11    143.      0.     55.    221.    245.     32.
  230  74    111.   2734.   3439.   5118.  12714.   1768.   1.70   0.75   1.00   0.30   0.07    100.   3798.      0.   1283.   1163.   1328.      0.    299.     99.      0.      0.    175.   769.  1210.   0.05    143.      0.     55.    221.    237.     40.
  240  74     49.   2797.   2810.   5118.  12715.   1924.   1.81   0.46   1.00   0.29   0.07    100.   3810.      0.   1294.   1172.   1328.      0.    292.     92.      0.      0.    175.   805.  1303.   0.02    143.      0.     55.    221.    232.     46.
  250  74     23.   2822.   2343.   5118.  12715.   2062.   1.91   0.32   1.00   0.32   0.07    100.   3861.      0.   1299.   1185.   1328.      0.    324.    124.      0.      0.    175.   821.  1358.   0.01    143.      0.     55.    221.    228.     50.
  259  74      0.      0.      0.      0.      0.      0.   0.00   0.00   1.00   0.33   0.07    100.   3880.      0.   1299.   1197.   1328.      0.    331.    131.      0.      0.    175.     0.     0.   1.00    143.      0.      0.      0.      0.      0.
  269  74      0.      0.      0.      0.      0.      0.   0.00   0.00   1.00   0.35   0.07    100.   3922.      0.   1299.   1204.   1343.      0.    350.    150.      0.      0.    175.     0.     0.   1.00    143.      0.      0.      0.      0.      0.
  279  74      0.      0.      0.      0.      0.      0.   0.00   0.00   1.00   0.35   0.07    100.   3953.      0.   1299.   1211.   1368.      0.    350.    150.      0.      0.    175.     0.     0.   1.00    143.      0.      0.      0.      0.      0.
  289  74      0.      0.      0.      0.      0.      0.   0.00   0.00   1.00   0.35   0.07    100.   3973.      0.   1299.   1215.   1384.      0.    350.    150.      0.      0.    175.     0.     0.   1.00    143.      0.      0.      0.      0.      0.
  299  74      0.      0.      0.      0.      0.      0.   0.00   0.00   1.00   0.35   0.07    100.   4017.      0.   1299.   1219.   1423.      0.    350.    150.      0.      0.    175.     0.     0.   1.00    143.      0.      0.      0.      0.      0.
  309  74      0.      0.      0.      0.      0.      0.   0.00   0.00   1.00   0.35   0.07    100.   4066.      0.   1299.   1223.   1469.      0.    350.    150.      0.      0.    175.     0.     0.   1.00    143.      0.      0.      0.      0.      0.
  319  74      0.      0.      0.      0.      0.      0.   0.00   0.00   1.00   0.35   0.07    100.   4081.      0.   1299.   1228.   1479.      0.    349.    149.      0.      0.    175.     0.     0.   1.00    143.      0.      0.      0.      0.      0.
  329  74      0.      0.      0.      0.      0.      0.   0.00   0.00   1.00   0.35   0.07    100.   4124.      0.   1299.   1232.   1517.      0.    350.    150.      0.      0.    175.     0.     0.   1.00    143.      0.      0.      0.      0.      0.
  339  74      0.      0.      0.      0.      0.      0.   0.00   0.00   1.00   0.35   0.07    100.   4158.      0.   1299.   1237.   1546.      0.    350.    150.      0.      0.    175.     0.     0.   1.00    143.      0.      0.      0.      0.      0.
  349  74      0.      0.      0.      0.      0.      0.   0.00   0.00   1.00   0.35   0.07    100.   4201.      0.   1299.   1242.   1584.      0.    350.    150.      0.      0.    175.     0.     0.   1.00    143.      0.      0.      0.      0.      0.
  359  74      0.      0.      0.      0.      0.      0.   0.00   0.00   1.00   0.35   0.07    100.   4224.      0.   1299.   1247.   1603.      0.    350.    150.      0.      0.    175.     0.     0.   1.00    143.      0.      0.      0.      0.      0.
    4  75      0.      0.      0.      0.      0.      0.   0.00   0.00   1.00   0.35   0.07    100.   4263.      0.   1299.   1254.   1635.      0.    350.    150.      0.      0.    175.     0.     0.   1.00    143.      0.      0.      0.      0.      0.
   14  75      0.      0.      0.      0.      0.      0.   0.00   0.00   1.00   0.35   0.07    100.   4288.      0.   1299.   1257.   1658.      0.    349.    149.      0.      0.    175.     0.     0.   1.00    143.      0.      0.      0.      0.      0.


Station=  WAGE , Soil=  1, Manage=  2, Rotat=  4 YrRot=  1 , NYear=  7 , NRot=  6 , Crop=  1, Irr.=  0, IOPT=  3,     Runof=0.00, CO2=370. , StYear=1969, StDay=  1

 Planting on day   0, 1975
 Crop emergence on day  20, 1975
 Wageningen, long rotation 4, soil1, current                                     

 DAY  YEAR  WLVG    WLVD    WST    WSO     TAGB    TSUML    DVS    LAI  TRANRF  SMACT  SMACTL   RD    TRAIN   TIRR   TTRANS  TESOIL  TDRAIN  TRUNOF    WTOT   WAVT    WTOTL     WAVTL  WTOTLX  PARAB    PAR    NNI   NMINT  NMIN    NUPT     NFIX   NLIV   NLOSS  
   20  75     68.      0.     37.      0.    105.      0.   0.00   0.14   1.00   0.35   0.35     10.   4303.      0.   1299.   1260.   1668.      0.     35.     15.    403.    173.     88.     0.     0.   1.00      0.     30.      0.      0.      8.      0.
   30  75     72.      0.     39.      0.    111.      0.   0.00   0.22   1.00   0.35   0.35     22.   4345.      0.   1300.   1266.   1703.      0.     73.     31.    365.    156.     88.     1.    14.   0.99      7.     22.      0.      0.      9.      0.
   40  75     77.      0.     42.      0.    120.      0.   0.00   0.31   1.00   0.35   0.35     34.   4356.      0.   1301.   1268.   1713.      0.    114.     48.    323.    138.     88.     5.    40.   1.00     14.     15.      1.      0.      9.      0.
   50  75     82.      1.     44.      0.    127.      0.   0.00   0.42   1.00   0.35   0.35     46.   4375.      0.   1302.   1271.   1727.      0.    157.     67.    281.    120.     88.    10.    63.   0.96     21.      8.      1.      0.     10.      0.
   60  75     83.      1.     45.      0.    129.      3.   0.00   0.55   1.00   0.34   0.35     58.   4375.      0.   1303.   1273.   1727.      0.    196.     82.    239.    102.     88.    21.   108.   1.00     28.      0.      2.      0.     10.      0.
   70  75    118.      3.     67.      0.    188.     14.   0.02   0.79   1.00   0.35   0.35     70.   4399.      0.   1306.   1278.   1740.      0.    241.    103.    197.     84.     88.    30.   133.   0.98     24.      0.      6.      0.     14.      0.
   80  75    123.      3.     70.      0.    196.     23.   0.03   0.80   1.00   0.35   0.35     82.   4418.      0.   1308.   1281.   1754.      0.    283.    121.    155.     66.     88.    37.   152.   1.00     23.      0.      7.      0.     15.      0.
   90  75    124.      3.     71.      0.    198.     36.   0.05   0.80   1.00   0.35   0.35     94.   4452.      0.   1312.   1287.   1779.      0.    324.    139.    113.     48.     88.    56.   202.   1.00     23.      0.      7.      0.     15.      0.
  100  75    131.      3.     74.      0.    208.     52.   0.07   0.82   1.00   0.35   0.35    106.   4472.      0.   1316.   1293.   1787.      0.    367.    157.     71.     30.     88.    75.   251.   1.00     23.      0.      7.      0.     15.      0.
  110  75    176.      5.    101.      0.    281.    106.   0.15   0.91   1.00   0.35   0.35    118.   4498.      0.   1320.   1300.   1804.      0.    409.    175.     29.     12.     88.    89.   286.   0.98     19.      0.     11.      0.     19.      0.
  120  75    467.     16.    275.      0.    758.    195.   0.27   1.51   1.00   0.35   0.00    125.   4509.      0.   1329.   1305.   1804.      0.    433.    183.      0.      0.     88.   126.   364.   0.87      1.      0.     29.      0.     37.      0.
  130  75    737.    108.    682.      0.   1527.    290.   0.40   2.00   1.00   0.35   0.00    125.   4535.      0.   1344.   1314.   1806.      0.    433.    183.      0.      0.     88.   179.   445.   0.54      0.      0.     30.      0.     38.      0.
  140  75   1095.    214.   1335.      0.   2644.    405.   0.56   2.73   1.00   0.34   0.00    125.   4550.      0.   1359.   1319.   1807.      0.    427.    177.      0.      0.     88.   237.   525.   0.95     74.      0.     68.      0.     76.      1.
  150  75   1633.    242.   2591.      0.   4466.    510.   0.71   3.84   1.00   0.32   0.00    125.   4550.      0.   1385.   1320.   1807.      0.    400.    150.      0.      0.     88.   322.   624.   0.98     46.      0.     96.      0.    103.      1.
  160  75   1898.    261.   4050.      0.   6209.    612.   0.85   4.40   1.00   0.31   0.00    125.   4568.      0.   1412.   1322.   1807.      0.    389.    139.      0.      0.     88.   413.   724.   0.98     35.      0.    107.      0.    114.      1.
  170  75   1778.    463.   5750.    855.   8846.    769.   1.05   4.10   1.00   0.30   0.00    125.   4592.      0.   1443.   1324.   1807.      0.    381.    131.      0.      0.     88.   502.   821.   1.00     80.      0.    118.      0.    125.      2.
  180  75   1301.    940.   5750.   3320.  11311.    928.   1.22   3.00   1.00   0.32   0.00    125.   4636.      0.   1470.   1326.   1807.      0.    395.    145.      0.      0.     88.   585.   915.   1.00     74.      0.    124.      0.    129.      4.
  190  75    946.   1295.   5750.   5709.  13700.   1092.   1.39   2.18   1.00   0.31   0.00    125.   4661.      0.   1498.   1331.   1807.      0.    388.    138.      0.      0.     88.   666.  1017.   0.94     64.      0.    134.      0.    137.      5.
  200  75    578.   1663.   5304.   6838.  14829.   1277.   1.59   1.38   1.00   0.31   0.00    125.   4694.      0.   1518.   1339.   1807.      0.    393.    143.      0.      0.     88.   717.  1094.   0.51     64.      0.    134.      0.    134.      8.
  210  75    304.   1937.   4334.   7172.  15164.   1436.   1.76   0.82   1.00   0.32   0.00    125.   4728.      0.   1530.   1350.   1807.      0.    404.    154.      0.      0.     88.   753.  1168.   0.25     64.      0.    134.      0.    131.     11.
  220  75    133.   2107.   3541.   7282.  15273.   1649.   1.98   0.45   1.00   0.30   0.00    125.   4735.      0.   1544.   1367.   1807.      0.    380.    130.      0.      0.     88.   789.  1283.   0.13     64.      0.    134.      0.    128.     14.
  222  75    121.   2119.   3470.   7284.  15275.   1676.   2.01   0.43   1.00   0.30   0.00    125.   4739.      0.   1547.   1372.   1807.      0.    376.    126.      0.      0.     88.   792.  1294.   0.12     64.      0.    134.      0.    128.     14.
  229  75      0.      0.      0.      0.      0.      0.   0.00   0.00   1.00   0.31   0.00    125.   4761.      0.   1547.   1386.   1807.      0.    384.    134.      0.      0.     88.     0.     0.   1.00     64.      0.      0.      0.      0.      0.
  239  75      0.      0.      0.      0.      0.      0.   0.00   0.00   1.00   0.31   0.00    125.   4782.      0.   1547.   1399.   1807.      0.    392.    142.      0.      0.     88.     0.     0.   1.00     64.      0.      0.      0.      0.      0.
  249  75      0.      0.      0.      0.      0.      0.   0.00   0.00   1.00   0.31   0.00    125.   4786.      0.   1547.   1406.   1807.      0.    388.    138.      0.      0.     88.     0.     0.   1.00     64.      0.      0.      0.      0.      0.
  259  75      0.      0.      0.      0.      0.      0.   0.00   0.00   1.00   0.33   0.00    125.   4824.      0.   1547.   1418.   1807.      0.    415.    165.      0.      0.     88.     0.     0.   1.00     64.      0.      0.      0.      0.      0.
  269  75      0.      0.      0.      0.      0.      0.   0.00   0.00   1.00   0.34   0.00    125.   4845.      0.   1547.   1426.   1807.      0.    428.    178.      0.      0.     88.     0.     0.   1.00     64.      0.      0.      0.      0.      0.
  279  75      0.      0.      0.      0.      0.      0.   0.00   0.00   1.00   0.34   0.00    125.   4858.      0.   1547.   1435.   1807.      0.    431.    181.      0.      0.     88.     0.     0.   1.00     64.      0.      0.      0.      0.      0.
  289  75      0.      0.      0.      0.      0.      0.   0.00   0.00   1.00   0.35   0.00    125.   4866.      0.   1547.   1438.   1807.      0.    436.    186.      0.      0.     88.     0.     0.   1.00     64.      0.      0.      0.      0.      0.
  299  75      0.      0.      0.      0.      0.      0.   0.00   0.00   1.00   0.35   0.00    125.   4868.      0.   1547.   1440.   1807.      0.    437.    187.      0.      0.     88.     0.     0.   1.00     64.      0.      0.      0.      0.      0.
  309  75      0.      0.      0.      0.      0.      0.   0.00   0.00   1.00   0.35   0.00    125.   4876.      0.   1547.   1441.   1813.      0.    438.    188.      0.      0.     88.     0.     0.   1.00     64.      0.      0.      0.      0.      0.
  319  75      0.      0.      0.      0.      0.      0.   0.00   0.00   1.00   0.35   0.00    125.   4882.      0.   1547.   1442.   1819.      0.    437.    187.      0.      0.     88.     0.     0.   1.00     64.      0.      0.      0.      0.      0.
  329  75      0.      0.      0.      0.      0.      0.   0.00   0.00   1.00   0.35   0.00    125.   4920.      0.   1547.   1444.   1854.      0.    437.    187.      0.      0.     88.     0.     0.   1.00     64.      0.      0.      0.      0.      0.
  339  75      0.      0.      0.      0.      0.      0.   0.00   0.00   1.00   0.35   0.00    125.   4965.      0.   1547.   1447.   1896.      0.    438.    188.      0.      0.     88.     0.     0.   1.00     64.      0.      0.      0.      0.      0.
  349  75      0.      0.      0.      0.      0.      0.   0.00   0.00   1.00   0.35   0.00    125.   4968.      0.   1547.   1448.   1899.      0.    438.    187.      0.      0.     88.     0.     0.   1.00     64.      0.      0.      0.      0.      0.
  359  75      0.      0.      0.      0.      0.      0.   0.00   0.00   1.00   0.35   0.00    125.   4974.      0.   1547.   1449.   1903.      0.    438.    187.      0.      0.     88.     0.     0.   1.00     64.      0.      0.      0.      0.      0.
    1  76      0.      0.      0.      0.      0.      0.   0.00   0.00   1.00   0.35   0.00    125.   4992.      0.   1547.   1450.   1920.      0.    438.    188.      0.      0.     88.     0.     0.   1.00     64.      0.      0.      0.      0.      0.


DATA-FILE  WARO1PTS.OUT


Name of run: WARO4


Station=  WAGE , Soil=  2, Manage=  1, Rotat=  2 YrRot=  1 , NYear=  7 , NRot=  6 , Crop=  1, Irr.=  1, IOPT=  1,     Runof=0.10, CO2=550. , StYear=1969, StDay=  1

 DAY  YEAR  WLVG    WLVD    WST    WSO     TAGB    TSUML    DVS    LAI  TRANRF  SMACT  SMACTL   RD    TRAIN   TIRR   TTRANS  TESOIL  TDRAIN  TRUNOF    WTOT   WAVT    WTOTL      WAVTL WTOTLX  PARAB    PAR    NNI   NMINT  NMIN    NUPT       NFIX   NLIV   NLOSS  
    1  69      0.      0.      0.      0.      0.      0.   0.00   0.00   1.00   0.37   0.37     10.   4992.      0.   1547.   1450.   1920.      0.    438.    188.      0.      0.     88.     0.     0.   1.00     64.      0.      0.      0.      0.      0.
    3  69      0.      0.      0.      0.      0.      0.   0.00   0.00   1.00   0.40   0.37     10.      3.      0.      0.      0.      0.      0.     40.     20.    426.    196.     92.     0.     0.   1.00     64.      0.      0.      0.      0.      0.
   13  69      0.      0.      0.      0.      0.      0.   0.00   0.00   1.00   0.40   0.37     10.      5.      0.      0.      1.      0.      0.     40.     20.    426.    196.     92.     0.     0.   1.00     64.      0.      0.      0.      0.      0.


Station=  WAGE , Soil=  2, Manage=  1, Rotat=  2 YrRot=  1 , NYear=  7 , NRot=  6 , Crop=  1, Irr.=  1, IOPT=  1,     Runof=0.10, CO2=550. , StYear=1969, StDay=  1

 Planting on day   0, 1969
 Crop emergence on day  20, 1969
 Wageningen, long rotation 2, soil2, future                                      

 DAY  YEAR  WLVG    WLVD    WST    WSO     TAGB    TSUML    DVS    LAI  TRANRF  SMACT  SMACTL   RD    TRAIN   TIRR   TTRANS  TESOIL  TDRAIN  TRUNOF    WTOT   WAVT    WTOTL     WAVTL  WTOTLX  PARAB    PAR    NNI   NMINT  NMIN    NUPT     NFIX   NLIV   NLOSS  
   20  69     68.      0.     37.      0.    105.      0.   0.00   0.14   1.00   0.42   0.38     10.     18.      0.      0.      3.      0.      2.     42.     22.    433.    203.     94.     0.     0.   1.00      0.     30.      0.      0.      8.      0.
   30  69     75.      0.     41.      0.    116.      0.   0.00   0.29   1.00   0.41   0.38     22.     34.      0.      0.      4.      0.      3.     86.     45.    401.    192.     94.     1.    10.   1.00      7.     22.      1.      0.      9.      0.
   40  69     84.      0.     45.      0.    129.      0.   0.00   0.43   1.00   0.42   0.39     34.     50.      0.      1.      7.      0.      5.    137.     72.    360.    176.     94.     4.    27.   1.00     13.     15.      2.      0.     10.      0.
   50  69     84.      0.     45.      0.    129.      0.   0.00   0.43   1.00   0.42   0.41     46.     69.      0.      1.      8.      0.      7.    188.     98.    326.    165.     94.    10.    53.   1.00     21.      8.      2.      0.     10.      0.
   60  69     98.      0.     53.      0.    151.      1.   0.00   0.58   1.00   0.42   0.42     58.     80.      0.      3.     11.      0.      8.    236.    122.    283.    147.     94.    16.    75.   1.00     26.      0.      4.      0.     12.      0.
   70  69    108.      0.     58.      0.    166.      6.   0.01   0.76   1.00   0.41   0.42     70.     83.      0.      5.     13.      0.      8.    284.    146.    233.    121.     94.    31.   119.   1.00     25.      0.      5.      0.     13.      0.
   80  69    132.      0.     71.      0.    203.     17.   0.02   0.81   1.00   0.42   0.42     82.    119.      0.      8.     16.      9.     12.    338.    177.    186.     97.    105.    39.   140.   1.00     23.      0.      7.      0.     15.      0.
   90  69    142.      0.     76.      0.    219.     32.   0.04   0.83   1.00   0.42   0.42     94.    126.      0.     13.     20.      9.     13.    387.    201.    135.     71.    105.    58.   190.   1.00     21.      0.      9.      0.     17.      0.
  100  69    435.      0.    233.      0.    668.     96.   0.13   1.45   1.00   0.40   0.42    106.    138.      0.     24.     27.     15.     14.    423.    213.     85.     44.    105.    93.   266.   1.00     -3.      0.     33.      0.     42.      0.
  110  69    667.      0.    346.      0.   1013.    154.   0.21   1.94   1.00   0.42   0.42    118.    184.      0.     37.     35.     22.     18.    487.    254.     34.     18.    105.   132.   326.   1.00    -26.      0.     56.      0.     64.      0.
  120  69   1424.      0.    727.      0.   2152.    249.   0.35   3.55   1.00   0.41   0.02    125.    212.      0.     52.     39.     32.     21.    518.    268.      0.      0.    105.   187.   397.   1.00    -62.      0.     92.      0.    100.      0.
  130  69   2265.     54.   1492.      0.   3811.    386.   0.54   5.32   1.00   0.40   0.02    125.    218.      0.     75.     41.     32.     22.    499.    249.      0.      0.    105.   252.   469.   1.00    -93.      0.    123.      0.    131.      0.
  140  69   2588.    389.   2870.      0.   5848.    545.   0.76   5.94   1.00   0.40   0.02    125.    257.      0.    105.     42.     32.     26.    503.    253.      0.      0.    105.   319.   537.   1.00    -30.      0.    144.      0.    151.      2.
  150  69   2503.    752.   5333.      0.   8589.    693.   0.96   5.70   1.00   0.39   0.02    125.    275.      0.    136.     43.     32.     28.    487.    237.      0.      0.    105.   402.   623.   1.00    -45.      0.    159.      0.    164.      3.
  160  69   1961.   1295.   5595.   2264.  11115.    833.   1.12   4.46   1.00   0.39   0.02    125.    316.      0.    166.     44.     32.     32.    493.    243.      0.      0.    105.   475.   700.   1.00    -47.      0.    161.      0.    164.      5.
  170  69   1353.   1903.   5595.   6011.  14862.   1031.   1.33   3.08   1.00   0.36   0.02    125.    331.      0.    213.     47.     32.     33.    456.    206.      0.      0.    105.   581.   818.   1.00    -57.      0.    171.      0.    172.      8.
  180  69    970.   2285.   5595.   7912.  16763.   1202.   1.51   2.21   1.00   0.35   0.02    125.    346.      0.    238.     52.     32.     35.    440.    190.      0.      0.    105.   642.   894.   1.00    -29.      0.    171.      0.    170.      9.
  190  69    685.   2571.   4572.   9251.  18102.   1384.   1.70   1.56   1.00   0.34   0.02    125.    365.      0.    261.     59.     32.     37.    427.    177.      0.      0.    105.   700.   979.   1.00    -29.      0.    171.      0.    167.     13.
  200  69    484.   2772.   3736.   9883.  18734.   1566.   1.89   1.10   1.00   0.33   0.02    125.    376.      0.    279.     69.     32.     38.    409.    159.      0.      0.    105.   744.  1060.   1.00    -29.      0.    171.      0.    163.     16.
  206  69    397.   2859.   3377.  10067.  18918.   1673.   2.00   0.90   1.00   0.32   0.02    125.    389.      0.    292.     76.     32.     39.    401.    151.      0.      0.    105.   768.  1112.   1.00    -29.      0.    171.      0.    162.     18.
  209  69      0.      0.      0.      0.      0.      0.   0.00   0.00   1.00   0.32   0.02    125.    389.      0.    292.     80.     32.     39.    397.    147.      0.      0.    105.     0.     0.   1.00    -29.      0.      0.      0.      0.      0.
  219  69      0.      0.      0.      0.      0.      0.   0.00   0.00   1.00   0.32   0.02    125.    406.      0.    292.     96.     32.     41.    396.    146.      0.      0.    105.     0.     0.   1.00    -29.      0.      0.      0.      0.      0.
  229  69      0.      0.      0.      0.      0.      0.   0.00   0.00   1.00   0.32   0.02    125.    434.      0.    292.    115.     32.     43.    403.    153.      0.      0.    105.     0.     0.   1.00    -29.      0.      0.      0.      0.      0.
  239  69      0.      0.      0.      0.      0.      0.   0.00   0.00   1.00   0.36   0.02    125.    506.      0.    292.    129.     32.     51.    453.    203.      0.      0.    105.     0.     0.   1.00    -29.      0.      0.      0.      0.      0.
  249  69      0.      0.      0.      0.      0.      0.   0.00   0.00   1.00   0.36   0.02    125.    518.      0.    292.    138.     32.     52.    455.    205.      0.      0.    105.     0.     0.   1.00    -29.      0.      0.      0.      0.      0.
  259  69      0.      0.      0.      0.      0.      0.   0.00   0.00   1.00   0.36   0.02    125.    518.      0.    292.    142.     32.     52.    451.    201.      0.      0.    105.     0.     0.   1.00    -29.      0.      0.      0.      0.      0.
  269  69      0.      0.      0.      0.      0.      0.   0.00   0.00   1.00   0.36   0.02    125.    524.      0.    292.    147.     32.     52.    451.    201.      0.      0.    105.     0.     0.   1.00    -29.      0.      0.      0.      0.      0.
  279  69      0.      0.      0.      0.      0.      0.   0.00   0.00   1.00   0.36   0.02    125.    531.      0.    292.    152.     32.     53.    452.    202.      0.      0.    105.     0.     0.   1.00    -29.      0.      0.      0.      0.      0.
  289  69      0.      0.      0.      0.      0.      0.   0.00   0.00   1.00   0.36   0.02    125.    532.      0.    292.    154.     32.     53.    452.    202.      0.      0.    105.     0.     0.   1.00    -29.      0.      0.      0.      0.      0.
  299  69      0.      0.      0.      0.      0.      0.   0.00   0.00   1.00   0.37   0.02    125.    545.      0.    292.    158.     32.     55.    459.    209.      0.      0.    105.     0.     0.   1.00    -29.      0.      0.      0.      0.      0.
  309  69      0.      0.      0.      0.      0.      0.   0.00   0.00   1.00   0.37   0.02    125.    554.      0.    292.    162.     32.     55.    463.    213.      0.      0.    105.     0.     0.   1.00    -29.      0.      0.      0.      0.      0.
  319  69      0.      0.      0.      0.      0.      0.   0.00   0.00   1.00   0.39   0.02    125.    592.      0.    292.    166.     32.     59.    493.    243.      0.      0.    105.     0.     0.   1.00    -29.      0.      0.      0.      0.      0.
  329  69      0.      0.      0.      0.      0.      0.   0.00   0.00   1.00   0.40   0.02    125.    599.      0.    292.    169.     32.     60.    497.    247.      0.      0.    105.     0.     0.   1.00    -29.      0.      0.      0.      0.      0.
  339  69      0.      0.      0.      0.      0.      0.   0.00   0.00   1.00   0.41   0.02    125.    611.      0.    292.    169.     32.     61.    508.    258.      0.      0.    105.     0.     0.   1.00    -29.      0.      0.      0.      0.      0.
  349  69      0.      0.      0.      0.      0.      0.   0.00   0.00   1.00   0.41   0.02    125.    621.      0.    292.    169.     32.     62.    517.    267.      0.      0.    105.     0.     0.   1.00    -29.      0.      0.      0.      0.      0.
  359  69      0.      0.      0.      0.      0.      0.   0.00   0.00   1.00   0.42   0.02    125.    643.      0.    292.    170.     42.     64.    525.    275.      0.      0.    105.     0.     0.   1.00    -29.      0.      0.      0.      0.      0.
    4  70      0.      0.      0.      0.      0.      0.   0.00   0.00   1.00   0.42   0.02    125.    648.      0.    292.    170.     46.     65.    525.    275.      0.      0.    105.     0.     0.   1.00    -29.      0.      0.      0.      0.      0.
   14  70      0.      0.      0.      0.      0.      0.   0.00   0.00   1.00   0.42   0.02    125.    658.      0.    292.    171.     54.     66.    525.    275.      0.      0.    105.     0.     0.   1.00    -29.      0.      0.      0.      0.      0.
   20  70      0.      0.      0.      0.      0.      0.   0.00   0.00   1.00   0.42   0.02    125.    663.      0.    292.    171.     58.     66.    525.    275.      0.      0.    105.     0.     0.   1.00    -29.      0.      0.      0.      0.      0.
   24  70      0.      0.      0.      0.      0.      0.   0.00   0.00   1.00   0.42   0.02    125.    668.      0.    292.    172.     63.     67.    525.    275.      0.      0.    105.     0.     0.   1.00    -29.      0.      0.      0.      0.      0.
   34  70      0.      0.      0.      0.      0.      0.   0.00   0.00   1.00   0.42   0.02    125.    700.      0.    292.    172.     91.     70.    525.    275.      0.      0.    105.     0.     0.   1.00    -29.      0.      0.      0.      0.      0.
   44  70      0.      0.      0.      0.      0.      0.   0.00   0.00   1.00   0.42   0.02    125.    727.      0.    292.    175.    113.     73.    525.    275.      0.      0.    105.     0.     0.   1.00    -29.      0.      0.      0.      0.      0.
   54  70      0.      0.      0.      0.      0.      0.   0.00   0.00   1.00   0.42   0.02    125.    777.      0.    292.    176.    156.     78.    525.    275.      0.      0.    105.     0.     0.   1.00    -29.      0.      0.      0.      0.      0.
   64  70      0.      0.      0.      0.      0.      0.   0.00   0.00   1.00   0.42   0.02    125.    795.      0.    292.    180.    170.     80.    525.    275.      0.      0.    105.     0.     0.   1.00    -29.      0.      0.      0.      0.      0.
   74  70      0.      0.      0.      0.      0.      0.   0.00   0.00   1.00   0.42   0.02    125.    799.      0.    292.    181.    172.     80.    524.    274.      0.      0.    105.     0.     0.   1.00    -29.      0.      0.      0.      0.      0.
   84  70      0.      0.      0.      0.      0.      0.   0.00   0.00   1.00   0.42   0.02    125.    822.      0.    292.    185.    188.     82.    525.    275.      0.      0.    105.     0.     0.   1.00    -29.      0.      0.      0.      0.      0.
   94  70      0.      0.      0.      0.      0.      0.   0.00   0.00   1.00   0.42   0.02    125.    854.      0.    292.    193.    209.     85.    524.    274.      0.      0.    105.     0.     0.   1.00    -29.      0.      0.      0.      0.      0.


Station=  WAGE , Soil=  2, Manage=  1, Rotat=  2 YrRot=  2 , NYear=  7 , NRot=  6 , Crop=  2, Irr.=  1, IOPT=  1,     Runof=0.10, CO2=550. , StYear=1969, StDay=  1

 Planting on day 100, 1970
 Crop emergence on day   0, 1970
 Wageningen, long rotation 2, soil2, future                                      

 DAY  YEAR  WLVG    WLVD    WST    WSO     TAGB    TSUML    DVS    LAI  TRANRF  SMACT  SMACTL   RD    TRAIN   TIRR   TTRANS  TESOIL  TDRAIN  TRUNOF    WTOT   WAVT    WTOTL     WAVTL  WTOTLX  PARAB    PAR    NNI   NMINT  NMIN    NUPT     NFIX   NLIV   NLOSS  
  100  70      0.      0.      0.      0.      0.      0.   0.00   0.00   1.00   0.42   0.42     10.    883.      0.    292.    197.    231.     88.     42.     22.    462.    242.    126.     0.     0.   1.00      0.     30.      0.      0.      0.      0.
  110  70      0.      0.      0.      0.      0.      0.   0.00   0.00   1.00   0.38   0.42     10.    898.      0.    292.    210.    234.     90.     38.     18.    462.    242.    126.     0.    48.   1.00      0.     30.      0.      0.      0.      0.
  114  70      0.      0.      0.      0.      0.      0.   0.00   0.00   1.00   0.41   0.42     10.    905.      0.    292.    214.    234.     90.     41.     21.    462.    242.    126.     0.    61.   1.00      0.     30.      0.      0.      0.      0.
  120  70      1.      0.      0.      0.      1.     40.   0.06   0.00   1.00   0.41   0.42     17.    929.      0.    292.    228.    242.     93.     66.     34.    437.    229.    126.     0.   102.   1.00      4.     26.      0.      0.      0.      0.
  130  70      4.      0.      1.      0.      4.    151.   0.23   0.01   1.00   0.38   0.42     29.    935.      0.    292.    242.    242.     94.    107.     51.    386.    202.    126.     0.   186.   1.00     12.     18.      0.      0.      0.      0.
  140  70     20.      0.      7.      0.     26.    282.   0.43   0.04   1.00   0.38   0.42     41.    942.      0.    293.    253.    242.     94.    152.     72.    336.    176.    126.     1.   266.   1.00    102.     10.      1.      0.      1.      0.
  150  70     97.      0.     46.      0.    143.    389.   0.60   0.19   1.00   0.38   0.42     53.    950.      0.    294.    265.    242.     95.    197.     93.    286.    150.    126.     6.   346.   1.00    105.      3.      6.      0.      6.      0.
  160  70    625.      0.    398.      0.   1023.    529.   0.81   1.25   1.00   0.37   0.42     65.    951.     10.    307.    275.    242.     95.    236.    108.    235.    123.    126.    40.   457.   1.00     77.      0.     37.      0.     37.      0.
  170  70   1958.      0.   1603.     23.   3584.    682.   1.03   3.92   1.00   0.34   0.42     77.    960.     20.    340.    285.    242.     96.    261.    109.    185.     97.    126.   131.   575.   1.00    -11.      0.    125.      0.    125.      0.
  180  70   2844.    179.   2711.    737.   6471.    852.   1.16   5.69   1.00   0.36   0.42     89.    968.     60.    378.    287.    242.     97.    319.    143.    134.     70.    126.   221.   669.   1.00    -71.      0.    213.      0.    209.      4.
  190  70   2897.    541.   3203.   2066.   8706.    997.   1.26   5.79   1.00   0.38   0.42    101.   1018.     60.    408.    287.    242.    102.    384.    184.     84.     44.    126.   285.   734.   1.00   -101.      0.    243.      0.    230.     13.
  200  70   2403.   1206.   3501.   4224.  11334.   1141.   1.36   4.81   1.00   0.40   0.42    113.   1071.     60.    438.    288.    242.    107.    452.    228.     34.     18.    126.   359.   810.   1.00   -125.      0.    267.      0.    238.     29.
  210  70   1794.   1911.   3694.   5858.  13257.   1286.   1.47   3.59   1.00   0.40   0.00    120.   1100.     60.    463.    289.    242.    110.    485.    245.      0.      0.    126.   415.   869.   1.00   -140.      0.    282.      0.    237.     46.
  220  70   1323.   2514.   3447.   8098.  15892.   1460.   1.59   2.65   1.00   0.38   0.00    120.   1107.     60.    493.    291.    242.    111.    459.    219.      0.      0.    126.   495.   959.   1.00   -146.      0.    288.      0.    217.     71.
  230  70   1014.   2912.   2961.   9618.  17660.   1609.   1.70   2.03   1.00   0.38   0.00    120.   1130.     60.    513.    294.    242.    113.    456.    216.      0.      0.    126.   549.  1027.   1.00   -146.      0.    288.      0.    193.     95.
  240  70    788.   3219.   2530.  11034.  19278.   1759.   1.80   1.58   1.00   0.37   0.00    120.   1139.     60.    532.    299.    242.    114.    441.    201.      0.      0.    126.   599.  1098.   1.00   -146.      0.    288.      0.    174.    114.
  250  70    623.   3454.   2145.  12293.  20693.   1902.   1.91   1.25   1.00   0.35   0.00    120.   1142.     60.    548.    304.    242.    114.    423.    183.      0.      0.    126.   643.  1168.   1.00   -146.      0.    288.      0.    158.    130.
  260  70    479.   3634.   1786.  12945.  21418.   2040.   2.00   0.96   1.00   0.39   0.00    120.   1216.     60.    559.    312.    242.    122.    469.    229.      0.      0.    126.   666.  1209.   1.00   -146.      0.    288.      0.    146.    143.
  261  70    479.   3634.   1786.  12945.  21418.   2040.   2.00   0.96   1.00   0.39   0.00    120.   1216.     60.    560.    313.    242.    122.    468.    228.      0.      0.    126.   666.  1209.   1.00   -146.      0.    288.      0.    146.    143.
  269  70      0.      0.      0.      0.      0.      0.   0.00   0.00   1.00   0.39   0.00    120.   1216.     60.    560.    316.    242.    122.    465.    225.      0.      0.    126.     0.     0.   1.00   -146.      0.      0.      0.      0.      0.
  279  70      0.      0.      0.      0.      0.      0.   0.00   0.00   1.00   0.41   0.00    120.   1250.     60.    560.    322.    242.    125.    490.    250.      0.      0.    126.     0.     0.   1.00   -146.      0.      0.      0.      0.      0.
  289  70      0.      0.      0.      0.      0.      0.   0.00   0.00   1.00   0.41   0.00    120.   1253.     60.    560.    324.    242.    125.    490.    250.      0.      0.    126.     0.     0.   1.00   -146.      0.      0.      0.      0.      0.
  299  70      0.      0.      0.      0.      0.      0.   0.00   0.00   1.00   0.42   0.00    120.   1285.     60.    560.    327.    254.    128.    504.    264.      0.      0.    126.     0.     0.   1.00   -146.      0.      0.      0.      0.      0.
  309  70      0.      0.      0.      0.      0.      0.   0.00   0.00   1.00   0.42   0.00    120.   1348.     60.    560.    331.    307.    135.    504.    264.      0.      0.    126.     0.     0.   1.00   -146.      0.      0.      0.      0.      0.
  319  70      0.      0.      0.      0.      0.      0.   0.00   0.00   1.00   0.42   0.00    120.   1361.     60.    560.    333.    316.    136.    504.    264.      0.      0.    126.     0.     0.   1.00   -146.      0.      0.      0.      0.      0.
  329  70      0.      0.      0.      0.      0.      0.   0.00   0.00   1.00   0.42   0.00    120.   1384.     60.    560.    336.    334.    138.    504.    264.      0.      0.    126.     0.     0.   1.00   -146.      0.      0.      0.      0.      0.
  339  70      0.      0.      0.      0.      0.      0.   0.00   0.00   1.00   0.42   0.00    120.   1422.     60.    560.    337.    367.    142.    504.    264.      0.      0.    126.     0.     0.   1.00   -146.      0.      0.      0.      0.      0.
  349  70      0.      0.      0.      0.      0.      0.   0.00   0.00   1.00   0.42   0.00    120.   1431.     60.    560.    338.    375.    143.    504.    264.      0.      0.    126.     0.     0.   1.00   -146.      0.      0.      0.      0.      0.
  359  70      0.      0.      0.      0.      0.      0.   0.00   0.00   1.00   0.42   0.00    120.   1436.     60.    560.    338.    379.    144.    504.    264.      0.      0.    126.     0.     0.   1.00   -146.      0.      0.      0.      0.      0.
    4  71      0.      0.      0.      0.      0.      0.   0.00   0.00   1.00   0.42   0.00    120.   1442.     60.    560.    338.    385.    144.    504.    264.      0.      0.    126.     0.     0.   1.00   -146.      0.      0.      0.      0.      0.
   14  71      0.      0.      0.      0.      0.      0.   0.00   0.00   1.00   0.42   0.00    120.   1444.     60.    560.    338.    386.    144.    504.    264.      0.      0.    126.     0.     0.   1.00   -146.      0.      0.      0.      0.      0.
   24  71      0.      0.      0.      0.      0.      0.   0.00   0.00   1.00   0.42   0.00    120.   1469.     60.    560.    339.    408.    147.    504.    264.      0.      0.    126.     0.     0.   1.00   -146.      0.      0.      0.      0.      0.
   34  71      0.      0.      0.      0.      0.      0.   0.00   0.00   1.00   0.42   0.00    120.   1502.     60.    560.    341.    436.    150.    504.    264.      0.      0.    126.     0.     0.   1.00   -146.      0.      0.      0.      0.      0.
   44  71      0.      0.      0.      0.      0.      0.   0.00   0.00   1.00   0.42   0.00    120.   1509.     60.    560.    342.    441.    151.    504.    264.      0.      0.    126.     0.     0.   1.00   -146.      0.      0.      0.      0.      0.
   54  71      0.      0.      0.      0.      0.      0.   0.00   0.00   1.00   0.42   0.00    120.   1532.     60.    560.    344.    460.    153.    504.    264.      0.      0.    126.     0.     0.   1.00   -146.      0.      0.      0.      0.      0.
   64  71      0.      0.      0.      0.      0.      0.   0.00   0.00   1.00   0.42   0.00    120.   1537.     60.    560.    346.    463.    154.    504.    264.      0.      0.    126.     0.     0.   1.00   -146.      0.      0.      0.      0.      0.
   74  71      0.      0.      0.      0.      0.      0.   0.00   0.00   1.00   0.42   0.00    120.   1550.     60.    560.    349.    471.    155.    504.    264.      0.      0.    126.     0.     0.   1.00   -146.      0.      0.      0.      0.      0.
   84  71      0.      0.      0.      0.      0.      0.   0.00   0.00   1.00   0.42   0.00    120.   1570.     60.    560.    355.    483.    157.    504.    264.      0.      0.    126.     0.     0.   1.00   -146.      0.      0.      0.      0.      0.
   94  71      0.      0.      0.      0.      0.      0.   0.00   0.00   1.00   0.42   0.00    120.   1573.     60.    560.    358.    484.    157.    502.    262.      0.      0.    126.     0.     0.   1.00   -146.      0.      0.      0.      0.      0.
  104  71      0.      0.      0.      0.      0.      0.   0.00   0.00   1.00   0.42   0.00    120.   1573.     60.    560.    360.    484.    157.    501.    261.      0.      0.    126.     0.     0.   1.00   -146.      0.      0.      0.      0.      0.
  114  71      0.      0.      0.      0.      0.      0.   0.00   0.00   1.00   0.42   0.00    120.   1580.     60.    560.    365.    484.    158.    503.    263.      0.      0.    126.     0.     0.   1.00   -146.      0.      0.      0.      0.      0.


Station=  WAGE , Soil=  2, Manage=  1, Rotat=  2 YrRot=  3 , NYear=  7 , NRot=  6 , Crop=  3, Irr.=  1, IOPT=  1,     Runof=0.10, CO2=550. , StYear=1969, StDay=  1

 Planting on day 120, 1971
 Crop emergence on day   0, 1971
 Wageningen, long rotation 2, soil2, future                                      

 DAY  YEAR  WLVG    WLVD    WST    WSO     TAGB    TSUML    DVS    LAI  TRANRF  SMACT  SMACTL   RD    TRAIN   TIRR   TTRANS  TESOIL  TDRAIN  TRUNOF    WTOT   WAVT    WTOTL     WAVTL  WTOTLX  PARAB    PAR    NNI   NMINT  NMIN    NUPT     NFIX   NLIV   NLOSS  
  120  71     19.      0.     11.      0.     30.      0.   0.00   0.05   1.00   0.41   0.42     10.   1592.     60.    560.    370.    490.    159.     41.     21.    377.    197.    210.     0.     0.   1.00      0.     30.      0.      0.      2.      0.
  130  71     19.      0.     11.      0.     30.      0.   0.00   0.05   1.00   0.39   0.42     10.   1599.     67.    561.    385.    490.    160.     39.     19.    377.    197.    210.     0.   104.   1.00      0.     30.      0.      0.      2.      0.
  132  71     19.      0.     11.      0.     30.      0.   0.00   0.05   1.00   0.32   0.42     10.   1599.     67.    561.    391.    490.    160.     32.     12.    377.    197.    210.     0.   129.   1.00      0.     30.      0.      0.      2.      0.
  140  71    106.      0.     65.      0.    171.     95.   0.14   0.31   1.00   0.40   0.42     20.   1642.     67.    563.    411.    500.    164.     73.     36.    343.    180.    210.     5.   196.   1.00     84.     24.      6.      0.      8.      0.
  150  71    477.      0.    292.      0.    769.    187.   0.27   1.26   1.00   0.39   0.42     32.   1660.     67.    570.    426.    500.    166.    118.     58.    292.    153.    210.    29.   276.   1.00     68.     16.     30.      0.     32.      0.
  160  71   1972.      0.   1319.      0.   3290.    309.   0.44   4.22   1.00   0.32   0.42     44.   1660.     67.    599.    431.    500.    166.    134.     50.    242.    127.    210.   107.   380.   1.00    -15.      9.    120.      0.    122.      0.
  170  71   2591.    149.   2174.      0.   4914.    399.   0.57   5.22   1.00   0.39   0.42     56.   1720.     67.    623.    433.    500.    172.    213.    104.    192.    100.    210.   164.   441.   1.00    -42.      2.    155.      0.    156.      1.
  180  71   3136.    482.   3776.      0.   7394.    502.   0.72   5.86   1.00   0.40   0.42     68.   1758.     67.    651.    434.    500.    176.    269.    136.    141.     74.    210.   233.   512.   1.00    -43.      0.    185.      0.    185.      3.
  190  71   3519.    975.   6961.      0.  11455.    630.   0.91   6.05   1.00   0.36   0.42     80.   1760.     67.    691.    434.    500.    176.    280.    123.     91.     48.    210.   341.   624.   1.00    -67.      0.    209.      0.    206.      5.
  200  71   3197.   1818.   9749.    504.  15269.    753.   1.07   5.26   1.00   0.33   0.42     92.   1760.     67.    727.    434.    500.    176.    295.    114.     40.     21.    210.   436.   721.   1.00    -86.      0.    228.      0.    221.     10.
  210  71   2357.   2823.  10421.   2152.  17752.    886.   1.22   3.82   1.00   0.33   0.09    100.   1789.     67.    752.    436.    500.    179.    334.    134.      0.      0.    210.   499.   789.   1.00    -95.      0.    237.      0.    224.     15.
  220  71   1607.   3573.  10421.   5392.  20993.   1033.   1.39   2.60   1.00   0.32   0.09    100.   1813.     67.    783.    439.    500.    181.    322.    122.      0.      0.    210.   570.   871.   1.00    -98.      0.    240.      0.    224.     19.
  230  71   1138.   4043.  10008.   6969.  22570.   1153.   1.53   1.84   1.00   0.31   0.09    100.   1823.     67.    800.    444.    500.    182.    309.    109.      0.      0.    210.   615.   932.   1.00    -98.      0.    240.      0.    220.     23.
  240  71    787.   4393.   8177.   8688.  24289.   1289.   1.69   1.28   1.00   0.31   0.09    100.   1852.     67.    818.    453.    500.    185.    308.    108.      0.      0.    210.   659.  1006.   1.00    -98.      0.    240.      0.    211.     31.
  250  71    562.   4619.   6681.   9556.  25157.   1404.   1.82   0.91   1.00   0.29   0.09    100.   1857.     67.    829.    459.    500.    186.    295.     95.      0.      0.    210.   690.  1069.   1.00    -98.      0.    240.      0.    205.     37.
  260  71    425.   4756.   5459.   9888.  25489.   1483.   1.92   0.69   1.00   0.29   0.09    100.   1858.     67.    837.    462.    500.    186.    285.     85.      0.      0.    210.   715.  1136.   1.00    -98.      0.    240.      0.    200.     42.
  269  71    333.   4847.   4644.   9978.  25579.   1558.   2.00   0.54   1.00   0.29   0.09    100.   1869.     67.    841.    466.    500.    187.    287.     87.      0.      0.    210.   730.  1182.   1.00    -98.      0.    240.      0.    197.     46.
  269  71      0.      0.      0.      0.      0.      0.   0.00   0.00   1.00   0.29   0.09    100.   1869.     67.    841.    467.    500.    187.    287.     87.      0.      0.    210.     0.     0.   1.00    -98.      0.      0.      0.      0.      0.
  279  71      0.      0.      0.      0.      0.      0.   0.00   0.00   1.00   0.29   0.09    100.   1875.     67.    841.    471.    500.    187.    287.     87.      0.      0.    210.     0.     0.   1.00    -98.      0.      0.      0.      0.      0.
  289  71      0.      0.      0.      0.      0.      0.   0.00   0.00   1.00   0.29   0.09    100.   1878.     67.    841.    474.    500.    188.    287.     87.      0.      0.    210.     0.     0.   1.00    -98.      0.      0.      0.      0.      0.
  299  71      0.      0.      0.      0.      0.      0.   0.00   0.00   1.00   0.30   0.09    100.   1898.     67.    841.    479.    500.    190.    300.    100.      0.      0.    210.     0.     0.   1.00    -98.      0.      0.      0.      0.      0.
  309  71      0.      0.      0.      0.      0.      0.   0.00   0.00   1.00   0.30   0.09    100.   1898.     67.    841.    480.    500.    190.    299.     99.      0.      0.    210.     0.     0.   1.00    -98.      0.      0.      0.      0.      0.
  319  71      0.      0.      0.      0.      0.      0.   0.00   0.00   1.00   0.31   0.09    100.   1909.     67.    841.    483.    500.    191.    307.    107.      0.      0.    210.     0.     0.   1.00    -98.      0.      0.      0.      0.      0.
  329  71      0.      0.      0.      0.      0.      0.   0.00   0.00   1.00   0.34   0.09    100.   1945.     67.    841.    486.    500.    195.    336.    136.      0.      0.    210.     0.     0.   1.00    -98.      0.      0.      0.      0.      0.
  339  71      0.      0.      0.      0.      0.      0.   0.00   0.00   1.00   0.35   0.09    100.   1957.     67.    841.    486.    500.    196.    347.    147.      0.      0.    210.     0.     0.   1.00    -98.      0.      0.      0.      0.      0.
  349  71      0.      0.      0.      0.      0.      0.   0.00   0.00   1.00   0.35   0.09    100.   1963.     67.    841.    487.    500.    196.    351.    151.      0.      0.    210.     0.     0.   1.00    -98.      0.      0.      0.      0.      0.
  359  71      0.      0.      0.      0.      0.      0.   0.00   0.00   1.00   0.37   0.09    100.   1984.     67.    841.    487.    500.    198.    370.    170.      0.      0.    210.     0.     0.   1.00    -98.      0.      0.      0.      0.      0.
    4  72      0.      0.      0.      0.      0.      0.   0.00   0.00   1.00   0.37   0.09    100.   1986.     67.    841.    488.    500.    199.    370.    170.      0.      0.    210.     0.     0.   1.00    -98.      0.      0.      0.      0.      0.
   14  72      0.      0.      0.      0.      0.      0.   0.00   0.00   1.00   0.37   0.09    100.   1991.     67.    841.    488.    500.    199.    375.    175.      0.      0.    210.     0.     0.   1.00    -98.      0.      0.      0.      0.      0.
   24  72      0.      0.      0.      0.      0.      0.   0.00   0.00   1.00   0.39   0.09    100.   2005.     67.    841.    489.    500.    200.    386.    186.      0.      0.    210.     0.     0.   1.00    -98.      0.      0.      0.      0.      0.
   34  72      0.      0.      0.      0.      0.      0.   0.00   0.00   1.00   0.40   0.09    100.   2018.     67.    841.    491.    500.    202.    397.    197.      0.      0.    210.     0.     0.   1.00    -98.      0.      0.      0.      0.      0.
   44  72      0.      0.      0.      0.      0.      0.   0.00   0.00   1.00   0.41   0.09    100.   2040.     67.    841.    495.    500.    204.    413.    213.      0.      0.    210.     0.     0.   1.00    -98.      0.      0.      0.      0.      0.
   54  72      0.      0.      0.      0.      0.      0.   0.00   0.00   1.00   0.42   0.09    100.   2045.     67.    841.    496.    500.    204.    415.    215.      0.      0.    210.     0.     0.   1.00    -98.      0.      0.      0.      0.      0.
   64  72      0.      0.      0.      0.      0.      0.   0.00   0.00   1.00   0.42   0.09    100.   2050.     67.    841.    499.    500.    205.    417.    217.      0.      0.    210.     0.     0.   1.00    -98.      0.      0.      0.      0.      0.
   74  72      0.      0.      0.      0.      0.      0.   0.00   0.00   1.00   0.42   0.09    100.   2061.     67.    841.    503.    505.    206.    418.    218.      0.      0.    210.     0.     0.   1.00    -98.      0.      0.      0.      0.      0.
   84  72      0.      0.      0.      0.      0.      0.   0.00   0.00   1.00   0.41   0.09    100.   2061.     67.    841.    508.    505.    206.    413.    213.      0.      0.    210.     0.     0.   1.00    -98.      0.      0.      0.      0.      0.
   94  72      0.      0.      0.      0.      0.      0.   0.00   0.00   1.00   0.42   0.09    100.   2101.     67.    841.    517.    525.    210.    420.    220.      0.      0.    210.     0.     0.   1.00    -98.      0.      0.      0.      0.      0.


Station=  WAGE , Soil=  2, Manage=  1, Rotat=  2 YrRot=  4 , NYear=  7 , NRot=  6 , Crop=  4, Irr.=  1, IOPT=  1,     Runof=0.10, CO2=550. , StYear=1969, StDay=  1

 Planting on day 100, 1972
 Crop emergence on day   0, 1972
 Wageningen, long rotation 2, soil2, future                                      

 DAY  YEAR  WLVG    WLVD    WST    WSO     TAGB    TSUML    DVS    LAI  TRANRF  SMACT  SMACTL   RD    TRAIN   TIRR   TTRANS  TESOIL  TDRAIN  TRUNOF    WTOT   WAVT    WTOTL     WAVTL  WTOTLX  PARAB    PAR    NNI   NMINT  NMIN    NUPT     NFIX   NLIV   NLOSS  
  100  72     48.      0.     12.      0.     60.      0.   0.00   0.14   1.00   0.42   0.42     10.   2137.     67.    841.    526.    548.    214.     42.     22.    168.     88.    420.     0.     0.   1.00      0.     30.      0.      0.      4.      0.
  110  72     48.      0.     12.      0.     60.      0.   0.00   0.14   1.00   0.39   0.42     10.   2168.     67.    842.    540.    565.    217.     39.     19.    168.     88.    420.     0.    61.   1.00      0.     30.      0.      0.      4.      0.
  120  72     48.      0.     12.      0.     60.      0.   0.00   0.14   1.00   0.31   0.42     10.   2176.     67.    842.    554.    566.    218.     31.     11.    168.     88.    420.     0.   137.   1.00      0.     30.      0.      0.      4.      0.
  126  72     48.      0.     12.      0.     60.      0.   0.00   0.14   1.00   0.31   0.42     10.   2187.     67.    842.    564.    566.    219.     31.     11.    168.     88.    420.     0.   176.   1.00      0.     30.      0.      0.      4.      0.
  130  72    186.      0.     46.      0.    232.     52.   0.35   0.37   1.00   0.34   0.42     15.   2188.     76.    843.    572.    566.    219.     46.     19.    153.     80.    420.     6.   213.   1.00     -3.     27.      6.      0.      9.      0.
  140  72    748.      0.    187.      0.    935.    145.   0.97   2.06   1.00   0.42   0.42     27.   2246.     76.    852.    581.    589.    225.    108.     56.    102.     54.    420.    36.   264.   1.00     60.     20.     34.      0.     38.      0.
  150  72   2107.    112.    683.    385.   3287.    276.   1.11   6.14   1.00   0.40   0.42     39.   2275.     76.    886.    581.    589.    228.    150.     75.     52.     27.    420.   124.   354.   1.00    -18.     12.    120.      0.    122.      2.
  160  72   2373.    572.   1144.   1225.   5314.    409.   1.20   6.92   1.00   0.39   0.42     50.   2298.     76.    914.    581.    589.    230.    192.     93.      2.      1.    420.   194.   425.   1.00    -52.      4.    162.      0.    154.     11.
  170  72   2185.   1057.   1869.   3179.   8290.    534.   1.28   6.35   1.00   0.35   0.00     50.   2314.     76.    946.    581.    589.    231.    177.     77.      0.      0.    420.   290.   521.   1.00    -84.      0.    198.      0.    181.     21.
  180  72   1891.   1352.   2117.   5213.  10573.    680.   1.37   5.49   1.00   0.36   0.00     50.   2355.     76.    978.    582.    589.    236.    182.     82.      0.      0.    420.   364.   595.   1.00    -78.      0.    220.      0.    197.     27.
  190  72   1721.   1522.   2117.   7208.  12568.    835.   1.47   5.00   1.00   0.37   0.00     50.   2385.     76.   1004.    582.    589.    238.    183.     83.      0.      0.    420.   428.   660.   1.00    -99.      0.    241.      0.    214.     30.
  200  72   1319.   1924.   1838.  10329.  15689.    994.   1.58   3.83   1.00   0.34   0.00     50.   2396.     86.   1038.    582.    589.    240.    169.     69.      0.      0.    420.   527.   760.   1.00   -115.      0.    257.      0.    217.     43.
  210  72    880.   2363.   1502.  11400.  16760.   1197.   1.71   2.55   1.00   0.42   0.00     50.   2461.    106.   1068.    583.    594.    246.    210.    110.      0.      0.    420.   597.   833.   1.00   -118.      0.    260.      0.    207.     57.
  220  72    620.   2622.   1227.  12530.  17890.   1359.   1.81   1.80   1.00   0.38   0.00     50.   2470.    106.   1091.    585.    596.    247.    191.     91.      0.      0.    420.   658.   902.   1.00   -118.      0.    260.      0.    197.     67.
  230  72    432.   2811.   1003.  13130.  18490.   1531.   1.92   1.25   1.00   0.38   0.00     50.   2496.    106.   1113.    590.    596.    250.    189.     89.      0.      0.    420.   720.   980.   1.00   -118.      0.    260.      0.    190.     74.
  240  72    326.   2917.    836.  13275.  18635.   1654.   2.00   0.95   1.00   0.38   0.00     50.   2518.    106.   1127.    596.    596.    252.    188.     88.      0.      0.    420.   761.  1043.   1.00   -118.      0.    260.      0.    185.     79.
  249  72      0.      0.      0.      0.      0.      0.   0.00   0.00   1.00   0.37   0.00     50.   2518.    106.   1127.    598.    596.    252.    185.     85.      0.      0.    420.     0.     0.   1.00   -118.      0.      0.      0.      0.      0.
  259  72      0.      0.      0.      0.      0.      0.   0.00   0.00   1.00   0.42   0.00     50.   2552.    106.   1127.    603.    598.    255.    210.    110.      0.      0.    420.     0.     0.   1.00   -118.      0.      0.      0.      0.      0.
  269  72      0.      0.      0.      0.      0.      0.   0.00   0.00   1.00   0.42   0.00     50.   2562.    106.   1127.    607.    604.    256.    209.    109.      0.      0.    420.     0.     0.   1.00   -118.      0.      0.      0.      0.      0.


Station=  WAGE , Soil=  2, Manage=  1, Rotat=  2 YrRot=  5 , NYear=  7 , NRot=  6 , Crop=  5, Irr.=  1, IOPT=  1,     Runof=0.10, CO2=550. , StYear=1969, StDay=  1

 Planting on day 270, 1972
 Crop emergence on day   0, 1972
 Wageningen, long rotation 2, soil2, future                                      

 DAY  YEAR  WLVG    WLVD    WST    WSO     TAGB    TSUML    DVS    LAI  TRANRF  SMACT  SMACTL   RD    TRAIN   TIRR   TTRANS  TESOIL  TDRAIN  TRUNOF    WTOT   WAVT    WTOTL     WAVTL  WTOTLX  PARAB    PAR    NNI   NMINT  NMIN    NUPT     NFIX   NLIV   NLOSS  
  270  72    137.      0.     59.      0.    195.      0.   0.00   0.30   1.00   0.42   0.42     10.   2562.    106.   1127.    607.    604.    256.     42.     22.    482.    252.    105.     0.     0.   1.00      0.     30.      0.      0.     11.      0.
  276  72    137.      0.     59.      0.    195.      0.   0.00   0.30   1.00   0.40   0.42     10.   2563.    106.   1127.    608.    604.    256.     40.     20.    482.    252.    105.     0.    25.   1.00      0.     30.      0.      0.     11.      0.
  280  72    223.      0.     95.      0.    318.      9.   0.04   0.43   1.00   0.39   0.42     15.   2563.    106.   1128.    610.    604.    256.     53.     26.    467.    244.    105.     4.    50.   1.00     -2.     27.      5.      0.     16.      0.
  290  72    392.      0.    168.      0.    561.     28.   0.11   0.91   1.00   0.39   0.42     27.   2563.    106.   1130.    611.    604.    256.    100.     49.    417.    218.    105.    16.    91.   1.00     -6.     20.     16.      0.     28.      0.
  300  72    538.      0.    231.      0.    769.     35.   0.14   1.23   1.00   0.42   0.42     39.   2579.    106.   1132.    613.    608.    258.    157.     82.    367.    192.    105.    28.   118.   1.00     -8.     12.     26.      0.     37.      0.
  310  72    739.      0.    317.      0.   1055.     38.   0.16   1.67   1.00   0.42   0.42     51.   2587.    106.   1134.    614.    613.    259.    207.    108.    317.    166.    105.    39.   138.   1.00    -16.      4.     42.      0.     53.      0.
  320  72    874.      0.    375.      0.   1249.     38.   0.16   1.96   1.00   0.42   0.42     63.   2634.    106.   1138.    616.    648.    263.    259.    136.    266.    139.    105.    46.   150.   1.00    -21.      0.     51.      0.     63.      0.
  330  72    987.      0.    423.      0.   1410.     38.   0.16   2.21   1.00   0.42   0.42     75.   2662.    106.   1140.    617.    670.    266.    309.    162.    216.    113.    105.    56.   165.   1.00    -30.      0.     60.      0.     71.      0.
  340  72   1105.      0.    474.      0.   1578.     38.   0.16   2.46   1.00   0.42   0.42     87.   2667.    106.   1142.    617.    672.    267.    360.    188.    165.     87.    105.    66.   179.   1.00    -37.      0.     67.      0.     79.      0.
  350  72   1238.      0.    530.      0.   1768.     38.   0.16   2.75   1.00   0.42   0.42     99.   2684.    106.   1144.    618.    685.    268.    409.    214.    115.     60.    105.    74.   189.   1.00    -48.      0.     78.      0.     89.      0.
  360  72   1260.      0.    540.      0.   1800.     38.   0.16   2.80   1.00   0.42   0.42    111.   2684.    106.   1146.    618.    685.    268.    458.    239.     65.     34.    105.    83.   201.   1.00    -50.      0.     80.      0.     91.      0.
    5  73   1283.      0.    550.      0.   1833.     38.   0.16   2.85   1.00   0.42   0.42    123.   2684.    106.   1148.    618.    685.    268.    506.    263.     14.      7.    105.    92.   212.   1.00    -51.      0.     81.      0.     92.      0.
   15  73   1307.      0.    560.      0.   1867.     38.   0.16   2.90   1.00   0.42   0.00    125.   2686.    106.   1148.    618.    685.    269.    522.    272.      0.      0.    105.    98.   220.   1.00    -53.      0.     83.      0.     95.      0.
   25  73   1361.      0.    583.      0.   1944.     38.   0.16   3.02   1.00   0.42   0.00    125.   2693.    106.   1151.    618.    686.    269.    525.    275.      0.      0.    105.   106.   231.   1.00    -56.      0.     86.      0.     97.      0.
   35  73   1485.      0.    636.      0.   2121.     38.   0.16   3.29   1.00   0.42   0.00    125.   2711.    106.   1152.    619.    699.    271.    525.    275.      0.      0.    105.   119.   246.   1.00    -66.      0.     96.      0.    107.      0.
   45  73   1561.      0.    669.      0.   2229.     39.   0.16   3.45   1.00   0.42   0.00    125.   2749.    106.   1156.    620.    730.    275.    525.    275.      0.      0.    105.   130.   259.   1.00    -71.      0.    101.      0.    113.      0.
   55  73   1644.      0.    704.      0.   2348.     41.   0.17   3.64   1.00   0.42   0.00    125.   2778.    106.   1160.    620.    750.    278.    525.    275.      0.      0.    105.   145.   277.   1.00    -75.      0.    105.      0.    116.      0.
   65  73   1820.      0.    780.      0.   2600.     46.   0.19   4.02   1.00   0.42   0.00    125.   2785.    106.   1165.    621.    752.    279.    524.    274.      0.      0.    105.   177.   314.   1.00    -82.      0.    112.      0.    123.      0.
   75  73   1977.     38.    866.      0.   2880.     52.   0.22   4.36   1.00   0.42   0.00    125.   2794.    106.   1172.    621.    758.    279.    519.    269.      0.      0.    105.   223.   366.   1.00    -95.      0.    125.      0.    136.      0.
   85  73   2184.    122.   1056.      0.   3362.     71.   0.30   4.80   1.00   0.41   0.00    125.   2800.    106.   1183.    622.    758.    280.    513.    263.      0.      0.    105.   268.   415.   1.00   -102.      0.    132.      0.    143.      1.
   95  73   2254.    268.   1286.      0.   3808.     90.   0.38   4.94   1.00   0.42   0.00    125.   2841.    106.   1195.    623.    770.    284.    525.    275.      0.      0.    105.   315.   465.   1.00   -106.      0.    136.      0.    146.      2.
  105  73   2313.    453.   1587.      0.   4354.    105.   0.44   5.06   1.00   0.42   0.00    125.   2859.    106.   1209.    624.    774.    286.    522.    272.      0.      0.    105.   372.   526.   1.00   -112.      0.    142.      0.    150.      3.
  115  73   2713.    716.   2612.      0.   6042.    143.   0.60   5.90   1.00   0.41   0.00    125.   2873.    106.   1227.    625.    774.    287.    515.    265.      0.      0.    105.   438.   596.   1.00   -123.      0.    153.      0.    160.      5.
  125  73   2771.   1142.   3695.      0.   7608.    205.   0.85   5.99   1.00   0.41   0.00    125.   2896.    106.   1245.    625.    774.    290.    517.    267.      0.      0.    105.   499.   659.   1.00   -132.      0.    162.      0.    165.      8.
  135  73   2618.   1684.   5549.     82.   9932.    286.   1.08   5.62   1.00   0.41   0.00    125.   2915.    106.   1268.    626.    774.    291.    510.    260.      0.      0.    105.   565.   728.   1.00    -52.      0.    166.      0.    165.     12.
  145  73   2171.   2402.   7180.    682.  12435.    396.   1.26   4.63   1.00   0.39   0.00    125.   2926.    106.   1303.    627.    774.    293.    485.    235.      0.      0.    105.   660.   829.   1.00    -65.      0.    179.      0.    173.     18.
  155  73   1576.   2996.   8100.   2157.  14829.    519.   1.47   3.36   1.00   0.39   0.00    125.   2956.    106.   1329.    630.    774.    296.    483.    233.      0.      0.    105.   728.   905.   1.00    -67.      0.    181.      0.    170.     22.
  165  73   1157.   3415.   7320.   4062.  17058.    635.   1.66   2.47   1.00   0.36   0.00    125.   2956.    106.   1356.    633.    774.    296.    453.    203.      0.      0.    105.   810.  1007.   1.00    -67.      0.    181.      0.    162.     30.
  175  73    816.   3756.   5991.   5294.  18302.    779.   1.90   1.74   1.00   0.33   0.00    125.   2956.    106.   1388.    637.    774.    296.    418.    168.      0.      0.    105.   894.  1130.   1.00    -39.      0.    181.      0.    154.     38.
  180  73    695.   3877.   5526.   5391.  18399.    851.   2.02   1.48   1.00   0.33   0.00    125.   2969.    106.   1402.    640.    774.    297.    412.    162.      0.      0.    105.   922.  1178.   1.00    -39.      0.    181.      0.    151.     41.
  184  73      0.      0.      0.      0.      0.      0.   0.00   0.00   1.00   0.32   0.00    125.   2969.    106.   1402.    647.    774.    297.    405.    155.      0.      0.    105.     0.     0.   1.00    -39.      0.      0.      0.      0.      0.
  194  73      0.      0.      0.      0.      0.      0.   0.00   0.00   1.00   0.32   0.00    125.   2978.    106.   1402.    656.    774.    298.    403.    153.      0.      0.    105.     0.     0.   1.00    -39.      0.      0.      0.      0.      0.
  204  73      0.      0.      0.      0.      0.      0.   0.00   0.00   1.00   0.34   0.00    125.   3009.    106.   1402.    669.    774.    301.    419.    169.      0.      0.    105.     0.     0.   1.00    -39.      0.      0.      0.      0.      0.
  214  73      0.      0.      0.      0.      0.      0.   0.00   0.00   1.00   0.34   0.00    125.   3025.    106.   1402.    680.    774.    302.    423.    173.      0.      0.    105.     0.     0.   1.00    -39.      0.      0.      0.      0.      0.
  224  73      0.      0.      0.      0.      0.      0.   0.00   0.00   1.00   0.34   0.00    125.   3046.    106.   1402.    691.    774.    305.    430.    180.      0.      0.    105.     0.     0.   1.00    -39.      0.      0.      0.      0.      0.
  234  73      0.      0.      0.      0.      0.      0.   0.00   0.00   1.00   0.34   0.00    125.   3046.    106.   1402.    696.    774.    305.    425.    175.      0.      0.    105.     0.     0.   1.00    -39.      0.      0.      0.      0.      0.
  244  73      0.      0.      0.      0.      0.      0.   0.00   0.00   1.00   0.35   0.00    125.   3069.    106.   1402.    701.    774.    307.    442.    192.      0.      0.    105.     0.     0.   1.00    -39.      0.      0.      0.      0.      0.
  254  73      0.      0.      0.      0.      0.      0.   0.00   0.00   1.00   0.35   0.00    125.   3072.    106.   1402.    706.    774.    307.    440.    190.      0.      0.    105.     0.     0.   1.00    -39.      0.      0.      0.      0.      0.
  264  73      0.      0.      0.      0.      0.      0.   0.00   0.00   1.00   0.36   0.00    125.   3096.    106.   1402.    712.    774.    310.    454.    204.      0.      0.    105.     0.     0.   1.00    -39.      0.      0.      0.      0.      0.
  274  73      0.      0.      0.      0.      0.      0.   0.00   0.00   1.00   0.39   0.00    125.   3132.    106.   1402.    717.    774.    313.    482.    232.      0.      0.    105.     0.     0.   1.00    -39.      0.      0.      0.      0.      0.
  276  73      0.      0.      0.      0.      0.      0.   0.00   0.00   1.00   0.39   0.00    125.   3132.    106.   1402.    718.    774.    313.    481.    231.      0.      0.    105.     0.     0.   1.00    -39.      0.      0.      0.      0.      0.
  284  73      0.      0.      0.      0.      0.      0.   0.00   0.00   1.00   0.40   0.00    125.   3152.    106.   1402.    720.    774.    315.    497.    247.      0.      0.    105.     0.     0.   1.00    -39.      0.      0.      0.      0.      0.
  294  73      0.      0.      0.      0.      0.      0.   0.00   0.00   1.00   0.42   0.00    125.   3212.    106.   1402.    723.    798.    321.    525.    275.      0.      0.    105.     0.     0.   1.00    -39.      0.      0.      0.      0.      0.
  304  73      0.      0.      0.      0.      0.      0.   0.00   0.00   1.00   0.42   0.00    125.   3218.    106.   1402.    724.    802.    322.    525.    275.      0.      0.    105.     0.     0.   1.00    -39.      0.      0.      0.      0.      0.
  314  73      0.      0.      0.      0.      0.      0.   0.00   0.00   1.00   0.42   0.00    125.   3237.    106.   1402.    725.    817.    324.    525.    275.      0.      0.    105.     0.     0.   1.00    -39.      0.      0.      0.      0.      0.
  324  73      0.      0.      0.      0.      0.      0.   0.00   0.00   1.00   0.42   0.00    125.   3272.    106.   1402.    728.    846.    327.    525.    275.      0.      0.    105.     0.     0.   1.00    -39.      0.      0.      0.      0.      0.
  334  73      0.      0.      0.      0.      0.      0.   0.00   0.00   1.00   0.42   0.00    125.   3297.    106.   1402.    728.    868.    330.    525.    275.      0.      0.    105.     0.     0.   1.00    -39.      0.      0.      0.      0.      0.
  344  73      0.      0.      0.      0.      0.      0.   0.00   0.00   1.00   0.42   0.00    125.   3326.    106.   1402.    728.    894.    333.    525.    275.      0.      0.    105.     0.     0.   1.00    -39.      0.      0.      0.      0.      0.
  354  73      0.      0.      0.      0.      0.      0.   0.00   0.00   1.00   0.42   0.00    125.   3355.    106.   1402.    730.    919.    335.    525.    275.      0.      0.    105.     0.     0.   1.00    -39.      0.      0.      0.      0.      0.
  364  73      0.      0.      0.      0.      0.      0.   0.00   0.00   1.00   0.42   0.00    125.   3361.    106.   1402.    730.    923.    336.    525.    275.      0.      0.    105.     0.     0.   1.00    -39.      0.      0.      0.      0.      0.
    9  74      0.      0.      0.      0.      0.      0.   0.00   0.00   1.00   0.42   0.00    125.   3375.    106.   1402.    731.    935.    337.    525.    275.      0.      0.    105.     0.     0.   1.00    -39.      0.      0.      0.      0.      0.
   19  74      0.      0.      0.      0.      0.      0.   0.00   0.00   1.00   0.42   0.00    125.   3404.    106.   1402.    735.    958.    340.    525.    275.      0.      0.    105.     0.     0.   1.00    -39.      0.      0.      0.      0.      0.
   29  74      0.      0.      0.      0.      0.      0.   0.00   0.00   1.00   0.42   0.00    125.   3418.    106.   1402.    737.    968.    342.    525.    275.      0.      0.    105.     0.     0.   1.00    -39.      0.      0.      0.      0.      0.
   39  74      0.      0.      0.      0.      0.      0.   0.00   0.00   1.00   0.42   0.00    125.   3426.    106.   1402.    738.    974.    343.    525.    275.      0.      0.    105.     0.     0.   1.00    -39.      0.      0.      0.      0.      0.
   49  74      0.      0.      0.      0.      0.      0.   0.00   0.00   1.00   0.42   0.00    125.   3445.    106.   1402.    742.    989.    345.    524.    274.      0.      0.    105.     0.     0.   1.00    -39.      0.      0.      0.      0.      0.
   59  74      0.      0.      0.      0.      0.      0.   0.00   0.00   1.00   0.42   0.00    125.   3449.    106.   1402.    743.    991.    345.    525.    275.      0.      0.    105.     0.     0.   1.00    -39.      0.      0.      0.      0.      0.
   69  74      0.      0.      0.      0.      0.      0.   0.00   0.00   1.00   0.42   0.00    125.   3467.    106.   1402.    744.   1006.    347.    524.    274.      0.      0.    105.     0.     0.   1.00    -39.      0.      0.      0.      0.      0.
   79  74      0.      0.      0.      0.      0.      0.   0.00   0.00   1.00   0.42   0.00    125.   3496.    106.   1402.    749.   1027.    350.    525.    275.      0.      0.    105.     0.     0.   1.00    -39.      0.      0.      0.      0.      0.


Station=  WAGE , Soil=  2, Manage=  1, Rotat=  2 YrRot=  6 , NYear=  7 , NRot=  6 , Crop=  6, Irr.=  1, IOPT=  1,     Runof=0.10, CO2=550. , StYear=1969, StDay=  1

 Planting on day  80, 1974
 Crop emergence on day   0, 1974
 Wageningen, long rotation 2, soil2, future                                      

 DAY  YEAR  WLVG    WLVD    WST    WSO     TAGB    TSUML    DVS    LAI  TRANRF  SMACT  SMACTL   RD    TRAIN   TIRR   TTRANS  TESOIL  TDRAIN  TRUNOF    WTOT   WAVT    WTOTL     WAVTL  WTOTLX  PARAB    PAR    NNI   NMINT  NMIN    NUPT     NFIX   NLIV   NLOSS  
   80  74     11.      0.     11.      0.     22.      0.   0.00   0.03   1.00   0.42   0.42     10.   3503.    106.   1402.    749.   1033.    350.     42.     22.    378.    198.    210.     0.     0.   1.00      0.     30.      0.      0.      2.      0.
   90  74     11.      0.     11.      0.     22.      0.   0.00   0.03   1.00   0.35   0.42     10.   3504.    106.   1402.    757.   1033.    350.     35.     15.    378.    198.    210.     0.    55.   1.00      0.     30.      0.      0.      2.      0.
  100  74     45.      0.     43.      0.     88.    132.   0.16   0.15   1.00   0.35   0.42     22.   3504.    106.   1403.    763.   1033.    350.     73.     31.    332.    174.    210.     5.   141.   1.00      7.     22.      1.      3.      5.      0.
  110  74    112.      0.    100.      0.    212.    227.   0.27   0.38   1.00   0.35   0.42     34.   3504.    106.   1407.    767.   1033.    350.    115.     50.    282.    148.    210.    23.   233.   1.00     13.     15.      2.      8.     12.      0.
  120  74    237.      0.    198.      0.    436.    309.   0.37   0.87   1.00   0.36   0.42     46.   3514.    106.   1413.    773.   1033.    351.    162.     72.    232.    121.    210.    46.   306.   1.00     19.      8.      4.     14.     20.      0.
  130  74    589.      0.    452.      0.   1041.    414.   0.50   2.31   1.00   0.35   0.42     58.   3515.    106.   1426.    776.   1033.    351.    199.     85.    181.     95.    210.    84.   362.   1.00     22.      0.      8.     30.     40.      0.
  140  74   1657.     56.   1289.     63.   3066.    571.   0.69   6.81   1.00   0.36   0.42     70.   3548.    106.   1459.    777.   1033.    355.    244.    107.    131.     69.    210.   175.   458.   1.00     92.      0.     22.     88.    111.      1.
  150  74   2008.    545.   2179.    311.   5043.    711.   0.85   8.32   1.00   0.34   0.42     82.   3558.    106.   1489.    777.   1033.    356.    274.    112.     81.     42.    210.   266.   549.   1.00     83.      0.     31.    125.    153.      6.
  160  74   1953.   1181.   3106.    716.   6956.    848.   1.01   8.12   1.00   0.36   0.42     94.   3601.    106.   1520.    777.   1033.    360.    331.    146.     30.     16.    210.   357.   641.   1.00     75.      0.     39.    156.    184.     13.
  170  74   1830.   1828.   4322.   1902.   9882.   1016.   1.14   7.63   1.00   0.34   0.09    100.   3615.    106.   1556.    777.   1033.    362.    338.    138.      0.      0.    210.   464.   747.   1.00     64.      0.     50.    198.    230.     20.
  180  74   1451.   2392.   5152.   3955.  12950.   1194.   1.27   6.05   1.00   0.32   0.09    100.   3630.    106.   1588.    777.   1033.    363.    319.    119.      0.      0.    210.   558.   842.   1.00     78.      0.     64.    256.    297.     26.
  190  74   1097.   2810.   5568.   5700.  15175.   1363.   1.39   4.58   1.00   0.33   0.09    100.   3672.    106.   1615.    778.   1033.    367.    330.    130.      0.      0.    210.   631.   916.   1.00     73.      0.     69.    275.    315.     30.
  200  74    810.   3123.   5641.   7358.  17048.   1532.   1.52   3.38   1.00   0.32   0.09    100.   3688.    106.   1643.    779.   1033.    369.    315.    115.      0.      0.    210.   703.   991.   1.00     73.      0.     69.    275.    311.     34.
  210  74    585.   3349.   4618.   8739.  18439.   1699.   1.64   2.44   1.00   0.30   0.09    100.   3700.    106.   1667.    780.   1033.    370.    301.    101.      0.      0.    210.   767.  1062.   1.00     73.      0.     69.    275.    300.     45.
  220  74    418.   3515.   3775.   9762.  19463.   1872.   1.77   1.74   1.00   0.28   0.09    100.   3709.    106.   1690.    783.   1033.    371.    283.     83.      0.      0.    210.   830.  1139.   1.00     73.      0.     69.    275.    291.     54.
  230  74    291.   3642.   3084.  10299.  20000.   2063.   1.91   1.22   1.00   0.32   0.09    100.   3766.    116.   1707.    790.   1033.    377.    320.    120.      0.      0.    210.   878.  1210.   1.00     73.      0.     69.    275.    284.     61.
  238  74    230.   3703.   2677.  10560.  20261.   2184.   2.00   0.96   1.00   0.31   0.09    100.   3768.    116.   1720.    794.   1033.    377.    305.    105.      0.      0.    210.   918.  1278.   1.00     73.      0.     69.    275.    280.     65.
  239  74      0.      0.      0.      0.      0.      0.   0.00   0.00   1.00   0.32   0.09    100.   3787.    116.   1720.    797.   1033.    379.    320.    120.      0.      0.    210.     0.     0.   1.00     73.      0.      0.      0.      0.      0.
  249  74      0.      0.      0.      0.      0.      0.   0.00   0.00   1.00   0.35   0.09    100.   3836.    116.   1720.    805.   1033.    384.    355.    155.      0.      0.    210.     0.     0.   1.00     73.      0.      0.      0.      0.      0.
  259  74      0.      0.      0.      0.      0.      0.   0.00   0.00   1.00   0.36   0.09    100.   3856.    116.   1720.    814.   1033.    386.    364.    164.      0.      0.    210.     0.     0.   1.00     73.      0.      0.      0.      0.      0.
  269  74      0.      0.      0.      0.      0.      0.   0.00   0.00   1.00   0.40   0.09    100.   3897.    116.   1720.    818.   1033.    390.    397.    197.      0.      0.    210.     0.     0.   1.00     73.      0.      0.      0.      0.      0.
  279  74      0.      0.      0.      0.      0.      0.   0.00   0.00   1.00   0.42   0.09    100.   3928.    116.   1720.    822.   1034.    393.    420.    220.      0.      0.    210.     0.     0.   1.00     73.      0.      0.      0.      0.      0.
  289  74      0.      0.      0.      0.      0.      0.   0.00   0.00   1.00   0.42   0.09    100.   3948.    116.   1720.    825.   1049.    395.    420.    220.      0.      0.    210.     0.     0.   1.00     73.      0.      0.      0.      0.      0.
  299  74      0.      0.      0.      0.      0.      0.   0.00   0.00   1.00   0.42   0.09    100.   3992.    116.   1720.    828.   1085.    399.    420.    220.      0.      0.    210.     0.     0.   1.00     73.      0.      0.      0.      0.      0.
  309  74      0.      0.      0.      0.      0.      0.   0.00   0.00   1.00   0.42   0.09    100.   4041.    116.   1720.    830.   1127.    404.    420.    220.      0.      0.    210.     0.     0.   1.00     73.      0.      0.      0.      0.      0.
  319  74      0.      0.      0.      0.      0.      0.   0.00   0.00   1.00   0.42   0.09    100.   4057.    116.   1720.    834.   1138.    406.    420.    220.      0.      0.    210.     0.     0.   1.00     73.      0.      0.      0.      0.      0.
  329  74      0.      0.      0.      0.      0.      0.   0.00   0.00   1.00   0.42   0.09    100.   4099.    116.   1720.    836.   1173.    410.    420.    220.      0.      0.    210.     0.     0.   1.00     73.      0.      0.      0.      0.      0.
  339  74      0.      0.      0.      0.      0.      0.   0.00   0.00   1.00   0.42   0.09    100.   4134.    116.   1720.    840.   1201.    413.    420.    220.      0.      0.    210.     0.     0.   1.00     73.      0.      0.      0.      0.      0.
  349  74      0.      0.      0.      0.      0.      0.   0.00   0.00   1.00   0.42   0.09    100.   4176.    116.   1720.    843.   1236.    418.    420.    220.      0.      0.    210.     0.     0.   1.00     73.      0.      0.      0.      0.      0.
  359  74      0.      0.      0.      0.      0.      0.   0.00   0.00   1.00   0.42   0.09    100.   4200.    116.   1720.    846.   1254.    420.    420.    220.      0.      0.    210.     0.     0.   1.00     73.      0.      0.      0.      0.      0.
    4  75      0.      0.      0.      0.      0.      0.   0.00   0.00   1.00   0.42   0.09    100.   4239.    116.   1720.    850.   1285.    424.    420.    220.      0.      0.    210.     0.     0.   1.00     73.      0.      0.      0.      0.      0.
   14  75      0.      0.      0.      0.      0.      0.   0.00   0.00   1.00   0.42   0.09    100.   4263.    116.   1720.    852.   1306.    426.    419.    219.      0.      0.    210.     0.     0.   1.00     73.      0.      0.      0.      0.      0.


Station=  WAGE , Soil=  2, Manage=  1, Rotat=  2 YrRot=  1 , NYear=  7 , NRot=  6 , Crop=  1, Irr.=  1, IOPT=  1,     Runof=0.10, CO2=550. , StYear=1969, StDay=  1

 Planting on day   0, 1975
 Crop emergence on day  20, 1975
 Wageningen, long rotation 2, soil2, future                                      

 DAY  YEAR  WLVG    WLVD    WST    WSO     TAGB    TSUML    DVS    LAI  TRANRF  SMACT  SMACTL   RD    TRAIN   TIRR   TTRANS  TESOIL  TDRAIN  TRUNOF    WTOT   WAVT    WTOTL     WAVTL  WTOTLX  PARAB    PAR    NNI   NMINT  NMIN    NUPT     NFIX   NLIV   NLOSS  
   20  75     68.      0.     37.      0.    105.      0.   0.00   0.14   1.00   0.42   0.42     10.   4278.    116.   1720.    855.   1316.    428.     42.     22.    483.    253.    105.     0.     0.   1.00      0.     30.      0.      0.      8.      0.
   30  75     77.      0.     41.      0.    118.      0.   0.00   0.26   1.00   0.42   0.42     22.   4320.    116.   1722.    861.   1346.    432.     87.     46.    438.    229.    105.     2.    14.   1.00      7.     22.      1.      0.      9.      0.
   40  75     88.      0.     48.      0.    136.      0.   0.00   0.44   1.00   0.42   0.42     34.   4332.    116.   1722.    863.   1355.    433.    136.     71.    387.    203.    105.     7.    40.   1.00     13.     15.      2.      0.     11.      0.
   50  75    107.      0.     57.      0.    164.      1.   0.00   0.68   1.00   0.42   0.42     46.   4350.    116.   1724.    866.   1366.    435.    188.     99.    337.    176.    105.    13.    63.   1.00     19.      8.      4.      0.     12.      0.
   60  75    138.      0.     75.      0.    213.      5.   0.01   0.82   1.00   0.41   0.42     58.   4350.    116.   1726.    868.   1366.    435.    234.    121.    286.    150.    105.    30.   108.   1.00     21.      0.      9.      0.     17.      0.
   70  75    220.      0.    119.      0.    339.     20.   0.03   0.99   1.00   0.42   0.42     70.   4374.    116.   1730.    872.   1376.    437.    289.    151.    236.    124.    105.    40.   133.   1.00     13.      0.     17.      0.     26.      0.
   80  75    234.      0.    126.      0.    360.     34.   0.05   1.02   1.00   0.42   0.42     82.   4393.    116.   1733.    875.   1387.    439.    339.    178.    186.     97.    105.    49.   152.   1.00     11.      0.     19.      0.     27.      0.
   90  75    293.      0.    158.      0.    451.     57.   0.08   1.15   1.00   0.42   0.42     94.   4427.    116.   1738.    880.   1408.    443.    389.    203.    135.     71.    105.    73.   202.   1.00      5.      0.     25.      0.     33.      0.
  100  75    328.      0.    176.      0.    505.     87.   0.12   1.22   1.00   0.42   0.42    106.   4447.    116.   1743.    886.   1414.    445.    440.    231.     85.     44.    105.    98.   251.   1.00      2.      0.     28.      0.     36.      0.
  110  75    460.      0.    241.      0.    700.    155.   0.21   1.50   1.00   0.42   0.42    118.   4474.    116.   1749.    891.   1427.    447.    491.    257.     34.     18.    105.   117.   286.   1.00     -6.      0.     36.      0.     44.      0.
  120  75   1311.      0.    661.      0.   1972.    261.   0.36   3.30   1.00   0.41   0.00    125.   4484.    116.   1763.    894.   1427.    448.    517.    267.      0.      0.    105.   173.   364.   1.00    -50.      0.     80.      0.     88.      0.
  130  75   2343.     70.   1544.      0.   3956.    376.   0.52   5.47   1.00   0.41   0.00    125.   4510.    116.   1785.    897.   1427.    451.    516.    266.      0.      0.    105.   248.   445.   1.00    -99.      0.    129.      0.    137.      0.
  140  75   2806.    464.   3073.      0.   6344.    510.   0.71   6.38   1.00   0.41   0.00    125.   4525.    116.   1807.    897.   1427.    453.    507.    257.      0.      0.    105.   325.   525.   1.00    -39.      0.    153.      0.    160.      2.
  150  75   2782.    973.   5539.      0.   9294.    636.   0.88   6.26   1.00   0.38   0.00    125.   4525.    116.   1838.    897.   1427.    453.    476.    226.      0.      0.    105.   422.   624.   1.00    -61.      0.    175.      0.    179.      4.
  160  75   2342.   1456.   7192.   1220.  12211.    758.   1.04   5.27   1.00   0.37   0.00    125.   4543.    116.   1868.    898.   1427.    454.    461.    211.      0.      0.    105.   519.   724.   1.00    -69.      0.    183.      0.    185.      6.
  170  75   1665.   2134.   7192.   4396.  15387.    935.   1.23   3.74   1.00   0.36   0.00    125.   4568.    116.   1901.    900.   1427.    457.    449.    199.      0.      0.    105.   609.   821.   1.00    -76.      0.    190.      0.    190.      9.
  180  75   1179.   2619.   7192.   7130.  18120.   1114.   1.42   2.65   1.00   0.37   0.00    125.   4611.    116.   1928.    903.   1427.    461.    457.    207.      0.      0.    105.   689.   915.   1.00    -53.      0.    195.      0.    193.     10.
  190  75    831.   2967.   6501.   9184.  20174.   1297.   1.61   1.87   1.00   0.36   0.00    125.   4637.    116.   1955.    910.   1427.    464.    447.    197.      0.      0.    105.   765.  1017.   1.00    -53.      0.    195.      0.    190.     14.
  200  75    568.   3230.   5312.  10048.  21038.   1502.   1.82   1.28   1.00   0.36   0.00    125.   4670.    116.   1974.    919.   1427.    467.    449.    199.      0.      0.    105.   813.  1094.   1.00    -53.      0.    195.      0.    186.     18.
  210  75    402.   3396.   4340.  10351.  21341.   1681.   2.01   0.90   1.00   0.36   0.00    125.   4704.    116.   1986.    931.   1427.    470.    455.    205.      0.      0.    105.   848.  1168.   1.00    -53.      0.    195.      0.    183.     21.
  211  75    402.   3396.   4340.  10351.  21341.   1681.   2.01   0.90   1.00   0.36   0.00    125.   4704.    116.   1988.    932.   1427.    470.    452.    202.      0.      0.    105.   848.  1168.   1.00    -53.      0.    195.      0.    183.     21.
  219  75      0.      0.      0.      0.      0.      0.   0.00   0.00   1.00   0.36   0.00    125.   4711.    116.   1988.    946.   1427.    471.    444.    194.      0.      0.    105.     0.     0.   1.00    -53.      0.      0.      0.      0.      0.
  229  75      0.      0.      0.      0.      0.      0.   0.00   0.00   1.00   0.36   0.00    125.   4736.    116.   1988.    962.   1427.    474.    452.    202.      0.      0.    105.     0.     0.   1.00    -53.      0.      0.      0.      0.      0.
  239  75      0.      0.      0.      0.      0.      0.   0.00   0.00   1.00   0.37   0.00    125.   4757.    116.   1988.    972.   1427.    476.    460.    210.      0.      0.    105.     0.     0.   1.00    -53.      0.      0.      0.      0.      0.
  249  75      0.      0.      0.      0.      0.      0.   0.00   0.00   1.00   0.37   0.00    125.   4761.    116.   1988.    978.   1427.    476.    457.    207.      0.      0.    105.     0.     0.   1.00    -53.      0.      0.      0.      0.      0.
  259  75      0.      0.      0.      0.      0.      0.   0.00   0.00   1.00   0.39   0.00    125.   4799.    116.   1988.    988.   1427.    480.    482.    232.      0.      0.    105.     0.     0.   1.00    -53.      0.      0.      0.      0.      0.
  269  75      0.      0.      0.      0.      0.      0.   0.00   0.00   1.00   0.40   0.00    125.   4820.    116.   1988.    994.   1427.    482.    494.    244.      0.      0.    105.     0.     0.   1.00    -53.      0.      0.      0.      0.      0.
  279  75      0.      0.      0.      0.      0.      0.   0.00   0.00   1.00   0.40   0.00    125.   4833.    116.   1988.   1002.   1427.    483.    498.    248.      0.      0.    105.     0.     0.   1.00    -53.      0.      0.      0.      0.      0.
  289  75      0.      0.      0.      0.      0.      0.   0.00   0.00   1.00   0.40   0.00    125.   4842.    116.   1988.   1005.   1427.    484.    503.    253.      0.      0.    105.     0.     0.   1.00    -53.      0.      0.      0.      0.      0.
  299  75      0.      0.      0.      0.      0.      0.   0.00   0.00   1.00   0.40   0.00    125.   4844.    116.   1988.   1006.   1427.    484.    504.    254.      0.      0.    105.     0.     0.   1.00    -53.      0.      0.      0.      0.      0.
  309  75      0.      0.      0.      0.      0.      0.   0.00   0.00   1.00   0.41   0.00    125.   4852.    116.   1988.   1007.   1427.    485.    510.    260.      0.      0.    105.     0.     0.   1.00    -53.      0.      0.      0.      0.      0.
  319  75      0.      0.      0.      0.      0.      0.   0.00   0.00   1.00   0.41   0.00    125.   4858.    116.   1988.   1008.   1427.    486.    515.    265.      0.      0.    105.     0.     0.   1.00    -53.      0.      0.      0.      0.      0.
  329  75      0.      0.      0.      0.      0.      0.   0.00   0.00   1.00   0.42   0.00    125.   4895.    116.   1988.   1010.   1449.    490.    525.    275.      0.      0.    105.     0.     0.   1.00    -53.      0.      0.      0.      0.      0.
  339  75      0.      0.      0.      0.      0.      0.   0.00   0.00   1.00   0.42   0.00    125.   4940.    116.   1988.   1012.   1487.    494.    525.    275.      0.      0.    105.     0.     0.   1.00    -53.      0.      0.      0.      0.      0.
  349  75      0.      0.      0.      0.      0.      0.   0.00   0.00   1.00   0.42   0.00    125.   4944.    116.   1988.   1012.   1490.    494.    525.    275.      0.      0.    105.     0.     0.   1.00    -53.      0.      0.      0.      0.      0.
  359  75      0.      0.      0.      0.      0.      0.   0.00   0.00   1.00   0.42   0.00    125.   4949.    116.   1988.   1013.   1494.    495.    525.    275.      0.      0.    105.     0.     0.   1.00    -53.      0.      0.      0.      0.      0.
    1  76      0.      0.      0.      0.      0.      0.   0.00   0.00   1.00   0.42   0.00    125.   4967.    116.   1988.   1015.   1509.    497.    525.    275.      0.      0.    105.     0.     0.   1.00    -53.      0.      0.      0.      0.      0.


DATA-FILE  WARO1PTS.OUT


Name of run: WARO5


Station=  WAGE , Soil=  2, Manage=  1, Rotat=  3 YrRot=  1 , NYear=  7 , NRot=  6 , Crop=  1, Irr.=  2, IOPT=  2,     Runof=0.10, CO2=550. , StYear=1969, StDay=  1

 DAY  YEAR  WLVG    WLVD    WST    WSO     TAGB    TSUML    DVS    LAI  TRANRF  SMACT  SMACTL   RD    TRAIN   TIRR   TTRANS  TESOIL  TDRAIN  TRUNOF    WTOT   WAVT    WTOTL      WAVTL WTOTLX  PARAB    PAR    NNI   NMINT  NMIN    NUPT       NFIX   NLIV   NLOSS  
    1  69      0.      0.      0.      0.      0.      0.   0.00   0.00   1.00   0.37   0.37     10.   4967.    116.   1988.   1015.   1509.    497.    525.    275.      0.      0.    105.     0.     0.   1.00    -53.      0.      0.      0.      0.      0.
    3  69      0.      0.      0.      0.      0.      0.   0.00   0.00   1.00   0.40   0.37     10.      3.      0.      0.      0.      0.      0.     40.     20.    426.    196.     92.     0.     0.   1.00    -53.      0.      0.      0.      0.      0.
   13  69      0.      0.      0.      0.      0.      0.   0.00   0.00   1.00   0.40   0.37     10.      5.      0.      0.      1.      0.      0.     40.     20.    426.    196.     92.     0.     0.   1.00    -53.      0.      0.      0.      0.      0.


Station=  WAGE , Soil=  2, Manage=  1, Rotat=  3 YrRot=  1 , NYear=  7 , NRot=  6 , Crop=  1, Irr.=  2, IOPT=  2,     Runof=0.10, CO2=550. , StYear=1969, StDay=  1

 Planting on day   0, 1969
 Crop emergence on day  20, 1969
 Wageningen, long rotation 3, soil2, future                                      

 DAY  YEAR  WLVG    WLVD    WST    WSO     TAGB    TSUML    DVS    LAI  TRANRF  SMACT  SMACTL   RD    TRAIN   TIRR   TTRANS  TESOIL  TDRAIN  TRUNOF    WTOT   WAVT    WTOTL     WAVTL  WTOTLX  PARAB    PAR    NNI   NMINT  NMIN    NUPT     NFIX   NLIV   NLOSS  
   20  69     68.      0.     37.      0.    105.      0.   0.00   0.14   1.00   0.42   0.38     10.     18.      0.      0.      3.      0.      2.     42.     22.    433.    203.     94.     0.     0.   1.00      0.     30.      0.      0.      8.      0.
   30  69     75.      0.     41.      0.    116.      0.   0.00   0.29   1.00   0.41   0.38     22.     34.      0.      0.      4.      0.      3.     86.     45.    401.    192.     94.     1.    10.   1.00      7.     22.      1.      0.      9.      0.
   40  69     84.      0.     45.      0.    129.      0.   0.00   0.43   1.00   0.42   0.39     34.     50.      0.      1.      7.      0.      5.    137.     72.    360.    176.     94.     4.    27.   1.00     13.     15.      2.      0.     10.      0.
   50  69     84.      0.     45.      0.    129.      0.   0.00   0.43   1.00   0.42   0.41     46.     69.      0.      1.      8.      0.      7.    188.     98.    326.    165.     94.    10.    53.   1.00     21.      8.      2.      0.     10.      0.
   60  69     98.      0.     53.      0.    151.      1.   0.00   0.58   1.00   0.42   0.42     58.     80.      0.      3.     11.      0.      8.    236.    122.    283.    147.     94.    16.    75.   1.00     26.      0.      4.      0.     12.      0.
   70  69    108.      0.     58.      0.    166.      6.   0.01   0.76   1.00   0.41   0.42     70.     83.      0.      5.     13.      0.      8.    284.    146.    233.    121.     94.    31.   119.   1.00     25.      0.      5.      0.     13.      0.
   80  69    132.      0.     71.      0.    203.     17.   0.02   0.81   1.00   0.42   0.42     82.    119.      0.      8.     16.      9.     12.    338.    177.    186.     97.    105.    39.   140.   1.00     23.      0.      7.      0.     15.      0.
   90  69    142.      0.     76.      0.    219.     32.   0.04   0.83   1.00   0.42   0.42     94.    126.      0.     13.     20.      9.     13.    387.    201.    135.     71.    105.    58.   190.   1.00     21.      0.      9.      0.     17.      0.
  100  69    435.      0.    233.      0.    668.     96.   0.13   1.45   1.00   0.40   0.42    106.    138.      0.     24.     27.     15.     14.    423.    213.     85.     44.    105.    93.   266.   1.00     -3.      0.     33.      0.     42.      0.
  110  69    667.      0.    346.      0.   1013.    154.   0.21   1.94   1.00   0.42   0.42    118.    184.      0.     37.     35.     22.     18.    487.    254.     34.     18.    105.   132.   326.   1.00    -26.      0.     56.      0.     64.      0.
  120  69   1424.      0.    727.      0.   2152.    249.   0.35   3.55   1.00   0.41   0.02    125.    212.      0.     52.     39.     32.     21.    518.    268.      0.      0.    105.   187.   397.   1.00    -62.      0.     92.      0.    100.      0.
  130  69   2265.     54.   1492.      0.   3811.    386.   0.54   5.32   1.00   0.40   0.02    125.    218.      0.     75.     41.     32.     22.    499.    249.      0.      0.    105.   252.   469.   1.00    -93.      0.    123.      0.    131.      0.
  140  69   2588.    389.   2870.      0.   5848.    545.   0.76   5.94   1.00   0.40   0.02    125.    257.      0.    105.     42.     32.     26.    503.    253.      0.      0.    105.   319.   537.   1.00    -30.      0.    144.      0.    151.      2.
  150  69   2503.    752.   5333.      0.   8589.    693.   0.96   5.70   1.00   0.39   0.02    125.    275.      0.    136.     43.     32.     28.    487.    237.      0.      0.    105.   402.   623.   1.00    -45.      0.    159.      0.    164.      3.
  160  69   1961.   1295.   5595.   2264.  11115.    833.   1.12   4.46   1.00   0.39   0.02    125.    316.      0.    166.     44.     32.     32.    493.    243.      0.      0.    105.   475.   700.   1.00    -47.      0.    161.      0.    164.      5.
  170  69   1353.   1903.   5595.   6011.  14862.   1031.   1.33   3.08   1.00   0.38   0.02    125.    331.     20.    213.     47.     32.     33.    476.    226.      0.      0.    105.   581.   818.   1.00    -57.      0.    171.      0.    172.      8.
  180  69    970.   2285.   5595.   7912.  16763.   1202.   1.51   2.21   1.00   0.37   0.02    125.    346.     20.    238.     52.     32.     35.    459.    209.      0.      0.    105.   642.   894.   1.00    -29.      0.    171.      0.    170.      9.
  190  69    685.   2571.   4572.   9251.  18102.   1384.   1.70   1.56   1.00   0.36   0.02    125.    365.     20.    261.     59.     32.     37.    447.    197.      0.      0.    105.   700.   979.   1.00    -29.      0.    171.      0.    167.     13.
  200  69    484.   2772.   3736.   9883.  18734.   1566.   1.89   1.10   1.00   0.34   0.02    125.    376.     20.    279.     69.     32.     38.    428.    178.      0.      0.    105.   744.  1060.   1.00    -29.      0.    171.      0.    163.     16.
  206  69    397.   2859.   3377.  10067.  18918.   1673.   2.00   0.90   1.00   0.35   0.02    125.    389.     40.    292.     81.     32.     39.    436.    186.      0.      0.    105.   768.  1112.   1.00    -29.      0.    171.      0.    162.     18.
  209  69      0.      0.      0.      0.      0.      0.   0.00   0.00   1.00   0.35   0.02    125.    389.     40.    292.     85.     32.     39.    431.    181.      0.      0.    105.     0.     0.   1.00    -29.      0.      0.      0.      0.      0.
  219  69      0.      0.      0.      0.      0.      0.   0.00   0.00   1.00   0.34   0.02    125.    406.     40.    292.    101.     32.     41.    430.    180.      0.      0.    105.     0.     0.   1.00    -29.      0.      0.      0.      0.      0.
  229  69      0.      0.      0.      0.      0.      0.   0.00   0.00   1.00   0.35   0.02    125.    434.     40.    292.    120.     32.     43.    437.    187.      0.      0.    105.     0.     0.   1.00    -29.      0.      0.      0.      0.      0.
  239  69      0.      0.      0.      0.      0.      0.   0.00   0.00   1.00   0.39   0.02    125.    506.     40.    292.    134.     32.     51.    488.    238.      0.      0.    105.     0.     0.   1.00    -29.      0.      0.      0.      0.      0.
  249  69      0.      0.      0.      0.      0.      0.   0.00   0.00   1.00   0.39   0.02    125.    518.     40.    292.    143.     32.     52.    490.    240.      0.      0.    105.     0.     0.   1.00    -29.      0.      0.      0.      0.      0.
  259  69      0.      0.      0.      0.      0.      0.   0.00   0.00   1.00   0.39   0.02    125.    518.     40.    292.    147.     32.     52.    486.    236.      0.      0.    105.     0.     0.   1.00    -29.      0.      0.      0.      0.      0.
  269  69      0.      0.      0.      0.      0.      0.   0.00   0.00   1.00   0.39   0.02    125.    524.     40.    292.    152.     32.     52.    486.    236.      0.      0.    105.     0.     0.   1.00    -29.      0.      0.      0.      0.      0.
  279  69      0.      0.      0.      0.      0.      0.   0.00   0.00   1.00   0.39   0.02    125.    531.     40.    292.    158.     32.     53.    487.    237.      0.      0.    105.     0.     0.   1.00    -29.      0.      0.      0.      0.      0.
  289  69      0.      0.      0.      0.      0.      0.   0.00   0.00   1.00   0.39   0.02    125.    532.     40.    292.    159.     32.     53.    486.    236.      0.      0.    105.     0.     0.   1.00    -29.      0.      0.      0.      0.      0.
  299  69      0.      0.      0.      0.      0.      0.   0.00   0.00   1.00   0.39   0.02    125.    545.     40.    292.    164.     32.     55.    493.    243.      0.      0.    105.     0.     0.   1.00    -29.      0.      0.      0.      0.      0.
  309  69      0.      0.      0.      0.      0.      0.   0.00   0.00   1.00   0.40   0.02    125.    554.     40.    292.    167.     32.     55.    498.    248.      0.      0.    105.     0.     0.   1.00    -29.      0.      0.      0.      0.      0.
  319  69      0.      0.      0.      0.      0.      0.   0.00   0.00   1.00   0.42   0.02    125.    592.     40.    292.    171.     34.     59.    525.    275.      0.      0.    105.     0.     0.   1.00    -29.      0.      0.      0.      0.      0.
  329  69      0.      0.      0.      0.      0.      0.   0.00   0.00   1.00   0.42   0.02    125.    599.     40.    292.    174.     38.     60.    525.    275.      0.      0.    105.     0.     0.   1.00    -29.      0.      0.      0.      0.      0.
  339  69      0.      0.      0.      0.      0.      0.   0.00   0.00   1.00   0.42   0.02    125.    611.     40.    292.    174.     49.     61.    525.    275.      0.      0.    105.     0.     0.   1.00    -29.      0.      0.      0.      0.      0.
  349  69      0.      0.      0.      0.      0.      0.   0.00   0.00   1.00   0.42   0.02    125.    621.     40.    292.    175.     58.     62.    525.    275.      0.      0.    105.     0.     0.   1.00    -29.      0.      0.      0.      0.      0.
  359  69      0.      0.      0.      0.      0.      0.   0.00   0.00   1.00   0.42   0.02    125.    643.     40.    292.    175.     77.     64.    525.    275.      0.      0.    105.     0.     0.   1.00    -29.      0.      0.      0.      0.      0.
    4  70      0.      0.      0.      0.      0.      0.   0.00   0.00   1.00   0.42   0.02    125.    648.     40.    292.    175.     81.     65.    525.    275.      0.      0.    105.     0.     0.   1.00    -29.      0.      0.      0.      0.      0.
   14  70      0.      0.      0.      0.      0.      0.   0.00   0.00   1.00   0.42   0.02    125.    658.     40.    292.    177.     88.     66.    525.    275.      0.      0.    105.     0.     0.   1.00    -29.      0.      0.      0.      0.      0.
   20  70      0.      0.      0.      0.      0.      0.   0.00   0.00   1.00   0.42   0.02    125.    663.     40.    292.    177.     93.     66.    525.    275.      0.      0.    105.     0.     0.   1.00    -29.      0.      0.      0.      0.      0.
   24  70      0.      0.      0.      0.      0.      0.   0.00   0.00   1.00   0.42   0.02    125.    668.     40.    292.    177.     98.     67.    525.    275.      0.      0.    105.     0.     0.   1.00    -29.      0.      0.      0.      0.      0.
   34  70      0.      0.      0.      0.      0.      0.   0.00   0.00   1.00   0.42   0.02    125.    700.     40.    292.    178.    126.     70.    525.    275.      0.      0.    105.     0.     0.   1.00    -29.      0.      0.      0.      0.      0.
   44  70      0.      0.      0.      0.      0.      0.   0.00   0.00   1.00   0.42   0.02    125.    727.     40.    292.    180.    147.     73.    525.    275.      0.      0.    105.     0.     0.   1.00    -29.      0.      0.      0.      0.      0.
   54  70      0.      0.      0.      0.      0.      0.   0.00   0.00   1.00   0.42   0.02    125.    777.     40.    292.    182.    191.     78.    525.    275.      0.      0.    105.     0.     0.   1.00    -29.      0.      0.      0.      0.      0.
   64  70      0.      0.      0.      0.      0.      0.   0.00   0.00   1.00   0.42   0.02    125.    795.     40.    292.    185.    204.     80.    525.    275.      0.      0.    105.     0.     0.   1.00    -29.      0.      0.      0.      0.      0.
   74  70      0.      0.      0.      0.      0.      0.   0.00   0.00   1.00   0.42   0.02    125.    799.     40.    292.    187.    207.     80.    524.    274.      0.      0.    105.     0.     0.   1.00    -29.      0.      0.      0.      0.      0.
   84  70      0.      0.      0.      0.      0.      0.   0.00   0.00   1.00   0.42   0.02    125.    822.     40.    292.    191.    223.     82.    525.    275.      0.      0.    105.     0.     0.   1.00    -29.      0.      0.      0.      0.      0.
   94  70      0.      0.      0.      0.      0.      0.   0.00   0.00   1.00   0.42   0.02    125.    854.     40.    292.    198.    244.     85.    524.    274.      0.      0.    105.     0.     0.   1.00    -29.      0.      0.      0.      0.      0.


Station=  WAGE , Soil=  2, Manage=  1, Rotat=  3 YrRot=  2 , NYear=  7 , NRot=  6 , Crop=  2, Irr.=  2, IOPT=  2,     Runof=0.10, CO2=550. , StYear=1969, StDay=  1

 Planting on day 100, 1970
 Crop emergence on day   0, 1970
 Wageningen, long rotation 3, soil2, future                                      

 DAY  YEAR  WLVG    WLVD    WST    WSO     TAGB    TSUML    DVS    LAI  TRANRF  SMACT  SMACTL   RD    TRAIN   TIRR   TTRANS  TESOIL  TDRAIN  TRUNOF    WTOT   WAVT    WTOTL     WAVTL  WTOTLX  PARAB    PAR    NNI   NMINT  NMIN    NUPT     NFIX   NLIV   NLOSS  
  100  70      0.      0.      0.      0.      0.      0.   0.00   0.00   1.00   0.42   0.42     10.    883.     40.    292.    202.    265.     88.     42.     22.    462.    242.    126.     0.     0.   1.00      0.     30.      0.      0.      0.      0.
  110  70      0.      0.      0.      0.      0.      0.   0.00   0.00   1.00   0.38   0.42     10.    898.     40.    292.    215.    269.     90.     38.     18.    462.    242.    126.     0.    48.   1.00      0.     30.      0.      0.      0.      0.
  114  70      0.      0.      0.      0.      0.      0.   0.00   0.00   1.00   0.41   0.42     10.    905.     40.    292.    219.    269.     90.     41.     21.    462.    242.    126.     0.    61.   1.00      0.     30.      0.      0.      0.      0.
  120  70      1.      0.      0.      0.      1.     40.   0.06   0.00   1.00   0.41   0.42     17.    929.     40.    292.    233.    277.     93.     66.     34.    437.    229.    126.     0.   102.   1.00      4.     26.      0.      0.      0.      0.
  130  70      4.      0.      1.      0.      4.    151.   0.23   0.01   1.00   0.38   0.42     29.    935.     40.    292.    247.    277.     94.    107.     51.    386.    202.    126.     0.   186.   1.00     12.     18.      0.      0.      0.      0.
  140  70     20.      0.      7.      0.     26.    282.   0.43   0.04   1.00   0.38   0.42     41.    942.     40.    293.    259.    277.     94.    152.     72.    336.    176.    126.     1.   266.   1.00    102.     10.      1.      0.      1.      0.
  150  70     97.      0.     46.      0.    143.    389.   0.60   0.19   1.00   0.38   0.42     53.    950.     40.    294.    270.    277.     95.    197.     93.    286.    150.    126.     6.   346.   1.00    105.      3.      6.      0.      6.      0.
  160  70    625.      0.    398.      0.   1023.    529.   0.81   1.25   1.00   0.36   0.42     65.    951.     40.    307.    277.    277.     95.    229.    101.    235.    123.    126.    40.   457.   1.00     77.      0.     37.      0.     37.      0.
  170  70   1951.      2.   1599.     22.   3574.    682.   1.03   3.90   1.00   0.35   0.42     77.    960.     60.    340.    286.    277.     96.    266.    114.    185.     97.    126.   131.   575.   1.00    -11.      0.    125.      0.    125.      0.
  180  70   2820.    176.   2682.    714.   6392.    852.   1.16   5.64   1.00   0.32   0.42     89.    968.     60.    377.    287.    277.     97.    285.    109.    134.     70.    126.   221.   669.   1.00    -69.      0.    211.      0.    207.      4.
  190  70   2883.    528.   3174.   2042.   8626.    997.   1.26   5.77   1.00   0.35   0.42    101.   1018.     60.    406.    287.    277.    102.    350.    150.     84.     44.    126.   285.   734.   1.00    -99.      0.    241.      0.    229.     13.
  200  70   2393.   1188.   3473.   4199.  11253.   1141.   1.36   4.79   1.00   0.37   0.42    113.   1071.     60.    437.    288.    277.    107.    418.    194.     34.     18.    126.   359.   810.   1.00   -123.      0.    265.      0.    237.     29.
  210  70   1787.   1890.   3665.   5832.  13175.   1286.   1.47   3.58   1.00   0.39   0.00    120.   1100.     80.    462.    289.    277.    110.    471.    231.      0.      0.    126.   415.   869.   1.00   -139.      0.    281.      0.    235.     45.
  220  70   1319.   2491.   3422.   8070.  15807.   1460.   1.59   2.64   1.00   0.37   0.00    120.   1107.     80.    492.    291.    277.    111.    446.    206.      0.      0.    126.   495.   959.   1.00   -144.      0.    286.      0.    216.     71.
  230  70   1010.   2887.   2941.   9588.  17572.   1609.   1.70   2.02   1.00   0.39   0.00    120.   1130.    100.    512.    295.    277.    113.    462.    222.      0.      0.    126.   549.  1027.   1.00   -144.      0.    286.      0.    192.     94.
  240  70    785.   3193.   2513.  11002.  19188.   1759.   1.80   1.57   1.00   0.37   0.00    120.   1139.    100.    530.    300.    277.    114.    447.    207.      0.      0.    126.   599.  1098.   1.00   -144.      0.    286.      0.    173.    113.
  250  70    621.   3428.   2130.  12258.  20601.   1902.   1.91   1.24   1.00   0.36   0.00    120.   1142.    100.    547.    304.    277.    114.    429.    189.      0.      0.    126.   643.  1168.   1.00   -144.      0.    286.      0.    157.    129.
  260  70    477.   3608.   1774.  12909.  21324.   2040.   2.00   0.95   1.00   0.40   0.00    120.   1216.    100.    558.    313.    277.    122.    475.    235.      0.      0.    126.   665.  1209.   1.00   -144.      0.    286.      0.    145.    142.
  261  70    477.   3608.   1774.  12909.  21324.   2040.   2.00   0.95   1.00   0.39   0.00    120.   1216.    100.    559.    314.    277.    122.    474.    234.      0.      0.    126.   665.  1209.   1.00   -144.      0.    286.      0.    145.    142.
  269  70      0.      0.      0.      0.      0.      0.   0.00   0.00   1.00   0.39   0.00    120.   1216.    100.    559.    317.    277.    122.    471.    231.      0.      0.    126.     0.     0.   1.00   -144.      0.      0.      0.      0.      0.
  279  70      0.      0.      0.      0.      0.      0.   0.00   0.00   1.00   0.41   0.00    120.   1250.    100.    559.    323.    277.    125.    495.    255.      0.      0.    126.     0.     0.   1.00   -144.      0.      0.      0.      0.      0.
  289  70      0.      0.      0.      0.      0.      0.   0.00   0.00   1.00   0.41   0.00    120.   1253.    100.    559.    325.    277.    125.    496.    256.      0.      0.    126.     0.     0.   1.00   -144.      0.      0.      0.      0.      0.
  299  70      0.      0.      0.      0.      0.      0.   0.00   0.00   1.00   0.42   0.00    120.   1285.    100.    559.    328.    295.    128.    504.    264.      0.      0.    126.     0.     0.   1.00   -144.      0.      0.      0.      0.      0.
  309  70      0.      0.      0.      0.      0.      0.   0.00   0.00   1.00   0.42   0.00    120.   1348.    100.    559.    332.    348.    135.    504.    264.      0.      0.    126.     0.     0.   1.00   -144.      0.      0.      0.      0.      0.
  319  70      0.      0.      0.      0.      0.      0.   0.00   0.00   1.00   0.42   0.00    120.   1361.    100.    559.    334.    357.    136.    504.    264.      0.      0.    126.     0.     0.   1.00   -144.      0.      0.      0.      0.      0.
  329  70      0.      0.      0.      0.      0.      0.   0.00   0.00   1.00   0.42   0.00    120.   1384.    100.    559.    337.    375.    138.    504.    264.      0.      0.    126.     0.     0.   1.00   -144.      0.      0.      0.      0.      0.
  339  70      0.      0.      0.      0.      0.      0.   0.00   0.00   1.00   0.42   0.00    120.   1422.    100.    559.    338.    408.    142.    504.    264.      0.      0.    126.     0.     0.   1.00   -144.      0.      0.      0.      0.      0.
  349  70      0.      0.      0.      0.      0.      0.   0.00   0.00   1.00   0.42   0.00    120.   1431.    100.    559.    338.    416.    143.    504.    264.      0.      0.    126.     0.     0.   1.00   -144.      0.      0.      0.      0.      0.
  359  70      0.      0.      0.      0.      0.      0.   0.00   0.00   1.00   0.42   0.00    120.   1436.    100.    559.    339.    420.    144.    504.    264.      0.      0.    126.     0.     0.   1.00   -144.      0.      0.      0.      0.      0.
    4  71      0.      0.      0.      0.      0.      0.   0.00   0.00   1.00   0.42   0.00    120.   1442.    100.    559.    339.    425.    144.    504.    264.      0.      0.    126.     0.     0.   1.00   -144.      0.      0.      0.      0.      0.
   14  71      0.      0.      0.      0.      0.      0.   0.00   0.00   1.00   0.42   0.00    120.   1444.    100.    559.    339.    427.    144.    504.    264.      0.      0.    126.     0.     0.   1.00   -144.      0.      0.      0.      0.      0.
   24  71      0.      0.      0.      0.      0.      0.   0.00   0.00   1.00   0.42   0.00    120.   1469.    100.    559.    340.    448.    147.    504.    264.      0.      0.    126.     0.     0.   1.00   -144.      0.      0.      0.      0.      0.
   34  71      0.      0.      0.      0.      0.      0.   0.00   0.00   1.00   0.42   0.00    120.   1502.    100.    559.    342.    476.    150.    504.    264.      0.      0.    126.     0.     0.   1.00   -144.      0.      0.      0.      0.      0.
   44  71      0.      0.      0.      0.      0.      0.   0.00   0.00   1.00   0.42   0.00    120.   1509.    100.    559.    343.    481.    151.    504.    264.      0.      0.    126.     0.     0.   1.00   -144.      0.      0.      0.      0.      0.
   54  71      0.      0.      0.      0.      0.      0.   0.00   0.00   1.00   0.42   0.00    120.   1532.    100.    559.    345.    500.    153.    504.    264.      0.      0.    126.     0.     0.   1.00   -144.      0.      0.      0.      0.      0.
   64  71      0.      0.      0.      0.      0.      0.   0.00   0.00   1.00   0.42   0.00    120.   1537.    100.    559.    347.    503.    154.    504.    264.      0.      0.    126.     0.     0.   1.00   -144.      0.      0.      0.      0.      0.
   74  71      0.      0.      0.      0.      0.      0.   0.00   0.00   1.00   0.42   0.00    120.   1550.    100.    559.    350.    512.    155.    504.    264.      0.      0.    126.     0.     0.   1.00   -144.      0.      0.      0.      0.      0.
   84  71      0.      0.      0.      0.      0.      0.   0.00   0.00   1.00   0.42   0.00    120.   1570.    100.    559.    356.    524.    157.    504.    264.      0.      0.    126.     0.     0.   1.00   -144.      0.      0.      0.      0.      0.
   94  71      0.      0.      0.      0.      0.      0.   0.00   0.00   1.00   0.42   0.00    120.   1573.    100.    559.    359.    524.    157.    502.    262.      0.      0.    126.     0.     0.   1.00   -144.      0.      0.      0.      0.      0.
  104  71      0.      0.      0.      0.      0.      0.   0.00   0.00   1.00   0.42   0.00    120.   1573.    100.    559.    361.    524.    157.    501.    261.      0.      0.    126.     0.     0.   1.00   -144.      0.      0.      0.      0.      0.
  114  71      0.      0.      0.      0.      0.      0.   0.00   0.00   1.00   0.42   0.00    120.   1580.    100.    559.    366.    524.    158.    503.    263.      0.      0.    126.     0.     0.   1.00   -144.      0.      0.      0.      0.      0.


Station=  WAGE , Soil=  2, Manage=  1, Rotat=  3 YrRot=  3 , NYear=  7 , NRot=  6 , Crop=  3, Irr.=  2, IOPT=  2,     Runof=0.10, CO2=550. , StYear=1969, StDay=  1

 Planting on day 120, 1971
 Crop emergence on day   0, 1971
 Wageningen, long rotation 3, soil2, future                                      

 DAY  YEAR  WLVG    WLVD    WST    WSO     TAGB    TSUML    DVS    LAI  TRANRF  SMACT  SMACTL   RD    TRAIN   TIRR   TTRANS  TESOIL  TDRAIN  TRUNOF    WTOT   WAVT    WTOTL     WAVTL  WTOTLX  PARAB    PAR    NNI   NMINT  NMIN    NUPT     NFIX   NLIV   NLOSS  
  120  71     19.      0.     11.      0.     30.      0.   0.00   0.05   1.00   0.41   0.42     10.   1592.    100.    559.    371.    531.    159.     41.     21.    377.    197.    210.     0.     0.   1.00      0.     30.      0.      0.      2.      0.
  130  71     19.      0.     11.      0.     30.      0.   0.00   0.05   1.00   0.34   0.42     10.   1599.    100.    560.    384.    531.    160.     34.     14.    377.    197.    210.     0.   104.   1.00      0.     30.      0.      0.      2.      0.
  132  71     19.      0.     11.      0.     30.      0.   0.00   0.05   0.97   0.27   0.42     10.   1599.    100.    560.    390.    531.    160.     27.      7.    377.    197.    210.     0.   129.   1.00      0.     30.      0.      0.      2.      0.
  140  71    101.      0.     62.      0.    164.     95.   0.14   0.29   1.00   0.40   0.42     20.   1642.    100.    561.    410.    535.    164.     73.     36.    343.    180.    210.     5.   196.   1.00     84.     24.      6.      0.      8.      0.
  150  71    458.      0.    281.      0.    739.    187.   0.27   1.21   1.00   0.39   0.42     32.   1660.    100.    569.    425.    535.    166.    119.     58.    292.    153.    210.    28.   276.   1.00     69.     16.     28.      0.     30.      0.
  160  71   1930.      0.   1292.      0.   3222.    309.   0.44   4.12   1.00   0.32   0.42     44.   1660.    100.    597.    430.    535.    166.    135.     50.    242.    127.    210.   104.   380.   1.00    -13.      9.    118.      0.    120.      0.
  170  71   2563.    133.   2145.      0.   4841.    399.   0.57   5.16   1.00   0.42   0.42     56.   1720.    120.    621.    432.    540.    172.    228.    120.    192.    100.    210.   162.   441.   1.00    -40.      2.    153.      0.    154.      1.
  180  71   3121.    452.   3745.      0.   7318.    502.   0.72   5.81   1.00   0.41   0.42     68.   1758.    120.    649.    433.    550.    176.    275.    142.    141.     74.    210.   230.   512.   1.00    -42.      0.    184.      0.    183.      2.
  190  71   3514.    935.   6928.      0.  11377.    630.   0.91   6.03   1.00   0.36   0.42     80.   1760.    120.    689.    433.    550.    176.    285.    129.     91.     48.    210.   339.   624.   1.00    -65.      0.    207.      0.    205.      5.
  200  71   3195.   1775.   9715.    504.  15189.    753.   1.07   5.25   1.00   0.33   0.42     92.   1760.    120.    725.    434.    550.    176.    300.    120.     40.     21.    210.   433.   721.   1.00    -85.      0.    227.      0.    219.      9.
  210  71   2355.   2779.  10386.   2150.  17671.    886.   1.22   3.81   1.00   0.36   0.09    100.   1789.    140.    750.    435.    550.    179.    360.    160.      0.      0.    210.   497.   789.   1.00    -93.      0.    235.      0.    223.     15.
  220  71   1606.   3529.  10386.   5388.  20909.   1033.   1.39   2.60   1.00   0.35   0.09    100.   1813.    140.    780.    439.    550.    181.    348.    148.      0.      0.    210.   567.   871.   1.00    -97.      0.    239.      0.    222.     19.
  230  71   1137.   3997.   9975.   6964.  22484.   1153.   1.53   1.84   1.00   0.35   0.09    100.   1823.    160.    798.    444.    550.    182.    355.    155.      0.      0.    210.   612.   932.   1.00    -97.      0.    239.      0.    218.     23.
  240  71    787.   4347.   8150.   8679.  24200.   1289.   1.69   1.27   1.00   0.35   0.09    100.   1852.    160.    815.    453.    550.    185.    354.    154.      0.      0.    210.   656.  1006.   1.00    -97.      0.    239.      0.    210.     31.
  250  71    561.   4573.   6659.   9546.  25066.   1404.   1.82   0.91   1.00   0.34   0.09    100.   1857.    160.    827.    459.    550.    186.    340.    140.      0.      0.    210.   687.  1069.   1.00    -97.      0.    239.      0.    204.     37.
  260  71    424.   4710.   5441.   9877.  25397.   1483.   1.92   0.69   1.00   0.33   0.09    100.   1858.    160.    835.    462.    550.    186.    330.    130.      0.      0.    210.   712.  1136.   1.00    -97.      0.    239.      0.    199.     42.
  269  71    332.   4802.   4629.   9967.  25488.   1558.   2.00   0.54   1.00   0.33   0.09    100.   1869.    160.    839.    466.    550.    187.    332.    132.      0.      0.    210.   726.  1182.   1.00    -97.      0.    239.      0.    196.     45.
  269  71      0.      0.      0.      0.      0.      0.   0.00   0.00   1.00   0.33   0.09    100.   1869.    160.    839.    467.    550.    187.    332.    132.      0.      0.    210.     0.     0.   1.00    -97.      0.      0.      0.      0.      0.
  279  71      0.      0.      0.      0.      0.      0.   0.00   0.00   1.00   0.33   0.09    100.   1875.    160.    839.    471.    550.    187.    333.    133.      0.      0.    210.     0.     0.   1.00    -97.      0.      0.      0.      0.      0.
  289  71      0.      0.      0.      0.      0.      0.   0.00   0.00   1.00   0.33   0.09    100.   1878.    160.    839.    474.    550.    188.    333.    133.      0.      0.    210.     0.     0.   1.00    -97.      0.      0.      0.      0.      0.
  299  71      0.      0.      0.      0.      0.      0.   0.00   0.00   1.00   0.35   0.09    100.   1898.    160.    839.    479.    550.    190.    346.    146.      0.      0.    210.     0.     0.   1.00    -97.      0.      0.      0.      0.      0.
  309  71      0.      0.      0.      0.      0.      0.   0.00   0.00   1.00   0.34   0.09    100.   1898.    160.    839.    480.    550.    190.    345.    145.      0.      0.    210.     0.     0.   1.00    -97.      0.      0.      0.      0.      0.
  319  71      0.      0.      0.      0.      0.      0.   0.00   0.00   1.00   0.35   0.09    100.   1909.    160.    839.    483.    550.    191.    352.    152.      0.      0.    210.     0.     0.   1.00    -97.      0.      0.      0.      0.      0.
  329  71      0.      0.      0.      0.      0.      0.   0.00   0.00   1.00   0.38   0.09    100.   1945.    160.    839.    486.    550.    195.    382.    182.      0.      0.    210.     0.     0.   1.00    -97.      0.      0.      0.      0.      0.
  339  71      0.      0.      0.      0.      0.      0.   0.00   0.00   1.00   0.39   0.09    100.   1957.    160.    839.    486.    550.    196.    392.    192.      0.      0.    210.     0.     0.   1.00    -97.      0.      0.      0.      0.      0.
  349  71      0.      0.      0.      0.      0.      0.   0.00   0.00   1.00   0.40   0.09    100.   1963.    160.    839.    487.    550.    196.    396.    196.      0.      0.    210.     0.     0.   1.00    -97.      0.      0.      0.      0.      0.
  359  71      0.      0.      0.      0.      0.      0.   0.00   0.00   1.00   0.41   0.09    100.   1984.    160.    839.    487.    550.    198.    415.    215.      0.      0.    210.     0.     0.   1.00    -97.      0.      0.      0.      0.      0.
    4  72      0.      0.      0.      0.      0.      0.   0.00   0.00   1.00   0.42   0.09    100.   1986.    160.    839.    488.    550.    199.    416.    216.      0.      0.    210.     0.     0.   1.00    -97.      0.      0.      0.      0.      0.
   14  72      0.      0.      0.      0.      0.      0.   0.00   0.00   1.00   0.42   0.09    100.   1991.    160.    839.    488.    550.    199.    420.    220.      0.      0.    210.     0.     0.   1.00    -97.      0.      0.      0.      0.      0.
   24  72      0.      0.      0.      0.      0.      0.   0.00   0.00   1.00   0.42   0.09    100.   2005.    160.    839.    489.    562.    200.    420.    220.      0.      0.    210.     0.     0.   1.00    -97.      0.      0.      0.      0.      0.
   34  72      0.      0.      0.      0.      0.      0.   0.00   0.00   1.00   0.42   0.09    100.   2018.    160.    839.    491.    572.    202.    420.    220.      0.      0.    210.     0.     0.   1.00    -97.      0.      0.      0.      0.      0.
   44  72      0.      0.      0.      0.      0.      0.   0.00   0.00   1.00   0.42   0.09    100.   2040.    160.    839.    494.    588.    204.    420.    220.      0.      0.    210.     0.     0.   1.00    -97.      0.      0.      0.      0.      0.
   54  72      0.      0.      0.      0.      0.      0.   0.00   0.00   1.00   0.42   0.09    100.   2045.    160.    839.    496.    591.    204.    420.    220.      0.      0.    210.     0.     0.   1.00    -97.      0.      0.      0.      0.      0.
   64  72      0.      0.      0.      0.      0.      0.   0.00   0.00   1.00   0.42   0.09    100.   2050.    160.    839.    499.    592.    205.    420.    220.      0.      0.    210.     0.     0.   1.00    -97.      0.      0.      0.      0.      0.
   74  72      0.      0.      0.      0.      0.      0.   0.00   0.00   1.00   0.42   0.09    100.   2061.    160.    839.    503.    600.    206.    418.    218.      0.      0.    210.     0.     0.   1.00    -97.      0.      0.      0.      0.      0.
   84  72      0.      0.      0.      0.      0.      0.   0.00   0.00   1.00   0.41   0.09    100.   2061.    160.    839.    508.    600.    206.    413.    213.      0.      0.    210.     0.     0.   1.00    -97.      0.      0.      0.      0.      0.
   94  72      0.      0.      0.      0.      0.      0.   0.00   0.00   1.00   0.42   0.09    100.   2101.    160.    839.    517.    620.    210.    420.    220.      0.      0.    210.     0.     0.   1.00    -97.      0.      0.      0.      0.      0.


Station=  WAGE , Soil=  2, Manage=  1, Rotat=  3 YrRot=  4 , NYear=  7 , NRot=  6 , Crop=  4, Irr.=  2, IOPT=  2,     Runof=0.10, CO2=550. , StYear=1969, StDay=  1

 Planting on day 100, 1972
 Crop emergence on day   0, 1972
 Wageningen, long rotation 3, soil2, future                                      

 DAY  YEAR  WLVG    WLVD    WST    WSO     TAGB    TSUML    DVS    LAI  TRANRF  SMACT  SMACTL   RD    TRAIN   TIRR   TTRANS  TESOIL  TDRAIN  TRUNOF    WTOT   WAVT    WTOTL     WAVTL  WTOTLX  PARAB    PAR    NNI   NMINT  NMIN    NUPT     NFIX   NLIV   NLOSS  
  100  72     48.      0.     12.      0.     60.      0.   0.00   0.14   1.00   0.42   0.42     10.   2137.    160.    839.    526.    643.    214.     42.     22.    168.     88.    420.     0.     0.   1.00      0.     30.      0.      0.      4.      0.
  110  72     48.      0.     12.      0.     60.      0.   0.00   0.14   1.00   0.39   0.42     10.   2168.    160.    839.    540.    660.    217.     39.     19.    168.     88.    420.     0.    61.   1.00      0.     30.      0.      0.      4.      0.
  120  72     48.      0.     12.      0.     60.      0.   0.00   0.14   1.00   0.31   0.42     10.   2176.    160.    839.    554.    661.    218.     31.     11.    168.     88.    420.     0.   137.   1.00      0.     30.      0.      0.      4.      0.
  126  72     48.      0.     12.      0.     60.      0.   0.00   0.14   1.00   0.31   0.42     10.   2187.    160.    839.    564.    661.    219.     31.     11.    168.     88.    420.     0.   176.   1.00      0.     30.      0.      0.      4.      0.
  130  72    186.      0.     46.      0.    232.     52.   0.35   0.37   1.00   0.31   0.42     15.   2188.    160.    841.    568.    661.    219.     42.     14.    153.     80.    420.     6.   213.   1.00     -3.     27.      6.      0.      9.      0.
  140  72    748.      0.    187.      0.    935.    145.   0.97   2.06   1.00   0.42   0.42     27.   2246.    160.    850.    577.    679.    225.    108.     56.    102.     54.    420.    36.   264.   1.00     60.     20.     34.      0.     38.      0.
  150  72   2107.    112.    683.    385.   3287.    276.   1.11   6.14   1.00   0.40   0.42     39.   2275.    160.    884.    578.    679.    228.    150.     75.     52.     27.    420.   124.   354.   1.00    -18.     12.    120.      0.    122.      2.
  160  72   2373.    572.   1144.   1225.   5314.    409.   1.20   6.92   1.00   0.39   0.42     50.   2298.    160.    912.    578.    679.    230.    192.     93.      2.      1.    420.   194.   425.   1.00    -52.      4.    162.      0.    154.     11.
  170  72   2185.   1057.   1869.   3179.   8290.    534.   1.28   6.35   1.00   0.39   0.00     50.   2314.    180.    944.    578.    679.    231.    197.     97.      0.      0.    420.   290.   521.   1.00    -84.      0.    198.      0.    181.     21.
  180  72   1891.   1352.   2117.   5213.  10573.    680.   1.37   5.49   1.00   0.40   0.00     50.   2355.    180.    975.    578.    683.    236.    199.     99.      0.      0.    420.   364.   595.   1.00    -78.      0.    220.      0.    197.     27.
  190  72   1721.   1522.   2117.   7208.  12568.    835.   1.47   5.00   1.00   0.39   0.00     50.   2385.    180.   1001.    578.    686.    238.    196.     96.      0.      0.    420.   428.   660.   1.00    -99.      0.    241.      0.    214.     30.
  200  72   1319.   1924.   1838.  10329.  15689.    994.   1.58   3.83   1.00   0.34   0.00     50.   2396.    180.   1036.    578.    686.    240.    172.     72.      0.      0.    420.   527.   760.   1.00   -115.      0.    257.      0.    217.     43.
  210  72    880.   2363.   1502.  11400.  16760.   1197.   1.71   2.55   1.00   0.42   0.00     50.   2461.    200.   1066.    579.    695.    246.    210.    110.      0.      0.    420.   597.   833.   1.00   -118.      0.    260.      0.    207.     57.
  220  72    620.   2622.   1227.  12530.  17890.   1359.   1.81   1.80   1.00   0.38   0.00     50.   2470.    200.   1088.    581.    697.    247.    191.     91.      0.      0.    420.   658.   902.   1.00   -118.      0.    260.      0.    197.     67.
  230  72    432.   2811.   1003.  13130.  18490.   1531.   1.92   1.25   1.00   0.40   0.00     50.   2496.    220.   1110.    586.    707.    250.    199.     99.      0.      0.    420.   720.   980.   1.00   -118.      0.    260.      0.    190.     74.
  240  72    326.   2917.    836.  13275.  18635.   1654.   2.00   0.95   1.00   0.40   0.00     50.   2518.    220.   1124.    592.    707.    252.    198.     98.      0.      0.    420.   761.  1043.   1.00   -118.      0.    260.      0.    185.     79.
  249  72      0.      0.      0.      0.      0.      0.   0.00   0.00   1.00   0.39   0.00     50.   2518.    220.   1124.    595.    707.    252.    195.     95.      0.      0.    420.     0.     0.   1.00   -118.      0.      0.      0.      0.      0.
  259  72      0.      0.      0.      0.      0.      0.   0.00   0.00   1.00   0.42   0.00     50.   2552.    220.   1124.    600.    718.    255.    210.    110.      0.      0.    420.     0.     0.   1.00   -118.      0.      0.      0.      0.      0.
  269  72      0.      0.      0.      0.      0.      0.   0.00   0.00   1.00   0.42   0.00     50.   2562.    220.   1124.    603.    725.    256.    209.    109.      0.      0.    420.     0.     0.   1.00   -118.      0.      0.      0.      0.      0.


Station=  WAGE , Soil=  2, Manage=  1, Rotat=  3 YrRot=  5 , NYear=  7 , NRot=  6 , Crop=  5, Irr.=  2, IOPT=  2,     Runof=0.10, CO2=550. , StYear=1969, StDay=  1

 Planting on day 270, 1972
 Crop emergence on day   0, 1972
 Wageningen, long rotation 3, soil2, future                                      

 DAY  YEAR  WLVG    WLVD    WST    WSO     TAGB    TSUML    DVS    LAI  TRANRF  SMACT  SMACTL   RD    TRAIN   TIRR   TTRANS  TESOIL  TDRAIN  TRUNOF    WTOT   WAVT    WTOTL     WAVTL  WTOTLX  PARAB    PAR    NNI   NMINT  NMIN    NUPT     NFIX   NLIV   NLOSS  
  270  72    137.      0.     59.      0.    195.      0.   0.00   0.30   1.00   0.42   0.42     10.   2562.    220.   1124.    603.    725.    256.     42.     22.    482.    252.    105.     0.     0.   1.00      0.     30.      0.      0.     11.      0.
  276  72    137.      0.     59.      0.    195.      0.   0.00   0.30   1.00   0.40   0.42     10.   2563.    220.   1125.    605.    725.    256.     40.     20.    482.    252.    105.     0.    25.   1.00      0.     30.      0.      0.     11.      0.
  280  72    223.      0.     95.      0.    318.      9.   0.04   0.43   1.00   0.39   0.42     15.   2563.    220.   1126.    606.    725.    256.     53.     26.    467.    244.    105.     4.    50.   1.00     -2.     27.      5.      0.     16.      0.
  290  72    392.      0.    168.      0.    561.     28.   0.11   0.91   1.00   0.39   0.42     27.   2563.    220.   1128.    607.    725.    256.    100.     49.    417.    218.    105.    16.    91.   1.00     -6.     20.     16.      0.     28.      0.
  300  72    538.      0.    231.      0.    769.     35.   0.14   1.23   1.00   0.42   0.42     39.   2579.    220.   1130.    609.    728.    258.    157.     82.    367.    192.    105.    28.   118.   1.00     -8.     12.     26.      0.     37.      0.
  310  72    739.      0.    317.      0.   1055.     38.   0.16   1.67   1.00   0.42   0.42     51.   2587.    220.   1132.    610.    733.    259.    207.    108.    317.    166.    105.    39.   138.   1.00    -16.      4.     42.      0.     53.      0.
  320  72    874.      0.    375.      0.   1249.     38.   0.16   1.96   1.00   0.42   0.42     63.   2634.    220.   1135.    612.    768.    263.    259.    136.    266.    139.    105.    46.   150.   1.00    -21.      0.     51.      0.     63.      0.
  330  72    987.      0.    423.      0.   1410.     38.   0.16   2.21   1.00   0.42   0.42     75.   2662.    220.   1137.    613.    790.    266.    309.    162.    216.    113.    105.    56.   165.   1.00    -30.      0.     60.      0.     71.      0.
  340  72   1105.      0.    474.      0.   1578.     38.   0.16   2.46   1.00   0.42   0.42     87.   2667.    220.   1139.    614.    792.    267.    360.    188.    165.     87.    105.    66.   179.   1.00    -37.      0.     67.      0.     79.      0.
  350  72   1238.      0.    530.      0.   1768.     38.   0.16   2.75   1.00   0.42   0.42     99.   2684.    220.   1142.    614.    805.    268.    409.    214.    115.     60.    105.    74.   189.   1.00    -48.      0.     78.      0.     89.      0.
  360  72   1260.      0.    540.      0.   1800.     38.   0.16   2.80   1.00   0.42   0.42    111.   2684.    220.   1143.    615.    805.    268.    458.    239.     65.     34.    105.    83.   201.   1.00    -50.      0.     80.      0.     91.      0.
    5  73   1283.      0.    550.      0.   1833.     38.   0.16   2.85   1.00   0.42   0.42    123.   2684.    220.   1145.    615.    805.    268.    506.    263.     14.      7.    105.    92.   212.   1.00    -51.      0.     81.      0.     92.      0.
   15  73   1307.      0.    560.      0.   1867.     38.   0.16   2.90   1.00   0.42   0.00    125.   2686.    220.   1146.    615.    805.    269.    522.    272.      0.      0.    105.    98.   220.   1.00    -53.      0.     83.      0.     95.      0.
   25  73   1361.      0.    583.      0.   1944.     38.   0.16   3.02   1.00   0.42   0.00    125.   2693.    220.   1148.    615.    806.    269.    525.    275.      0.      0.    105.   106.   231.   1.00    -56.      0.     86.      0.     97.      0.
   35  73   1485.      0.    636.      0.   2121.     38.   0.16   3.29   1.00   0.42   0.00    125.   2711.    220.   1150.    615.    819.    271.    525.    275.      0.      0.    105.   119.   246.   1.00    -66.      0.     96.      0.    107.      0.
   45  73   1561.      0.    669.      0.   2229.     39.   0.16   3.45   1.00   0.42   0.00    125.   2749.    220.   1153.    616.    850.    275.    525.    275.      0.      0.    105.   130.   259.   1.00    -71.      0.    101.      0.    113.      0.
   55  73   1644.      0.    704.      0.   2348.     41.   0.17   3.64   1.00   0.42   0.00    125.   2778.    220.   1158.    617.    870.    278.    525.    275.      0.      0.    105.   145.   277.   1.00    -75.      0.    105.      0.    116.      0.
   65  73   1820.      0.    780.      0.   2600.     46.   0.19   4.02   1.00   0.42   0.00    125.   2785.    220.   1163.    617.    873.    279.    524.    274.      0.      0.    105.   177.   314.   1.00    -82.      0.    112.      0.    123.      0.
   75  73   1977.     38.    866.      0.   2880.     52.   0.22   4.36   1.00   0.42   0.00    125.   2794.    220.   1170.    618.    878.    279.    519.    269.      0.      0.    105.   223.   366.   1.00    -95.      0.    125.      0.    136.      0.
   85  73   2184.    122.   1056.      0.   3362.     71.   0.30   4.80   1.00   0.41   0.00    125.   2800.    220.   1180.    619.    878.    280.    513.    263.      0.      0.    105.   268.   415.   1.00   -102.      0.    132.      0.    143.      1.
   95  73   2254.    268.   1286.      0.   3808.     90.   0.38   4.94   1.00   0.42   0.00    125.   2841.    220.   1193.    619.    890.    284.    525.    275.      0.      0.    105.   315.   465.   1.00   -106.      0.    136.      0.    146.      2.
  105  73   2313.    453.   1587.      0.   4354.    105.   0.44   5.06   1.00   0.42   0.00    125.   2859.    220.   1206.    620.    894.    286.    522.    272.      0.      0.    105.   372.   526.   1.00   -112.      0.    142.      0.    150.      3.
  115  73   2713.    716.   2612.      0.   6042.    143.   0.60   5.90   1.00   0.41   0.00    125.   2873.    220.   1224.    621.    894.    287.    515.    265.      0.      0.    105.   438.   596.   1.00   -123.      0.    153.      0.    160.      5.
  125  73   2771.   1142.   3695.      0.   7608.    205.   0.85   5.99   1.00   0.41   0.00    125.   2896.    220.   1243.    622.    894.    290.    517.    267.      0.      0.    105.   499.   659.   1.00   -132.      0.    162.      0.    165.      8.
  135  73   2618.   1684.   5549.     82.   9932.    286.   1.08   5.62   1.00   0.41   0.00    125.   2915.    220.   1266.    623.    894.    291.    510.    260.      0.      0.    105.   565.   728.   1.00    -52.      0.    166.      0.    165.     12.
  145  73   2171.   2402.   7180.    682.  12435.    396.   1.26   4.63   1.00   0.39   0.00    125.   2926.    220.   1300.    624.    894.    293.    485.    235.      0.      0.    105.   660.   829.   1.00    -65.      0.    179.      0.    173.     18.
  155  73   1576.   2996.   8100.   2157.  14829.    519.   1.47   3.36   1.00   0.39   0.00    125.   2956.    220.   1326.    627.    894.    296.    483.    233.      0.      0.    105.   728.   905.   1.00    -67.      0.    181.      0.    170.     22.
  165  73   1157.   3415.   7320.   4062.  17058.    635.   1.66   2.47   1.00   0.36   0.00    125.   2956.    220.   1354.    629.    894.    296.    453.    203.      0.      0.    105.   810.  1007.   1.00    -67.      0.    181.      0.    162.     30.
  175  73    816.   3756.   5991.   5294.  18302.    779.   1.90   1.74   1.00   0.35   0.00    125.   2956.    240.   1385.    638.    894.    296.    433.    183.      0.      0.    105.   894.  1130.   1.00    -39.      0.    181.      0.    154.     38.
  180  73    695.   3877.   5526.   5391.  18399.    851.   2.02   1.48   1.00   0.34   0.00    125.   2969.    240.   1399.    643.    894.    297.    425.    175.      0.      0.    105.   922.  1178.   1.00    -39.      0.    181.      0.    151.     41.
  184  73      0.      0.      0.      0.      0.      0.   0.00   0.00   1.00   0.33   0.00    125.   2969.    240.   1399.    650.    894.    297.    418.    168.      0.      0.    105.     0.     0.   1.00    -39.      0.      0.      0.      0.      0.
  194  73      0.      0.      0.      0.      0.      0.   0.00   0.00   1.00   0.33   0.00    125.   2978.    240.   1399.    659.    894.    298.    417.    167.      0.      0.    105.     0.     0.   1.00    -39.      0.      0.      0.      0.      0.
  204  73      0.      0.      0.      0.      0.      0.   0.00   0.00   1.00   0.35   0.00    125.   3009.    240.   1399.    672.    894.    301.    433.    183.      0.      0.    105.     0.     0.   1.00    -39.      0.      0.      0.      0.      0.
  214  73      0.      0.      0.      0.      0.      0.   0.00   0.00   1.00   0.35   0.00    125.   3025.    240.   1399.    682.    894.    302.    437.    187.      0.      0.    105.     0.     0.   1.00    -39.      0.      0.      0.      0.      0.
  224  73      0.      0.      0.      0.      0.      0.   0.00   0.00   1.00   0.36   0.00    125.   3046.    240.   1399.    693.    894.    305.    444.    194.      0.      0.    105.     0.     0.   1.00    -39.      0.      0.      0.      0.      0.
  234  73      0.      0.      0.      0.      0.      0.   0.00   0.00   1.00   0.35   0.00    125.   3046.    240.   1399.    698.    894.    305.    439.    189.      0.      0.    105.     0.     0.   1.00    -39.      0.      0.      0.      0.      0.
  244  73      0.      0.      0.      0.      0.      0.   0.00   0.00   1.00   0.36   0.00    125.   3069.    240.   1399.    703.    894.    307.    456.    206.      0.      0.    105.     0.     0.   1.00    -39.      0.      0.      0.      0.      0.
  254  73      0.      0.      0.      0.      0.      0.   0.00   0.00   1.00   0.36   0.00    125.   3072.    240.   1399.    708.    894.    307.    453.    203.      0.      0.    105.     0.     0.   1.00    -39.      0.      0.      0.      0.      0.
  264  73      0.      0.      0.      0.      0.      0.   0.00   0.00   1.00   0.37   0.00    125.   3096.    240.   1399.    715.    894.    310.    468.    218.      0.      0.    105.     0.     0.   1.00    -39.      0.      0.      0.      0.      0.
  274  73      0.      0.      0.      0.      0.      0.   0.00   0.00   1.00   0.40   0.00    125.   3132.    240.   1399.    720.    894.    313.    496.    246.      0.      0.    105.     0.     0.   1.00    -39.      0.      0.      0.      0.      0.
  276  73      0.      0.      0.      0.      0.      0.   0.00   0.00   1.00   0.40   0.00    125.   3132.    240.   1399.    720.    894.    313.    495.    245.      0.      0.    105.     0.     0.   1.00    -39.      0.      0.      0.      0.      0.
  284  73      0.      0.      0.      0.      0.      0.   0.00   0.00   1.00   0.41   0.00    125.   3152.    240.   1399.    723.    894.    315.    511.    261.      0.      0.    105.     0.     0.   1.00    -39.      0.      0.      0.      0.      0.
  294  73      0.      0.      0.      0.      0.      0.   0.00   0.00   1.00   0.42   0.00    125.   3212.    240.   1399.    725.    932.    321.    525.    275.      0.      0.    105.     0.     0.   1.00    -39.      0.      0.      0.      0.      0.
  304  73      0.      0.      0.      0.      0.      0.   0.00   0.00   1.00   0.42   0.00    125.   3218.    240.   1399.    726.    936.    322.    525.    275.      0.      0.    105.     0.     0.   1.00    -39.      0.      0.      0.      0.      0.
  314  73      0.      0.      0.      0.      0.      0.   0.00   0.00   1.00   0.42   0.00    125.   3237.    240.   1399.    728.    951.    324.    525.    275.      0.      0.    105.     0.     0.   1.00    -39.      0.      0.      0.      0.      0.
  324  73      0.      0.      0.      0.      0.      0.   0.00   0.00   1.00   0.42   0.00    125.   3272.    240.   1399.    730.    980.    327.    525.    275.      0.      0.    105.     0.     0.   1.00    -39.      0.      0.      0.      0.      0.
  334  73      0.      0.      0.      0.      0.      0.   0.00   0.00   1.00   0.42   0.00    125.   3297.    240.   1399.    731.   1002.    330.    525.    275.      0.      0.    105.     0.     0.   1.00    -39.      0.      0.      0.      0.      0.
  344  73      0.      0.      0.      0.      0.      0.   0.00   0.00   1.00   0.42   0.00    125.   3326.    240.   1399.    731.   1028.    333.    525.    275.      0.      0.    105.     0.     0.   1.00    -39.      0.      0.      0.      0.      0.
  354  73      0.      0.      0.      0.      0.      0.   0.00   0.00   1.00   0.42   0.00    125.   3355.    240.   1399.    732.   1053.    335.    525.    275.      0.      0.    105.     0.     0.   1.00    -39.      0.      0.      0.      0.      0.
  364  73      0.      0.      0.      0.      0.      0.   0.00   0.00   1.00   0.42   0.00    125.   3361.    240.   1399.    733.   1058.    336.    525.    275.      0.      0.    105.     0.     0.   1.00    -39.      0.      0.      0.      0.      0.
    9  74      0.      0.      0.      0.      0.      0.   0.00   0.00   1.00   0.42   0.00    125.   3375.    240.   1399.    734.   1069.    337.    525.    275.      0.      0.    105.     0.     0.   1.00    -39.      0.      0.      0.      0.      0.
   19  74      0.      0.      0.      0.      0.      0.   0.00   0.00   1.00   0.42   0.00    125.   3404.    240.   1399.    737.   1092.    340.    525.    275.      0.      0.    105.     0.     0.   1.00    -39.      0.      0.      0.      0.      0.
   29  74      0.      0.      0.      0.      0.      0.   0.00   0.00   1.00   0.42   0.00    125.   3418.    240.   1399.    739.   1103.    342.    525.    275.      0.      0.    105.     0.     0.   1.00    -39.      0.      0.      0.      0.      0.
   39  74      0.      0.      0.      0.      0.      0.   0.00   0.00   1.00   0.42   0.00    125.   3426.    240.   1399.    741.   1108.    343.    525.    275.      0.      0.    105.     0.     0.   1.00    -39.      0.      0.      0.      0.      0.
   49  74      0.      0.      0.      0.      0.      0.   0.00   0.00   1.00   0.42   0.00    125.   3445.    240.   1399.    744.   1123.    345.    524.    274.      0.      0.    105.     0.     0.   1.00    -39.      0.      0.      0.      0.      0.
   59  74      0.      0.      0.      0.      0.      0.   0.00   0.00   1.00   0.42   0.00    125.   3449.    240.   1399.    745.   1125.    345.    525.    275.      0.      0.    105.     0.     0.   1.00    -39.      0.      0.      0.      0.      0.
   69  74      0.      0.      0.      0.      0.      0.   0.00   0.00   1.00   0.42   0.00    125.   3467.    240.   1399.    747.   1140.    347.    524.    274.      0.      0.    105.     0.     0.   1.00    -39.      0.      0.      0.      0.      0.
   79  74      0.      0.      0.      0.      0.      0.   0.00   0.00   1.00   0.42   0.00    125.   3496.    240.   1399.    751.   1161.    350.    525.    275.      0.      0.    105.     0.     0.   1.00    -39.      0.      0.      0.      0.      0.


Station=  WAGE , Soil=  2, Manage=  1, Rotat=  3 YrRot=  6 , NYear=  7 , NRot=  6 , Crop=  6, Irr.=  2, IOPT=  2,     Runof=0.10, CO2=550. , StYear=1969, StDay=  1

 Planting on day  80, 1974
 Crop emergence on day   0, 1974
 Wageningen, long rotation 3, soil2, future                                      

 DAY  YEAR  WLVG    WLVD    WST    WSO     TAGB    TSUML    DVS    LAI  TRANRF  SMACT  SMACTL   RD    TRAIN   TIRR   TTRANS  TESOIL  TDRAIN  TRUNOF    WTOT   WAVT    WTOTL     WAVTL  WTOTLX  PARAB    PAR    NNI   NMINT  NMIN    NUPT     NFIX   NLIV   NLOSS  
   80  74     11.      0.     11.      0.     22.      0.   0.00   0.03   1.00   0.42   0.42     10.   3503.    240.   1399.    752.   1167.    350.     42.     22.    378.    198.    210.     0.     0.   1.00      0.     30.      0.      0.      2.      0.
   90  74     11.      0.     11.      0.     22.      0.   0.00   0.03   1.00   0.35   0.42     10.   3504.    240.   1400.    759.   1167.    350.     35.     15.    378.    198.    210.     0.    55.   1.00      0.     30.      0.      0.      2.      0.
  100  74     45.      0.     43.      0.     88.    132.   0.16   0.15   1.00   0.35   0.42     22.   3504.    240.   1401.    766.   1167.    350.     73.     31.    332.    174.    210.     5.   141.   1.00      7.     22.      1.      3.      5.      0.
  110  74    112.      0.    100.      0.    212.    227.   0.27   0.38   1.00   0.35   0.42     34.   3504.    240.   1405.    770.   1167.    350.    115.     50.    282.    148.    210.    23.   233.   1.00     13.     15.      2.      8.     12.      0.
  120  74    237.      0.    198.      0.    436.    309.   0.37   0.87   1.00   0.36   0.42     46.   3514.    240.   1411.    776.   1167.    351.    162.     72.    232.    121.    210.    46.   306.   1.00     19.      8.      4.     14.     20.      0.
  130  74    589.      0.    452.      0.   1041.    414.   0.50   2.31   1.00   0.35   0.42     58.   3515.    240.   1423.    778.   1167.    351.    199.     85.    181.     95.    210.    84.   362.   1.00     22.      0.      8.     30.     40.      0.
  140  74   1657.     56.   1289.     63.   3066.    571.   0.69   6.81   1.00   0.36   0.42     70.   3548.    240.   1456.    780.   1167.    355.    244.    107.    131.     69.    210.   175.   458.   1.00     92.      0.     22.     88.    111.      1.
  150  74   2008.    545.   2179.    311.   5043.    711.   0.85   8.32   1.00   0.34   0.42     82.   3558.    240.   1487.    780.   1167.    356.    274.    112.     81.     42.    210.   266.   549.   1.00     83.      0.     31.    125.    153.      6.
  160  74   1953.   1181.   3106.    716.   6956.    848.   1.01   8.12   1.00   0.36   0.42     94.   3601.    240.   1518.    780.   1167.    360.    331.    146.     30.     16.    210.   357.   641.   1.00     75.      0.     39.    156.    184.     13.
  170  74   1830.   1828.   4322.   1902.   9882.   1016.   1.14   7.63   1.00   0.36   0.09    100.   3615.    260.   1554.    780.   1167.    362.    358.    158.      0.      0.    210.   464.   747.   1.00     64.      0.     50.    198.    230.     20.
  180  74   1451.   2392.   5152.   3955.  12950.   1194.   1.27   6.05   1.00   0.34   0.09    100.   3630.    260.   1586.    780.   1167.    363.    339.    139.      0.      0.    210.   558.   842.   1.00     78.      0.     64.    256.    297.     26.
  190  74   1097.   2810.   5568.   5700.  15175.   1363.   1.39   4.58   1.00   0.35   0.09    100.   3672.    260.   1613.    780.   1167.    367.    350.    150.      0.      0.    210.   631.   916.   1.00     73.      0.     69.    275.    315.     30.
  200  74    810.   3123.   5641.   7358.  17048.   1532.   1.52   3.38   1.00   0.34   0.09    100.   3688.    260.   1641.    781.   1167.    369.    335.    135.      0.      0.    210.   703.   991.   1.00     73.      0.     69.    275.    311.     34.
  210  74    585.   3349.   4618.   8739.  18439.   1699.   1.64   2.44   1.00   0.34   0.09    100.   3700.    280.   1664.    783.   1167.    370.    341.    141.      0.      0.    210.   767.  1062.   1.00     73.      0.     69.    275.    300.     45.
  220  74    418.   3515.   3775.   9762.  19463.   1872.   1.77   1.74   1.00   0.32   0.09    100.   3709.    280.   1687.    786.   1167.    371.    323.    123.      0.      0.    210.   830.  1139.   1.00     73.      0.     69.    275.    291.     54.
  230  74    291.   3642.   3084.  10299.  20000.   2063.   1.91   1.22   1.00   0.37   0.09    100.   3766.    300.   1705.    793.   1167.    377.    370.    170.      0.      0.    210.   878.  1210.   1.00     73.      0.     69.    275.    284.     61.
  238  74    230.   3703.   2677.  10560.  20261.   2184.   2.00   0.96   1.00   0.36   0.09    100.   3768.    300.   1718.    796.   1167.    377.    355.    155.      0.      0.    210.   918.  1278.   1.00     73.      0.     69.    275.    280.     65.
  239  74      0.      0.      0.      0.      0.      0.   0.00   0.00   1.00   0.37   0.09    100.   3787.    300.   1718.    800.   1167.    379.    369.    169.      0.      0.    210.     0.     0.   1.00     73.      0.      0.      0.      0.      0.
  249  74      0.      0.      0.      0.      0.      0.   0.00   0.00   1.00   0.40   0.09    100.   3836.    300.   1718.    808.   1167.    384.    405.    205.      0.      0.    210.     0.     0.   1.00     73.      0.      0.      0.      0.      0.
  259  74      0.      0.      0.      0.      0.      0.   0.00   0.00   1.00   0.41   0.09    100.   3856.    300.   1718.    816.   1167.    386.    414.    214.      0.      0.    210.     0.     0.   1.00     73.      0.      0.      0.      0.      0.
  269  74      0.      0.      0.      0.      0.      0.   0.00   0.00   1.00   0.42   0.09    100.   3897.    300.   1718.    821.   1194.    390.    420.    220.      0.      0.    210.     0.     0.   1.00     73.      0.      0.      0.      0.      0.
  279  74      0.      0.      0.      0.      0.      0.   0.00   0.00   1.00   0.42   0.09    100.   3928.    300.   1718.    825.   1218.    393.    420.    220.      0.      0.    210.     0.     0.   1.00     73.      0.      0.      0.      0.      0.
  289  74      0.      0.      0.      0.      0.      0.   0.00   0.00   1.00   0.42   0.09    100.   3948.    300.   1718.    828.   1233.    395.    420.    220.      0.      0.    210.     0.     0.   1.00     73.      0.      0.      0.      0.      0.
  299  74      0.      0.      0.      0.      0.      0.   0.00   0.00   1.00   0.42   0.09    100.   3992.    300.   1718.    831.   1269.    399.    420.    220.      0.      0.    210.     0.     0.   1.00     73.      0.      0.      0.      0.      0.
  309  74      0.      0.      0.      0.      0.      0.   0.00   0.00   1.00   0.42   0.09    100.   4041.    300.   1718.    833.   1311.    404.    420.    220.      0.      0.    210.     0.     0.   1.00     73.      0.      0.      0.      0.      0.
  319  74      0.      0.      0.      0.      0.      0.   0.00   0.00   1.00   0.42   0.09    100.   4057.    300.   1718.    837.   1322.    406.    420.    220.      0.      0.    210.     0.     0.   1.00     73.      0.      0.      0.      0.      0.
  329  74      0.      0.      0.      0.      0.      0.   0.00   0.00   1.00   0.42   0.09    100.   4099.    300.   1718.    839.   1357.    410.    420.    220.      0.      0.    210.     0.     0.   1.00     73.      0.      0.      0.      0.      0.
  339  74      0.      0.      0.      0.      0.      0.   0.00   0.00   1.00   0.42   0.09    100.   4134.    300.   1718.    843.   1385.    413.    420.    220.      0.      0.    210.     0.     0.   1.00     73.      0.      0.      0.      0.      0.
  349  74      0.      0.      0.      0.      0.      0.   0.00   0.00   1.00   0.42   0.09    100.   4176.    300.   1718.    846.   1420.    418.    420.    220.      0.      0.    210.     0.     0.   1.00     73.      0.      0.      0.      0.      0.
  359  74      0.      0.      0.      0.      0.      0.   0.00   0.00   1.00   0.42   0.09    100.   4200.    300.   1718.    849.   1438.    420.    420.    220.      0.      0.    210.     0.     0.   1.00     73.      0.      0.      0.      0.      0.
    4  75      0.      0.      0.      0.      0.      0.   0.00   0.00   1.00   0.42   0.09    100.   4239.    300.   1718.    853.   1469.    424.    420.    220.      0.      0.    210.     0.     0.   1.00     73.      0.      0.      0.      0.      0.
   14  75      0.      0.      0.      0.      0.      0.   0.00   0.00   1.00   0.42   0.09    100.   4263.    300.   1718.    855.   1490.    426.    419.    219.      0.      0.    210.     0.     0.   1.00     73.      0.      0.      0.      0.      0.


Station=  WAGE , Soil=  2, Manage=  1, Rotat=  3 YrRot=  1 , NYear=  7 , NRot=  6 , Crop=  1, Irr.=  2, IOPT=  2,     Runof=0.10, CO2=550. , StYear=1969, StDay=  1

 Planting on day   0, 1975
 Crop emergence on day  20, 1975
 Wageningen, long rotation 3, soil2, future                                      

 DAY  YEAR  WLVG    WLVD    WST    WSO     TAGB    TSUML    DVS    LAI  TRANRF  SMACT  SMACTL   RD    TRAIN   TIRR   TTRANS  TESOIL  TDRAIN  TRUNOF    WTOT   WAVT    WTOTL     WAVTL  WTOTLX  PARAB    PAR    NNI   NMINT  NMIN    NUPT     NFIX   NLIV   NLOSS  
   20  75     68.      0.     37.      0.    105.      0.   0.00   0.14   1.00   0.42   0.42     10.   4278.    300.   1718.    858.   1500.    428.     42.     22.    483.    253.    105.     0.     0.   1.00      0.     30.      0.      0.      8.      0.
   30  75     77.      0.     41.      0.    118.      0.   0.00   0.26   1.00   0.42   0.42     22.   4320.    300.   1719.    864.   1530.    432.     87.     46.    438.    229.    105.     2.    14.   1.00      7.     22.      1.      0.      9.      0.
   40  75     88.      0.     48.      0.    136.      0.   0.00   0.44   1.00   0.42   0.42     34.   4332.    300.   1720.    866.   1539.    433.    136.     71.    387.    203.    105.     7.    40.   1.00     13.     15.      2.      0.     11.      0.
   50  75    107.      0.     57.      0.    164.      1.   0.00   0.68   1.00   0.42   0.42     46.   4350.    300.   1721.    869.   1550.    435.    188.     99.    337.    176.    105.    13.    63.   1.00     19.      8.      4.      0.     12.      0.
   60  75    138.      0.     75.      0.    213.      5.   0.01   0.82   1.00   0.41   0.42     58.   4350.    300.   1724.    871.   1550.    435.    234.    121.    286.    150.    105.    30.   108.   1.00     21.      0.      9.      0.     17.      0.
   70  75    220.      0.    119.      0.    339.     20.   0.03   0.99   1.00   0.42   0.42     70.   4374.    300.   1728.    875.   1559.    437.    289.    151.    236.    124.    105.    40.   133.   1.00     13.      0.     17.      0.     26.      0.
   80  75    234.      0.    126.      0.    360.     34.   0.05   1.02   1.00   0.42   0.42     82.   4393.    300.   1730.    878.   1571.    439.    339.    178.    186.     97.    105.    49.   152.   1.00     11.      0.     19.      0.     27.      0.
   90  75    293.      0.    158.      0.    451.     57.   0.08   1.15   1.00   0.42   0.42     94.   4427.    300.   1735.    883.   1592.    443.    389.    203.    135.     71.    105.    73.   202.   1.00      5.      0.     25.      0.     33.      0.
  100  75    328.      0.    176.      0.    505.     87.   0.12   1.22   1.00   0.42   0.42    106.   4447.    300.   1741.    889.   1597.    445.    440.    231.     85.     44.    105.    98.   251.   1.00      2.      0.     28.      0.     36.      0.
  110  75    460.      0.    241.      0.    700.    155.   0.21   1.50   1.00   0.42   0.42    118.   4474.    300.   1746.    894.   1611.    447.    491.    257.     34.     18.    105.   117.   286.   1.00     -6.      0.     36.      0.     44.      0.
  120  75   1311.      0.    661.      0.   1972.    261.   0.36   3.30   1.00   0.41   0.00    125.   4484.    300.   1760.    897.   1611.    448.    517.    267.      0.      0.    105.   173.   364.   1.00    -50.      0.     80.      0.     88.      0.
  130  75   2343.     70.   1544.      0.   3956.    376.   0.52   5.47   1.00   0.41   0.00    125.   4510.    300.   1783.    899.   1611.    451.    516.    266.      0.      0.    105.   248.   445.   1.00    -99.      0.    129.      0.    137.      0.
  140  75   2806.    464.   3073.      0.   6344.    510.   0.71   6.38   1.00   0.41   0.00    125.   4525.    300.   1805.    900.   1611.    453.    507.    257.      0.      0.    105.   325.   525.   1.00    -39.      0.    153.      0.    160.      2.
  150  75   2782.    973.   5539.      0.   9294.    636.   0.88   6.26   1.00   0.38   0.00    125.   4525.    300.   1836.    900.   1611.    453.    476.    226.      0.      0.    105.   422.   624.   1.00    -61.      0.    175.      0.    179.      4.
  160  75   2342.   1456.   7192.   1220.  12211.    758.   1.04   5.27   1.00   0.37   0.00    125.   4543.    300.   1866.    901.   1611.    454.    461.    211.      0.      0.    105.   519.   724.   1.00    -69.      0.    183.      0.    185.      6.
  170  75   1665.   2134.   7192.   4396.  15387.    935.   1.23   3.74   1.00   0.38   0.00    125.   4568.    320.   1898.    902.   1611.    457.    469.    219.      0.      0.    105.   609.   821.   1.00    -76.      0.    190.      0.    190.      9.
  180  75   1179.   2619.   7192.   7130.  18120.   1114.   1.42   2.65   1.00   0.38   0.00    125.   4611.    320.   1926.    906.   1611.    461.    477.    227.      0.      0.    105.   689.   915.   1.00    -53.      0.    195.      0.    193.     10.
  190  75    831.   2967.   6501.   9184.  20174.   1297.   1.61   1.87   1.00   0.37   0.00    125.   4637.    320.   1953.    913.   1611.    464.    467.    217.      0.      0.    105.   765.  1017.   1.00    -53.      0.    195.      0.    190.     14.
  200  75    568.   3230.   5312.  10048.  21038.   1502.   1.82   1.28   1.00   0.37   0.00    125.   4670.    320.   1971.    922.   1611.    467.    469.    219.      0.      0.    105.   813.  1094.   1.00    -53.      0.    195.      0.    186.     18.
  210  75    402.   3396.   4340.  10351.  21341.   1681.   2.01   0.90   1.00   0.40   0.00    125.   4704.    340.   1984.    934.   1611.    470.    494.    244.      0.      0.    105.   848.  1168.   1.00    -53.      0.    195.      0.    183.     21.
  211  75    402.   3396.   4340.  10351.  21341.   1681.   2.01   0.90   1.00   0.39   0.00    125.   4704.    340.   1986.    935.   1611.    470.    492.    242.      0.      0.    105.   848.  1168.   1.00    -53.      0.    195.      0.    183.     21.
  219  75      0.      0.      0.      0.      0.      0.   0.00   0.00   1.00   0.39   0.00    125.   4711.    340.   1986.    950.   1611.    471.    483.    233.      0.      0.    105.     0.     0.   1.00    -53.      0.      0.      0.      0.      0.
  229  75      0.      0.      0.      0.      0.      0.   0.00   0.00   1.00   0.39   0.00    125.   4736.    340.   1986.    965.   1611.    474.    491.    241.      0.      0.    105.     0.     0.   1.00    -53.      0.      0.      0.      0.      0.
  239  75      0.      0.      0.      0.      0.      0.   0.00   0.00   1.00   0.40   0.00    125.   4757.    340.   1986.    976.   1611.    476.    499.    249.      0.      0.    105.     0.     0.   1.00    -53.      0.      0.      0.      0.      0.
  249  75      0.      0.      0.      0.      0.      0.   0.00   0.00   1.00   0.40   0.00    125.   4761.    340.   1986.    982.   1611.    476.    496.    246.      0.      0.    105.     0.     0.   1.00    -53.      0.      0.      0.      0.      0.
  259  75      0.      0.      0.      0.      0.      0.   0.00   0.00   1.00   0.42   0.00    125.   4799.    340.   1986.    991.   1611.    480.    521.    271.      0.      0.    105.     0.     0.   1.00    -53.      0.      0.      0.      0.      0.
  269  75      0.      0.      0.      0.      0.      0.   0.00   0.00   1.00   0.42   0.00    125.   4820.    340.   1986.    998.   1620.    482.    525.    275.      0.      0.    105.     0.     0.   1.00    -53.      0.      0.      0.      0.      0.
  279  75      0.      0.      0.      0.      0.      0.   0.00   0.00   1.00   0.42   0.00    125.   4833.    340.   1986.   1006.   1625.    483.    523.    273.      0.      0.    105.     0.     0.   1.00    -53.      0.      0.      0.      0.      0.
  289  75      0.      0.      0.      0.      0.      0.   0.00   0.00   1.00   0.42   0.00    125.   4842.    340.   1986.   1008.   1629.    484.    525.    275.      0.      0.    105.     0.     0.   1.00    -53.      0.      0.      0.      0.      0.
  299  75      0.      0.      0.      0.      0.      0.   0.00   0.00   1.00   0.42   0.00    125.   4844.    340.   1986.   1010.   1630.    484.    525.    275.      0.      0.    105.     0.     0.   1.00    -53.      0.      0.      0.      0.      0.
  309  75      0.      0.      0.      0.      0.      0.   0.00   0.00   1.00   0.42   0.00    125.   4852.    340.   1986.   1011.   1635.    485.    525.    275.      0.      0.    105.     0.     0.   1.00    -53.      0.      0.      0.      0.      0.
  319  75      0.      0.      0.      0.      0.      0.   0.00   0.00   1.00   0.42   0.00    125.   4858.    340.   1986.   1012.   1640.    486.    525.    275.      0.      0.    105.     0.     0.   1.00    -53.      0.      0.      0.      0.      0.
  329  75      0.      0.      0.      0.      0.      0.   0.00   0.00   1.00   0.42   0.00    125.   4895.    340.   1986.   1013.   1672.    490.    525.    275.      0.      0.    105.     0.     0.   1.00    -53.      0.      0.      0.      0.      0.
  339  75      0.      0.      0.      0.      0.      0.   0.00   0.00   1.00   0.42   0.00    125.   4940.    340.   1986.   1015.   1710.    494.    525.    275.      0.      0.    105.     0.     0.   1.00    -53.      0.      0.      0.      0.      0.
  349  75      0.      0.      0.      0.      0.      0.   0.00   0.00   1.00   0.42   0.00    125.   4944.    340.   1986.   1016.   1713.    494.    525.    275.      0.      0.    105.     0.     0.   1.00    -53.      0.      0.      0.      0.      0.
  359  75      0.      0.      0.      0.      0.      0.   0.00   0.00   1.00   0.42   0.00    125.   4949.    340.   1986.   1017.   1717.    495.    525.    275.      0.      0.    105.     0.     0.   1.00    -53.      0.      0.      0.      0.      0.
    1  76      0.      0.      0.      0.      0.      0.   0.00   0.00   1.00   0.42   0.00    125.   4967.    340.   1986.   1018.   1732.    497.    525.    275.      0.      0.    105.     0.     0.   1.00    -53.      0.      0.      0.      0.      0.


DATA-FILE  WARO1PTS.OUT


Name of run: WARO6


Station=  WAGE , Soil=  2, Manage=  2, Rotat=  4 YrRot=  1 , NYear=  7 , NRot=  6 , Crop=  1, Irr.=  0, IOPT=  3,     Runof=0.10, CO2=550. , StYear=1969, StDay=  1

 DAY  YEAR  WLVG    WLVD    WST    WSO     TAGB    TSUML    DVS    LAI  TRANRF  SMACT  SMACTL   RD    TRAIN   TIRR   TTRANS  TESOIL  TDRAIN  TRUNOF    WTOT   WAVT    WTOTL      WAVTL WTOTLX  PARAB    PAR    NNI   NMINT  NMIN    NUPT       NFIX   NLIV   NLOSS  
    1  69      0.      0.      0.      0.      0.      0.   0.00   0.00   1.00   0.37   0.37     10.   4967.    340.   1986.   1018.   1732.    497.    525.    275.      0.      0.    105.     0.     0.   1.00    -53.      0.      0.      0.      0.      0.
    3  69      0.      0.      0.      0.      0.      0.   0.00   0.00   1.00   0.40   0.37     10.      3.      0.      0.      0.      0.      0.     40.     20.    426.    196.     92.     0.     0.   1.00    -53.      0.      0.      0.      0.      0.
   13  69      0.      0.      0.      0.      0.      0.   0.00   0.00   1.00   0.40   0.37     10.      5.      0.      0.      1.      0.      0.     40.     20.    426.    196.     92.     0.     0.   1.00    -53.      0.      0.      0.      0.      0.


Station=  WAGE , Soil=  2, Manage=  2, Rotat=  4 YrRot=  1 , NYear=  7 , NRot=  6 , Crop=  1, Irr.=  0, IOPT=  3,     Runof=0.10, CO2=550. , StYear=1969, StDay=  1

 Planting on day   0, 1969
 Crop emergence on day  20, 1969
 Wageningen, long rotation 4, soil2, future                                      

 DAY  YEAR  WLVG    WLVD    WST    WSO     TAGB    TSUML    DVS    LAI  TRANRF  SMACT  SMACTL   RD    TRAIN   TIRR   TTRANS  TESOIL  TDRAIN  TRUNOF    WTOT   WAVT    WTOTL     WAVTL  WTOTLX  PARAB    PAR    NNI   NMINT  NMIN    NUPT     NFIX   NLIV   NLOSS  
   20  69     68.      0.     37.      0.    105.      0.   0.00   0.14   1.00   0.42   0.38     10.     18.      0.      0.      3.      0.      2.     42.     22.    433.    203.     94.     0.     0.   1.00      0.     30.      0.      0.      8.      0.
   30  69     75.      0.     41.      0.    116.      0.   0.00   0.28   1.00   0.41   0.38     22.     34.      0.      0.      4.      0.      3.     86.     45.    401.    192.     94.     1.    10.   0.98      7.     22.      1.      0.      9.      0.
   40  69     83.      1.     45.      0.    128.      0.   0.00   0.42   1.00   0.42   0.39     34.     50.      0.      1.      7.      0.      5.    137.     72.    360.    176.     94.     4.    27.   1.00     13.     15.      2.      0.     10.      0.
   50  69     83.      1.     45.      0.    128.      0.   0.00   0.43   1.00   0.42   0.41     46.     69.      0.      1.      8.      0.      7.    188.     98.    326.    165.     94.    10.    53.   1.00     21.      8.      2.      0.     10.      0.
   60  69     96.      1.     53.      0.    151.      1.   0.00   0.56   1.00   0.42   0.42     58.     80.      0.      3.     11.      0.      8.    236.    122.    283.    147.     94.    16.    75.   1.00     27.      0.      3.      0.     12.      0.
   70  69    105.      2.     59.      0.    165.      6.   0.01   0.76   1.00   0.41   0.42     70.     83.      0.      5.     13.      0.      8.    284.    146.    233.    121.     94.    30.   119.   1.00     25.      0.      5.      0.     13.      0.
   80  69    127.      3.     72.      0.    202.     17.   0.02   0.81   1.00   0.42   0.42     82.    119.      0.      8.     17.      9.     12.    338.    177.    186.     97.    105.    38.   140.   0.96     23.      0.      7.      0.     15.      0.
   90  69    136.      4.     78.      0.    218.     32.   0.04   0.83   1.00   0.42   0.42     94.    126.      0.     13.     20.      9.     13.    387.    201.    135.     71.    105.    58.   190.   1.00     22.      0.      8.      0.     17.      0.
  100  69    374.     14.    257.      0.    645.     96.   0.13   1.30   1.00   0.40   0.42    106.    138.      0.     24.     27.     15.     14.    423.    213.     85.     44.    105.    91.   266.   0.86      0.      0.     30.      0.     38.      0.
  110  69    473.     70.    394.      0.    937.    154.   0.21   1.49   1.00   0.42   0.42    118.    184.      0.     35.     36.     22.     18.    487.    254.     34.     18.    105.   126.   326.   0.67      0.      0.     30.      0.     38.      0.
  120  69    666.    185.    797.      0.   1648.    249.   0.35   1.82   1.00   0.41   0.02    125.    212.      0.     48.     43.     32.     21.    518.    268.      0.      0.    105.   170.   397.   0.45      0.      0.     30.      0.     38.      1.
  130  69    711.    376.   1329.      0.   2416.    386.   0.54   1.89   1.00   0.40   0.02    125.    218.      0.     64.     49.     32.     22.    501.    251.      0.      0.    105.   218.   469.   0.38      0.      0.     30.      0.     37.      2.
  140  69    838.    490.   2165.      0.   3494.    545.   0.76   2.17   1.00   0.40   0.02    125.    257.      0.     86.     58.     32.     26.    506.    256.      0.      0.    105.   265.   537.   0.99     73.      0.     69.      0.     75.      2.
  150  69   1038.    500.   4113.      0.   5651.    693.   0.96   2.59   1.00   0.39   0.02    125.    275.      0.    110.     64.     32.     28.    491.    241.      0.      0.    105.   331.   623.   1.00     60.      0.     82.      0.     89.      2.
  160  69    834.    704.   4327.   1792.   7657.    833.   1.12   2.08   1.00   0.40   0.02    125.    316.      0.    134.     70.     32.     32.    498.    248.      0.      0.    105.   389.   700.   1.00     57.      0.     85.      0.     91.      3.
  170  69    574.    964.   4327.   4542.  10406.   1031.   1.33   1.43   1.00   0.37   0.02    125.    331.      0.    169.     80.     32.     33.    467.    217.      0.      0.    105.   467.   818.   0.90     98.      0.    100.      0.    104.      4.
  180  69    339.   1199.   4327.   5611.  11476.   1202.   1.51   0.90   1.00   0.36   0.02    125.    346.      0.    185.     92.     32.     35.    452.    202.      0.      0.    105.   506.   894.   0.37     98.      0.    100.      0.    104.      5.
  190  69    163.   1374.   3536.   5925.  11790.   1384.   1.70   0.52   1.00   0.35   0.02    125.    365.      0.    197.    106.     32.     37.    443.    193.      0.      0.    105.   536.   979.   0.19     98.      0.    100.      0.    101.      8.
  200  69     73.   1465.   2889.   5973.  11838.   1566.   1.89   0.31   1.00   0.34   0.02    125.    376.      0.    205.    122.     32.     38.    429.    179.      0.      0.    105.   554.  1060.   0.09     98.      0.    100.      0.     99.     10.
  206  69     47.   1491.   2611.   5978.  11843.   1673.   2.00   0.24   1.00   0.34   0.02    125.    389.      0.    209.    133.     32.     39.    426.    176.      0.      0.    105.   562.  1112.   0.06     98.      0.    100.      0.     98.     11.
  209  69      0.      0.      0.      0.      0.      0.   0.00   0.00   1.00   0.34   0.02    125.    389.      0.    209.    139.     32.     39.    420.    170.      0.      0.    105.     0.     0.   1.00     98.      0.      0.      0.      0.      0.
  219  69      0.      0.      0.      0.      0.      0.   0.00   0.00   1.00   0.33   0.02    125.    406.      0.    209.    163.     32.     41.    411.    161.      0.      0.    105.     0.     0.   1.00     98.      0.      0.      0.      0.      0.
  229  69      0.      0.      0.      0.      0.      0.   0.00   0.00   1.00   0.33   0.02    125.    434.      0.    209.    190.     32.     43.    410.    160.      0.      0.    105.     0.     0.   1.00     98.      0.      0.      0.      0.      0.
  239  69      0.      0.      0.      0.      0.      0.   0.00   0.00   1.00   0.36   0.02    125.    506.      0.    209.    211.     32.     51.    454.    204.      0.      0.    105.     0.     0.   1.00     98.      0.      0.      0.      0.      0.
  249  69      0.      0.      0.      0.      0.      0.   0.00   0.00   1.00   0.36   0.02    125.    518.      0.    209.    224.     32.     52.    451.    201.      0.      0.    105.     0.     0.   1.00     98.      0.      0.      0.      0.      0.
  259  69      0.      0.      0.      0.      0.      0.   0.00   0.00   1.00   0.36   0.02    125.    518.      0.    209.    231.     32.     52.    445.    195.      0.      0.    105.     0.     0.   1.00     98.      0.      0.      0.      0.      0.
  269  69      0.      0.      0.      0.      0.      0.   0.00   0.00   1.00   0.36   0.02    125.    524.      0.    209.    237.     32.     52.    444.    194.      0.      0.    105.     0.     0.   1.00     98.      0.      0.      0.      0.      0.
  279  69      0.      0.      0.      0.      0.      0.   0.00   0.00   1.00   0.35   0.02    125.    531.      0.    209.    244.     32.     53.    443.    193.      0.      0.    105.     0.     0.   1.00     98.      0.      0.      0.      0.      0.
  289  69      0.      0.      0.      0.      0.      0.   0.00   0.00   1.00   0.35   0.02    125.    532.      0.    209.    246.     32.     53.    442.    192.      0.      0.    105.     0.     0.   1.00     98.      0.      0.      0.      0.      0.
  299  69      0.      0.      0.      0.      0.      0.   0.00   0.00   1.00   0.36   0.02    125.    545.      0.    209.    253.     32.     55.    447.    197.      0.      0.    105.     0.     0.   1.00     98.      0.      0.      0.      0.      0.
  309  69      0.      0.      0.      0.      0.      0.   0.00   0.00   1.00   0.36   0.02    125.    554.      0.    209.    257.     32.     55.    450.    200.      0.      0.    105.     0.     0.   1.00     98.      0.      0.      0.      0.      0.
  319  69      0.      0.      0.      0.      0.      0.   0.00   0.00   1.00   0.38   0.02    125.    592.      0.    209.    264.     32.     59.    478.    228.      0.      0.    105.     0.     0.   1.00     98.      0.      0.      0.      0.      0.
  329  69      0.      0.      0.      0.      0.      0.   0.00   0.00   1.00   0.38   0.02    125.    599.      0.    209.    268.     32.     60.    480.    230.      0.      0.    105.     0.     0.   1.00     98.      0.      0.      0.      0.      0.
  339  69      0.      0.      0.      0.      0.      0.   0.00   0.00   1.00   0.39   0.02    125.    611.      0.    209.    268.     32.     61.    491.    241.      0.      0.    105.     0.     0.   1.00     98.      0.      0.      0.      0.      0.
  349  69      0.      0.      0.      0.      0.      0.   0.00   0.00   1.00   0.40   0.02    125.    621.      0.    209.    268.     32.     62.    500.    250.      0.      0.    105.     0.     0.   1.00     98.      0.      0.      0.      0.      0.
  359  69      0.      0.      0.      0.      0.      0.   0.00   0.00   1.00   0.41   0.02    125.    643.      0.    209.    269.     32.     64.    518.    268.      0.      0.    105.     0.     0.   1.00     98.      0.      0.      0.      0.      0.
    4  70      0.      0.      0.      0.      0.      0.   0.00   0.00   1.00   0.42   0.02    125.    648.      0.    209.    270.     32.     65.    522.    272.      0.      0.    105.     0.     0.   1.00     98.      0.      0.      0.      0.      0.
   14  70      0.      0.      0.      0.      0.      0.   0.00   0.00   1.00   0.42   0.02    125.    658.      0.    209.    272.     36.     66.    525.    275.      0.      0.    105.     0.     0.   1.00     98.      0.      0.      0.      0.      0.
   20  70      0.      0.      0.      0.      0.      0.   0.00   0.00   1.00   0.42   0.02    125.    663.      0.    209.    272.     41.     66.    525.    275.      0.      0.    105.     0.     0.   1.00     98.      0.      0.      0.      0.      0.
   24  70      0.      0.      0.      0.      0.      0.   0.00   0.00   1.00   0.42   0.02    125.    668.      0.    209.    272.     46.     67.    525.    275.      0.      0.    105.     0.     0.   1.00     98.      0.      0.      0.      0.      0.
   34  70      0.      0.      0.      0.      0.      0.   0.00   0.00   1.00   0.42   0.02    125.    700.      0.    209.    273.     73.     70.    525.    275.      0.      0.    105.     0.     0.   1.00     98.      0.      0.      0.      0.      0.
   44  70      0.      0.      0.      0.      0.      0.   0.00   0.00   1.00   0.42   0.02    125.    727.      0.    209.    276.     94.     73.    525.    275.      0.      0.    105.     0.     0.   1.00     98.      0.      0.      0.      0.      0.
   54  70      0.      0.      0.      0.      0.      0.   0.00   0.00   1.00   0.42   0.02    125.    777.      0.    209.    279.    137.     78.    525.    275.      0.      0.    105.     0.     0.   1.00     98.      0.      0.      0.      0.      0.
   64  70      0.      0.      0.      0.      0.      0.   0.00   0.00   1.00   0.42   0.02    125.    795.      0.    209.    284.    149.     80.    525.    275.      0.      0.    105.     0.     0.   1.00     98.      0.      0.      0.      0.      0.
   74  70      0.      0.      0.      0.      0.      0.   0.00   0.00   1.00   0.42   0.02    125.    799.      0.    209.    286.    150.     80.    524.    274.      0.      0.    105.     0.     0.   1.00     98.      0.      0.      0.      0.      0.
   84  70      0.      0.      0.      0.      0.      0.   0.00   0.00   1.00   0.42   0.02    125.    822.      0.    209.    292.    164.     82.    525.    275.      0.      0.    105.     0.     0.   1.00     98.      0.      0.      0.      0.      0.
   94  70      0.      0.      0.      0.      0.      0.   0.00   0.00   1.00   0.42   0.02    125.    854.      0.    209.    303.    183.     85.    523.    273.      0.      0.    105.     0.     0.   1.00     98.      0.      0.      0.      0.      0.


Station=  WAGE , Soil=  2, Manage=  2, Rotat=  4 YrRot=  2 , NYear=  7 , NRot=  6 , Crop=  2, Irr.=  0, IOPT=  3,     Runof=0.10, CO2=550. , StYear=1969, StDay=  1

 Planting on day 100, 1970
 Crop emergence on day   0, 1970
 Wageningen, long rotation 4, soil2, future                                      

 DAY  YEAR  WLVG    WLVD    WST    WSO     TAGB    TSUML    DVS    LAI  TRANRF  SMACT  SMACTL   RD    TRAIN   TIRR   TTRANS  TESOIL  TDRAIN  TRUNOF    WTOT   WAVT    WTOTL     WAVTL  WTOTLX  PARAB    PAR    NNI   NMINT  NMIN    NUPT     NFIX   NLIV   NLOSS  
  100  70      0.      0.      0.      0.      0.      0.   0.00   0.00   1.00   0.42   0.42     10.    883.      0.    209.    309.    202.     88.     42.     22.    462.    242.    126.     0.     0.   0.00      0.     30.      0.      0.      0.      0.
  110  70      0.      0.      0.      0.      0.      0.   0.00   0.00   1.00   0.38   0.42     10.    898.      0.    209.    322.    206.     90.     38.     18.    462.    242.    126.     0.    48.   0.00      0.     30.      0.      0.      0.      0.
  114  70      0.      0.      0.      0.      0.      0.   0.00   0.00   1.00   0.41   0.42     10.    905.      0.    209.    326.    206.     90.     41.     21.    462.    242.    126.     0.    61.   1.00      0.     30.      0.      0.      0.      0.
  120  70      1.      0.      0.      0.      1.     40.   0.06   0.00   1.00   0.41   0.42     17.    929.      0.    209.    340.    214.     93.     66.     34.    437.    229.    126.     0.   102.   0.84      4.     26.      0.      0.      0.      0.
  130  70      2.      0.      1.      0.      3.    151.   0.23   0.00   1.00   0.38   0.42     29.    935.      0.    209.    354.    214.     94.    107.     51.    386.    202.    126.     0.   186.   0.70     12.     18.      0.      0.      0.      0.
  140  70      7.      1.      5.      0.     12.    282.   0.43   0.01   1.00   0.38   0.42     41.    942.      0.    209.    365.    214.     94.    152.     72.    336.    176.    126.     1.   266.   0.90    131.     10.      1.      0.      1.      0.
  150  70     21.      2.     17.      0.     40.    389.   0.60   0.04   1.00   0.38   0.42     53.    950.      0.    210.    378.    214.     95.    198.     94.    286.    150.    126.     2.   346.   0.88    137.      3.      2.      0.      2.      0.
  160  70     77.      7.     90.      0.    174.    529.   0.81   0.14   1.00   0.37   0.42     65.    951.      0.    212.    386.    214.     95.    238.    110.    235.    123.    126.     7.   457.   0.70    136.      0.      6.      0.      6.      0.
  170  70    241.     26.    362.      5.    635.    682.   1.03   0.43   1.00   0.35   0.42     77.    960.      0.    218.    409.    214.     96.    268.    116.    185.     97.    126.    25.   575.   0.66    179.      0.     19.      0.     19.      1.
  180  70    486.     62.    792.    261.   1601.    852.   1.16   0.87   1.00   0.34   0.42     89.    968.      0.    231.    420.    214.     97.    301.    125.    134.     70.    126.    57.   669.   0.91    153.      0.     45.      0.     44.      1.
  190  70    652.     87.   1059.    945.   2742.    997.   1.26   1.18   1.00   0.37   0.42    101.   1018.      0.    246.    433.    214.    102.    368.    168.     84.     44.    126.    90.   734.   0.89    136.      0.     62.      0.     60.      2.
  200  70    595.    235.   1237.   2181.   4248.   1141.   1.36   1.09   1.00   0.39   0.42    113.   1071.      0.    263.    444.    214.    107.    439.    215.     34.     18.    126.   133.   810.   0.95    119.      0.     79.      0.     73.      6.
  210  70    453.    423.   1338.   3016.   5230.   1286.   1.47   0.83   1.00   0.39   0.00    120.   1100.      0.    276.    456.    214.    110.    473.    233.      0.      0.    126.   161.   869.   0.95    108.      0.     90.      0.     80.     10.
  220  70    317.    609.   1272.   3988.   6373.   1460.   1.59   0.59   1.00   0.38   0.00    120.   1107.      0.    290.    466.    214.    111.    457.    217.      0.      0.    126.   197.   959.   0.56    104.      0.     94.      0.     76.     18.
  230  70    170.    766.   1076.   4293.   6729.   1609.   1.70   0.33   1.00   0.38   0.00    120.   1130.      0.    297.    480.    214.    113.    456.    216.      0.      0.    126.   216.  1027.   0.23    104.      0.     94.      0.     67.     27.
  240  70     78.    859.    887.   4366.   6812.   1759.   1.80   0.18   1.00   0.37   0.00    120.   1139.      0.    301.    492.    214.    114.    447.    207.      0.      0.    126.   227.  1098.   0.10    104.      0.     94.      0.     61.     33.
  250  70     34.    904.    726.   4377.   6825.   1902.   1.91   0.10   1.00   0.36   0.00    120.   1142.      0.    304.    503.    214.    114.    437.    197.      0.      0.    126.   234.  1168.   0.04    104.      0.     94.      0.     57.     38.
  257  70     19.    919.    630.   4377.   6825.   1999.   1.97   0.07   1.00   0.39   0.00    120.   1188.      0.    305.    515.    214.    119.    465.    225.      0.      0.    126.   235.  1198.   0.03    104.      0.     94.      0.     54.     40.
  257  70      0.      0.      0.      0.      0.      0.   0.00   0.00   1.00   0.39   0.00    120.   1192.      0.    305.    516.    214.    119.    467.    227.      0.      0.    126.     0.     0.   1.00    104.      0.      0.      0.      0.      0.
  258  70      0.      0.      0.      0.      0.      0.   0.00   0.00   1.00   0.39   0.00    120.   1199.      0.    305.    519.    214.    120.    471.    231.      0.      0.    126.     0.     0.   1.00    104.      0.      0.      0.      0.      0.
  268  70      0.      0.      0.      0.      0.      0.   0.00   0.00   1.00   0.40   0.00    120.   1223.      0.    305.    528.    214.    122.    483.    243.      0.      0.    126.     0.     0.   1.00    104.      0.      0.      0.      0.      0.
  278  70      0.      0.      0.      0.      0.      0.   0.00   0.00   1.00   0.42   0.00    120.   1257.      0.    305.    539.    214.    126.    503.    263.      0.      0.    126.     0.     0.   1.00    104.      0.      0.      0.      0.      0.
  288  70      0.      0.      0.      0.      0.      0.   0.00   0.00   1.00   0.42   0.00    120.   1260.      0.    305.    543.    214.    126.    502.    262.      0.      0.    126.     0.     0.   1.00    104.      0.      0.      0.      0.      0.
  298  70      0.      0.      0.      0.      0.      0.   0.00   0.00   1.00   0.42   0.00    120.   1290.      0.    305.    548.    233.    129.    504.    264.      0.      0.    126.     0.     0.   1.00    104.      0.      0.      0.      0.      0.
  308  70      0.      0.      0.      0.      0.      0.   0.00   0.00   1.00   0.42   0.00    120.   1351.      0.    305.    555.    283.    135.    502.    262.      0.      0.    126.     0.     0.   1.00    104.      0.      0.      0.      0.      0.
  318  70      0.      0.      0.      0.      0.      0.   0.00   0.00   1.00   0.42   0.00    120.   1368.      0.    305.    560.    291.    137.    504.    264.      0.      0.    126.     0.     0.   1.00    104.      0.      0.      0.      0.      0.
  328  70      0.      0.      0.      0.      0.      0.   0.00   0.00   1.00   0.42   0.00    120.   1391.      0.    305.    565.    307.    139.    504.    264.      0.      0.    126.     0.     0.   1.00    104.      0.      0.      0.      0.      0.
  338  70      0.      0.      0.      0.      0.      0.   0.00   0.00   1.00   0.42   0.00    120.   1415.      0.    305.    567.    327.    141.    503.    263.      0.      0.    126.     0.     0.   1.00    104.      0.      0.      0.      0.      0.
  348  70      0.      0.      0.      0.      0.      0.   0.00   0.00   1.00   0.42   0.00    120.   1438.      0.    305.    568.    347.    144.    504.    264.      0.      0.    126.     0.     0.   1.00    104.      0.      0.      0.      0.      0.
  358  70      0.      0.      0.      0.      0.      0.   0.00   0.00   1.00   0.42   0.00    120.   1443.      0.    305.    568.    350.    144.    504.    264.      0.      0.    126.     0.     0.   1.00    104.      0.      0.      0.      0.      0.
    3  71      0.      0.      0.      0.      0.      0.   0.00   0.00   1.00   0.42   0.00    120.   1449.      0.    305.    569.    356.    145.    504.    264.      0.      0.    126.     0.     0.   1.00    104.      0.      0.      0.      0.      0.
   13  71      0.      0.      0.      0.      0.      0.   0.00   0.00   1.00   0.42   0.00    120.   1451.      0.    305.    569.    357.    145.    504.    264.      0.      0.    126.     0.     0.   1.00    104.      0.      0.      0.      0.      0.
   23  71      0.      0.      0.      0.      0.      0.   0.00   0.00   1.00   0.42   0.00    120.   1464.      0.    305.    569.    369.    146.    504.    264.      0.      0.    126.     0.     0.   1.00    104.      0.      0.      0.      0.      0.
   33  71      0.      0.      0.      0.      0.      0.   0.00   0.00   1.00   0.42   0.00    120.   1507.      0.    305.    575.    402.    151.    504.    264.      0.      0.    126.     0.     0.   1.00    104.      0.      0.      0.      0.      0.
   43  71      0.      0.      0.      0.      0.      0.   0.00   0.00   1.00   0.42   0.00    120.   1513.      0.    305.    576.    406.    151.    504.    264.      0.      0.    126.     0.     0.   1.00    104.      0.      0.      0.      0.      0.
   53  71      0.      0.      0.      0.      0.      0.   0.00   0.00   1.00   0.42   0.00    120.   1539.      0.    305.    579.    426.    154.    504.    264.      0.      0.    126.     0.     0.   1.00    104.      0.      0.      0.      0.      0.
   63  71      0.      0.      0.      0.      0.      0.   0.00   0.00   1.00   0.42   0.00    120.   1544.      0.    305.    583.    428.    154.    504.    264.      0.      0.    126.     0.     0.   1.00    104.      0.      0.      0.      0.      0.
   73  71      0.      0.      0.      0.      0.      0.   0.00   0.00   1.00   0.42   0.00    120.   1556.      0.    305.    587.    435.    156.    503.    263.      0.      0.    126.     0.     0.   1.00    104.      0.      0.      0.      0.      0.
   83  71      0.      0.      0.      0.      0.      0.   0.00   0.00   1.00   0.42   0.00    120.   1575.      0.    305.    598.    440.    157.    503.    263.      0.      0.    126.     0.     0.   1.00    104.      0.      0.      0.      0.      0.
   93  71      0.      0.      0.      0.      0.      0.   0.00   0.00   1.00   0.42   0.00    120.   1580.      0.    305.    604.    441.    158.    501.    261.      0.      0.    126.     0.     0.   1.00    104.      0.      0.      0.      0.      0.
  103  71      0.      0.      0.      0.      0.      0.   0.00   0.00   1.00   0.41   0.00    120.   1580.      0.    305.    607.    441.    158.    497.    257.      0.      0.    126.     0.     0.   1.00    104.      0.      0.      0.      0.      0.
  113  71      0.      0.      0.      0.      0.      0.   0.00   0.00   1.00   0.41   0.00    120.   1584.      0.    305.    612.    441.    158.    497.    257.      0.      0.    126.     0.     0.   1.00    104.      0.      0.      0.      0.      0.
  114  71      0.      0.      0.      0.      0.      0.   0.00   0.00   1.00   0.41   0.00    120.   1588.      0.    305.    616.    441.    159.    496.    256.      0.      0.    126.     0.     0.   1.00    104.      0.      0.      0.      0.      0.


Station=  WAGE , Soil=  2, Manage=  2, Rotat=  4 YrRot=  3 , NYear=  7 , NRot=  6 , Crop=  3, Irr.=  0, IOPT=  3,     Runof=0.10, CO2=550. , StYear=1969, StDay=  1

 Planting on day 120, 1971
 Crop emergence on day   0, 1971
 Wageningen, long rotation 4, soil2, future                                      

 DAY  YEAR  WLVG    WLVD    WST    WSO     TAGB    TSUML    DVS    LAI  TRANRF  SMACT  SMACTL   RD    TRAIN   TIRR   TTRANS  TESOIL  TDRAIN  TRUNOF    WTOT   WAVT    WTOTL     WAVTL  WTOTLX  PARAB    PAR    NNI   NMINT  NMIN    NUPT     NFIX   NLIV   NLOSS  
  120  71     19.      0.     11.      0.     30.      0.   0.00   0.05   1.00   0.40   0.42     10.   1599.      0.    305.    625.    441.    160.     40.     20.    375.    195.    208.     0.     0.   0.00      0.     30.      0.      0.      2.      0.
  130  71     19.      0.     11.      0.     30.      0.   0.00   0.05   1.00   0.33   0.42     10.   1607.      0.    305.    639.    441.    161.     33.     13.    375.    195.    208.     0.   104.   0.00      0.     30.      0.      0.      2.      0.
  132  71     19.      0.     11.      0.     30.      0.   0.00   0.05   0.93   0.27   0.42     10.   1607.      0.    305.    645.    441.    161.     27.      7.    375.    195.    208.     0.   129.   1.00      0.     30.      0.      0.      2.      0.
  140  71     75.      3.     63.      0.    141.     95.   0.14   0.22   1.00   0.40   0.42     20.   1649.      0.    306.    665.    442.    165.     73.     36.    343.    180.    210.     4.   196.   0.83    113.     24.      5.      0.      7.      0.
  150  71    295.     12.    245.      0.    552.    187.   0.27   0.77   1.00   0.39   0.42     32.   1667.      0.    311.    681.    442.    167.    119.     58.    292.    153.    210.    21.   276.   0.80    106.     16.     20.      0.     22.      0.
  160  71   1176.     55.   1132.      0.   2363.    309.   0.44   2.38   1.00   0.33   0.42     44.   1667.      0.    332.    690.    442.    167.    140.     55.    242.    127.    210.    78.   380.   0.92     53.      9.     80.      0.     82.      0.
  170  71   1775.     85.   1903.      0.   3762.    399.   0.57   3.38   1.00   0.40   0.42     56.   1727.      0.    353.    695.    442.    173.    218.    110.    192.    100.    210.   128.   441.   0.97     83.      2.    113.      0.    115.      0.
  180  71   2503.    141.   3430.      0.   6074.    502.   0.72   4.41   1.00   0.41   0.42     68.   1766.      0.    379.    697.    442.    177.    275.    142.    141.     74.    210.   192.   512.   1.00     48.      0.    150.      0.    152.      1.
  190  71   3146.    331.   6534.      0.  10011.    630.   0.91   5.12   1.00   0.37   0.42     80.   1767.      0.    418.    699.    442.    177.    286.    129.     91.     48.    210.   298.   624.   1.00     20.      0.    178.      0.    178.      2.
  200  71   2965.   1024.   9272.    495.  13757.    753.   1.07   4.63   1.00   0.33   0.42     92.   1767.      0.    453.    699.    442.    177.    302.    121.     40.     21.    210.   390.   721.   1.00      1.      0.    197.      0.    194.      5.
  210  71   2192.   1958.   9927.   2099.  16176.    886.   1.22   3.38   1.00   0.34   0.09    100.   1796.      0.    477.    701.    442.    180.    341.    141.      0.      0.    210.   452.   789.   1.00      0.      0.    198.      0.    190.     10.
  220  71   1494.   2656.   9927.   5204.  19281.   1033.   1.39   2.30   1.00   0.33   0.09    100.   1820.      0.    507.    706.    442.    182.    329.    129.      0.      0.    210.   520.   871.   0.98      0.      0.    198.      0.    186.     14.
  230  71    991.   3159.   9534.   6648.  20726.   1153.   1.53   1.56   1.00   0.32   0.09    100.   1831.      0.    523.    711.    442.    183.    317.    117.      0.      0.    210.   561.   932.   0.77      0.      0.    198.      0.    182.     18.
  240  71    590.   3560.   7790.   8030.  22107.   1289.   1.69   0.98   1.00   0.32   0.09    100.   1859.      0.    538.    721.    442.    186.    317.    117.      0.      0.    210.   601.  1006.   0.63      0.      0.    198.      0.    174.     26.
  250  71    334.   3816.   6365.   8567.  22644.   1404.   1.82   0.61   1.00   0.30   0.09    100.   1864.      0.    548.    728.    442.    186.    304.    104.      0.      0.    210.   625.  1069.   0.47      0.      0.    198.      0.    168.     32.
  260  71    186.   3964.   5201.   8718.  22795.   1483.   1.92   0.40   1.00   0.30   0.09    100.   1865.      0.    553.    732.    442.    187.    296.     96.      0.      0.    210.   642.  1136.   0.36      0.      0.    198.      0.    163.     37.
  269  71    111.   4039.   4424.   8747.  22824.   1558.   2.00   0.29   1.00   0.30   0.09    100.   1876.      0.    556.    737.    442.    188.    299.     99.      0.      0.    210.   651.  1182.   0.33      0.      0.    198.      0.    160.     40.
  269  71      0.      0.      0.      0.      0.      0.   0.00   0.00   1.00   0.30   0.09    100.   1876.      0.    556.    738.    442.    188.    299.     99.      0.      0.    210.     0.     0.   1.00      0.      0.      0.      0.      0.      0.
  279  71      0.      0.      0.      0.      0.      0.   0.00   0.00   1.00   0.30   0.09    100.   1882.      0.    556.    743.    442.    188.    299.     99.      0.      0.    210.     0.     0.   1.00      0.      0.      0.      0.      0.      0.
  289  71      0.      0.      0.      0.      0.      0.   0.00   0.00   1.00   0.30   0.09    100.   1885.      0.    556.    746.    442.    189.    298.     98.      0.      0.    210.     0.     0.   1.00      0.      0.      0.      0.      0.      0.
  299  71      0.      0.      0.      0.      0.      0.   0.00   0.00   1.00   0.31   0.09    100.   1905.      0.    556.    752.    442.    191.    310.    110.      0.      0.    210.     0.     0.   1.00      0.      0.      0.      0.      0.      0.
  309  71      0.      0.      0.      0.      0.      0.   0.00   0.00   1.00   0.31   0.09    100.   1905.      0.    556.    753.    442.    191.    309.    109.      0.      0.    210.     0.     0.   1.00      0.      0.      0.      0.      0.      0.
  319  71      0.      0.      0.      0.      0.      0.   0.00   0.00   1.00   0.32   0.09    100.   1916.      0.    556.    756.    442.    192.    317.    117.      0.      0.    210.     0.     0.   1.00      0.      0.      0.      0.      0.      0.
  329  71      0.      0.      0.      0.      0.      0.   0.00   0.00   1.00   0.35   0.09    100.   1952.      0.    556.    759.    442.    195.    345.    145.      0.      0.    210.     0.     0.   1.00      0.      0.      0.      0.      0.      0.
  339  71      0.      0.      0.      0.      0.      0.   0.00   0.00   1.00   0.36   0.09    100.   1965.      0.    556.    760.    442.    196.    356.    156.      0.      0.    210.     0.     0.   1.00      0.      0.      0.      0.      0.      0.
  349  71      0.      0.      0.      0.      0.      0.   0.00   0.00   1.00   0.36   0.09    100.   1970.      0.    556.    761.    442.    197.    360.    160.      0.      0.    210.     0.     0.   1.00      0.      0.      0.      0.      0.      0.
  359  71      0.      0.      0.      0.      0.      0.   0.00   0.00   1.00   0.38   0.09    100.   1992.      0.    556.    761.    442.    199.    379.    179.      0.      0.    210.     0.     0.   1.00      0.      0.      0.      0.      0.      0.
    4  72      0.      0.      0.      0.      0.      0.   0.00   0.00   1.00   0.38   0.09    100.   1993.      0.    556.    762.    442.    199.    379.    179.      0.      0.    210.     0.     0.   1.00      0.      0.      0.      0.      0.      0.
   14  72      0.      0.      0.      0.      0.      0.   0.00   0.00   1.00   0.38   0.09    100.   1998.      0.    556.    762.    442.    200.    383.    183.      0.      0.    210.     0.     0.   1.00      0.      0.      0.      0.      0.      0.
   24  72      0.      0.      0.      0.      0.      0.   0.00   0.00   1.00   0.40   0.09    100.   2012.      0.    556.    763.    442.    201.    395.    195.      0.      0.    210.     0.     0.   1.00      0.      0.      0.      0.      0.      0.
   34  72      0.      0.      0.      0.      0.      0.   0.00   0.00   1.00   0.41   0.09    100.   2026.      0.    556.    766.    442.    203.    405.    205.      0.      0.    210.     0.     0.   1.00      0.      0.      0.      0.      0.      0.
   44  72      0.      0.      0.      0.      0.      0.   0.00   0.00   1.00   0.42   0.09    100.   2047.      0.    556.    769.    442.    205.    420.    220.      0.      0.    210.     0.     0.   1.00      0.      0.      0.      0.      0.      0.
   54  72      0.      0.      0.      0.      0.      0.   0.00   0.00   1.00   0.42   0.09    100.   2052.      0.    556.    771.    445.    205.    420.    220.      0.      0.    210.     0.     0.   1.00      0.      0.      0.      0.      0.      0.
   64  72      0.      0.      0.      0.      0.      0.   0.00   0.00   1.00   0.42   0.09    100.   2057.      0.    556.    774.    446.    206.    420.    220.      0.      0.    210.     0.     0.   1.00      0.      0.      0.      0.      0.      0.
   74  72      0.      0.      0.      0.      0.      0.   0.00   0.00   1.00   0.42   0.09    100.   2069.      0.    556.    780.    454.    207.    417.    217.      0.      0.    210.     0.     0.   1.00      0.      0.      0.      0.      0.      0.
   84  72      0.      0.      0.      0.      0.      0.   0.00   0.00   1.00   0.41   0.09    100.   2069.      0.    556.    786.    454.    207.    412.    212.      0.      0.    210.     0.     0.   1.00      0.      0.      0.      0.      0.      0.
   94  72      0.      0.      0.      0.      0.      0.   0.00   0.00   1.00   0.42   0.09    100.   2109.      0.    556.    796.    471.    211.    420.    220.      0.      0.    210.     0.     0.   1.00      0.      0.      0.      0.      0.      0.


Station=  WAGE , Soil=  2, Manage=  2, Rotat=  4 YrRot=  4 , NYear=  7 , NRot=  6 , Crop=  4, Irr.=  0, IOPT=  3,     Runof=0.10, CO2=550. , StYear=1969, StDay=  1

 Planting on day 100, 1972
 Crop emergence on day   0, 1972
 Wageningen, long rotation 4, soil2, future                                      

 DAY  YEAR  WLVG    WLVD    WST    WSO     TAGB    TSUML    DVS    LAI  TRANRF  SMACT  SMACTL   RD    TRAIN   TIRR   TTRANS  TESOIL  TDRAIN  TRUNOF    WTOT   WAVT    WTOTL     WAVTL  WTOTLX  PARAB    PAR    NNI   NMINT  NMIN    NUPT     NFIX   NLIV   NLOSS  
  100  72     48.      0.     12.      0.     60.      0.   0.00   0.14   1.00   0.42   0.42     10.   2144.      0.    556.    806.    493.    214.     42.     22.    168.     88.    420.     0.     0.   0.00      0.     30.      0.      0.      4.      0.
  110  72     48.      0.     12.      0.     60.      0.   0.00   0.14   1.00   0.39   0.42     10.   2175.      0.    556.    820.    509.    217.     39.     19.    168.     88.    420.     0.    61.   0.00      0.     30.      0.      0.      4.      0.
  120  72     48.      0.     12.      0.     60.      0.   0.00   0.14   1.00   0.31   0.42     10.   2184.      0.    556.    834.    510.    218.     31.     11.    168.     88.    420.     0.   137.   0.00      0.     30.      0.      0.      4.      0.
  126  72     48.      0.     12.      0.     60.      0.   0.00   0.14   1.00   0.31   0.42     10.   2194.      0.    556.    845.    510.    219.     31.     11.    168.     88.    420.     0.   176.   1.00      0.     30.      0.      0.      4.      0.
  130  72    115.      6.     69.      0.    190.     52.   0.35   0.23   1.00   0.31   0.42     15.   2195.      0.    558.    848.    510.    220.     42.     14.    153.     80.    420.     6.   213.   0.44      1.     27.      2.      0.      6.      0.
  140  72    298.     30.    191.      0.    518.    145.   0.97   0.73   1.00   0.42   0.42     27.   2253.      0.    563.    862.    528.    225.    108.     56.    102.     54.    420.    22.   264.   0.76    108.     20.     15.      0.     18.      1.
  150  72   1041.     99.    765.    300.   2206.    276.   1.11   2.72   1.00   0.40   0.42     39.   2282.      0.    588.    868.    528.    228.    152.     77.     52.     27.    420.    89.   354.   0.89     62.     12.     68.      0.     70.      2.
  160  72   1608.    162.   1270.   1106.   4146.    409.   1.20   4.30   1.00   0.39   0.42     50.   2305.      0.    615.    869.    528.    230.    195.     96.      2.      1.    420.   157.   425.   0.91     23.      4.    115.      0.    115.      3.
  170  72   1749.    295.   2004.   3036.   7084.    534.   1.28   4.69   1.00   0.36   0.00     50.   2322.      0.    647.    870.    528.    232.    180.     80.      0.      0.    420.   253.   521.   0.95     39.      0.    159.      0.    157.      6.
  180  72   1649.    395.   2251.   5051.   9346.    680.   1.37   4.42   1.00   0.37   0.00     50.   2362.      0.    678.    870.    528.    236.    185.     85.      0.      0.    420.   326.   595.   0.97     12.      0.    186.      0.    181.      8.
  190  72   1561.    483.   2251.   7018.  11313.    835.   1.47   4.20   1.00   0.37   0.00     50.   2392.      0.    704.    870.    528.    239.    185.     85.      0.      0.    420.   389.   660.   0.83      0.      0.    198.      0.    192.     10.
  200  72   1049.    995.   1954.   9778.  14073.    994.   1.58   2.94   1.00   0.32   0.00     50.   2404.      0.    738.    871.    528.    240.    162.     62.      0.      0.    420.   487.   760.   0.55      0.      0.    198.      0.    178.     24.
  210  72    519.   1525.   1596.  10430.  14724.   1197.   1.71   1.68   1.00   0.38   0.00     50.   2468.      0.    765.    872.    528.    247.    190.     90.      0.      0.    420.   553.   833.   0.31      0.      0.    198.      0.    162.     40.
  220  72    244.   1800.   1304.  10774.  15069.   1359.   1.81   1.02   1.00   0.35   0.00     50.   2477.      0.    784.    877.    528.    248.    174.     74.      0.      0.    420.   604.   902.   0.16      0.      0.    198.      0.    152.     50.
  230  72    107.   1938.   1066.  10844.  15138.   1531.   1.92   0.64   1.00   0.35   0.00     50.   2504.      0.    800.    887.    528.    250.    173.     73.      0.      0.    420.   648.   980.   0.08      0.      0.    198.      0.    146.     56.
  240  72     51.   1993.    889.  10848.  15142.   1654.   2.00   0.46   1.00   0.35   0.00     50.   2525.      0.    809.    897.    528.    252.    173.     73.      0.      0.    420.   675.  1043.   0.04      0.      0.    198.      0.    142.     59.
  249  72      0.      0.      0.      0.      0.      0.   0.00   0.00   1.00   0.34   0.00     50.   2525.      0.    809.    901.    528.    252.    169.     69.      0.      0.    420.     0.     0.   1.00      0.      0.      0.      0.      0.      0.
  259  72      0.      0.      0.      0.      0.      0.   0.00   0.00   1.00   0.38   0.00     50.   2560.      0.    809.    909.    528.    256.    192.     92.      0.      0.    420.     0.     0.   1.00      0.      0.      0.      0.      0.      0.
  269  72      0.      0.      0.      0.      0.      0.   0.00   0.00   1.00   0.39   0.00     50.   2569.      0.    809.    914.    528.    257.    196.     96.      0.      0.    420.     0.     0.   1.00      0.      0.      0.      0.      0.      0.


Station=  WAGE , Soil=  2, Manage=  2, Rotat=  4 YrRot=  5 , NYear=  7 , NRot=  6 , Crop=  5, Irr.=  0, IOPT=  3,     Runof=0.10, CO2=550. , StYear=1969, StDay=  1

 Planting on day 270, 1972
 Crop emergence on day   0, 1972
 Wageningen, long rotation 4, soil2, future                                      

 DAY  YEAR  WLVG    WLVD    WST    WSO     TAGB    TSUML    DVS    LAI  TRANRF  SMACT  SMACTL   RD    TRAIN   TIRR   TTRANS  TESOIL  TDRAIN  TRUNOF    WTOT   WAVT    WTOTL     WAVTL  WTOTLX  PARAB    PAR    NNI   NMINT  NMIN    NUPT     NFIX   NLIV   NLOSS  
  270  72    137.      0.     59.      0.    195.      0.   0.00   0.30   1.00   0.39   0.41     10.   2569.      0.    809.    914.    528.    257.     39.     19.    474.    244.    103.     0.     0.   0.00      0.     30.      0.      0.     11.      0.
  276  72    137.      0.     59.      0.    195.      0.   0.00   0.30   1.00   0.38   0.41     10.   2570.      0.    810.    916.    528.    257.     38.     18.    474.    244.    103.     0.    25.   1.00      0.     30.      0.      0.     11.      0.
  280  72    205.      4.    104.      0.    314.      9.   0.04   0.40   1.00   0.37   0.41     15.   2570.      0.    811.    917.    528.    257.     50.     23.    459.    236.    103.     4.    50.   0.77      1.     27.      2.      0.     14.      0.
  290  72    293.     31.    191.      0.    515.     28.   0.11   0.76   1.00   0.38   0.41     27.   2570.      0.    812.    919.    528.    257.     97.     45.    409.    211.    103.    15.    91.   0.83      1.     20.     10.      0.     21.      0.
  300  72    383.     49.    254.      0.    687.     35.   0.14   0.95   1.00   0.42   0.41     39.   2586.      0.    814.    921.    528.    259.    156.     81.    360.    185.    103.    24.   118.   0.88      1.     12.     17.      0.     28.      0.
  310  72    486.     83.    344.      0.    912.     38.   0.16   1.15   1.00   0.42   0.42     51.   2594.      0.    816.    922.    528.    259.    207.    108.    314.    163.    103.    33.   138.   0.87      1.      4.     25.      0.     36.      1.
  320  72    556.    107.    397.      0.   1061.     38.   0.16   1.30   1.00   0.42   0.42     63.   2641.      0.    818.    925.    559.    264.    259.    136.    266.    139.    105.    39.   150.   0.86      0.      0.     30.      0.     41.      1.
  330  72    579.    154.    445.      0.   1179.     38.   0.16   1.35   1.00   0.42   0.42     75.   2669.      0.    820.    926.    581.    267.    309.    162.    216.    113.    105.    47.   165.   0.79      0.      0.     30.      0.     40.      1.
  340  72    583.    215.    495.      0.   1294.     38.   0.16   1.35   1.00   0.42   0.42     87.   2674.      0.    821.    927.    583.    267.    360.    188.    165.     87.    105.    54.   179.   0.75      0.      0.     30.      0.     40.      2.
  350  72    568.    295.    551.      0.   1414.     38.   0.16   1.32   1.00   0.42   0.42     99.   2691.      0.    823.    928.    596.    269.    409.    214.    115.     60.    105.    59.   189.   0.72      0.      0.     30.      0.     39.      2.
  360  72    506.    367.    560.      0.   1433.     38.   0.16   1.21   1.00   0.42   0.42    111.   2691.      0.    824.    928.    596.    269.    459.    240.     65.     34.    105.    65.   201.   0.77      0.      0.     30.      0.     39.      3.
    5  73    464.    419.    568.      0.   1452.     38.   0.16   1.12   1.00   0.42   0.42    123.   2691.      0.    825.    929.    596.    269.    508.    264.     14.      7.    105.    70.   212.   0.80      0.      0.     30.      0.     38.      3.
   15  73    433.    461.    576.      0.   1470.     38.   0.16   1.06   1.00   0.42   0.00    125.   2694.      0.    826.    929.    596.    269.    523.    273.      0.      0.    105.    74.   220.   0.83      0.      0.     30.      0.     38.      3.
   25  73    419.    498.    593.      0.   1510.     38.   0.16   1.04   1.00   0.42   0.00    125.   2700.      0.    827.    930.    599.    270.    525.    275.      0.      0.    105.    78.   231.   0.83      0.      0.     30.      0.     38.      4.
   35  73    429.    540.    631.      0.   1601.     38.   0.16   1.06   1.00   0.42   0.00    125.   2718.      0.    828.    931.    613.    272.    525.    275.      0.      0.    105.    85.   246.   0.78      0.      0.     30.      0.     37.      4.
   45  73    413.    587.    654.      0.   1653.     39.   0.16   1.02   1.00   0.42   0.00    125.   2756.      0.    830.    933.    643.    276.    525.    275.      0.      0.    105.    90.   259.   0.78      0.      0.     30.      0.     37.      4.
   55  73    401.    629.    678.      0.   1708.     41.   0.17   1.00   1.00   0.42   0.00    125.   2785.      0.    832.    936.    664.    278.    525.    275.      0.      0.    105.    98.   277.   0.78      0.      0.     30.      0.     37.      5.
   65  73    422.    672.    727.      0.   1821.     46.   0.19   1.04   1.00   0.42   0.00    125.   2793.      0.    834.    938.    666.    279.    524.    274.      0.      0.    105.   113.   314.   0.73      0.      0.     30.      0.     37.      5.
   75  73    421.    737.    787.      0.   1945.     52.   0.22   1.04   1.00   0.42   0.00    125.   2801.      0.    838.    941.    672.    280.    520.    270.      0.      0.    105.   136.   366.   0.71      0.      0.     30.      0.     36.      5.
   85  73    446.    803.    900.      0.   2150.     71.   0.30   1.09   1.00   0.41   0.00    125.   2807.      0.    842.    945.    672.    281.    517.    267.      0.      0.    105.   157.   415.   0.67      0.      0.     30.      0.     36.      6.
   95  73    441.    875.   1022.      0.   2339.     90.   0.38   1.08   1.00   0.42   0.00    125.   2848.      0.    849.    951.    689.    285.    525.    275.      0.      0.    105.   179.   465.   0.68      0.      0.     30.      0.     35.      6.
  105  73    438.    952.   1177.      0.   2567.    105.   0.44   1.07   1.00   0.42   0.00    125.   2867.      0.    855.    960.    694.    287.    522.    272.      0.      0.    105.   207.   526.   0.65      0.      0.     30.      0.     34.      7.
  115  73    512.   1049.   1664.      0.   3225.    143.   0.60   1.20   1.00   0.41   0.00    125.   2880.      0.    864.    967.    694.    288.    518.    268.      0.      0.    105.   239.   596.   0.51      0.      0.     30.      0.     34.      8.
  125  73    491.   1176.   2125.      0.   3792.    205.   0.85   1.17   1.00   0.42   0.00    125.   2903.      0.    873.    974.    694.    290.    522.    272.      0.      0.    105.   269.   659.   0.56      0.      0.     30.      0.     33.      9.
  135  73    428.   1340.   2897.     30.   4695.    286.   1.08   1.02   1.00   0.41   0.00    125.   2922.      0.    884.    986.    694.    292.    517.    267.      0.      0.    105.   300.   728.   1.00     91.      0.     51.      0.     52.     10.
  145  73    420.   1469.   3635.    303.   5828.    396.   1.26   0.96   1.00   0.40   0.00    125.   2933.      0.    899.    996.    694.    293.    501.    251.      0.      0.    105.   343.   829.   1.00     85.      0.     57.      0.     57.     11.
  155  73    305.   1584.   4025.    916.   6831.    519.   1.47   0.70   1.00   0.40   0.00    125.   2963.      0.    910.   1012.    694.    296.    501.    251.      0.      0.    105.   372.   905.   1.00     85.      0.     57.      0.     57.     12.
  165  73    207.   1682.   3597.   1575.   7604.    635.   1.66   0.48   1.00   0.38   0.00    125.   2963.      0.    920.   1022.    694.    296.    481.    231.      0.      0.    105.   401.  1007.   0.64    141.      0.     57.      0.     54.     15.
  175  73    112.   1777.   2941.   1842.   7874.    779.   1.90   0.29   1.00   0.37   0.00    125.   2963.      0.    929.   1031.    694.    296.    463.    213.      0.      0.    105.   424.  1130.   0.36    141.      0.     57.      0.     51.     18.
  180  73     83.   1806.   2713.   1854.   7886.    851.   2.02   0.23   1.00   0.37   0.00    125.   2976.      0.    933.   1039.    694.    298.    463.    213.      0.      0.    105.   431.  1178.   0.29    141.      0.     57.      0.     49.     20.
  184  73      0.      0.      0.      0.      0.      0.   0.00   0.00   1.00   0.36   0.00    125.   2976.      0.    933.   1053.    694.    298.    450.    200.      0.      0.    105.     0.     0.   1.00    141.      0.      0.      0.      0.      0.
  194  73      0.      0.      0.      0.      0.      0.   0.00   0.00   1.00   0.35   0.00    125.   2985.      0.    933.   1069.    694.    298.    441.    191.      0.      0.    105.     0.     0.   1.00    141.      0.      0.      0.      0.      0.
  204  73      0.      0.      0.      0.      0.      0.   0.00   0.00   1.00   0.36   0.00    125.   3017.      0.    933.   1094.    694.    302.    445.    195.      0.      0.    105.     0.     0.   1.00    141.      0.      0.      0.      0.      0.
  214  73      0.      0.      0.      0.      0.      0.   0.00   0.00   1.00   0.35   0.00    125.   3032.      0.    933.   1113.    694.    303.    440.    190.      0.      0.    105.     0.     0.   1.00    141.      0.      0.      0.      0.      0.
  224  73      0.      0.      0.      0.      0.      0.   0.00   0.00   1.00   0.35   0.00    125.   3053.      0.    933.   1135.    694.    305.    437.    187.      0.      0.    105.     0.     0.   1.00    141.      0.      0.      0.      0.      0.
  234  73      0.      0.      0.      0.      0.      0.   0.00   0.00   1.00   0.34   0.00    125.   3053.      0.    933.   1145.    694.    305.    426.    176.      0.      0.    105.     0.     0.   1.00    141.      0.      0.      0.      0.      0.
  244  73      0.      0.      0.      0.      0.      0.   0.00   0.00   1.00   0.35   0.00    125.   3077.      0.    933.   1154.    694.    308.    439.    189.      0.      0.    105.     0.     0.   1.00    141.      0.      0.      0.      0.      0.
  254  73      0.      0.      0.      0.      0.      0.   0.00   0.00   1.00   0.35   0.00    125.   3080.      0.    933.   1163.    694.    308.    432.    182.      0.      0.    105.     0.     0.   1.00    141.      0.      0.      0.      0.      0.
  264  73      0.      0.      0.      0.      0.      0.   0.00   0.00   1.00   0.35   0.00    125.   3103.      0.    933.   1175.    694.    310.    441.    191.      0.      0.    105.     0.     0.   1.00    141.      0.      0.      0.      0.      0.
  274  73      0.      0.      0.      0.      0.      0.   0.00   0.00   1.00   0.37   0.00    125.   3140.      0.    933.   1185.    694.    314.    464.    214.      0.      0.    105.     0.     0.   1.00    141.      0.      0.      0.      0.      0.
  276  73      0.      0.      0.      0.      0.      0.   0.00   0.00   1.00   0.37   0.00    125.   3140.      0.    933.   1186.    694.    314.    464.    214.      0.      0.    105.     0.     0.   1.00    141.      0.      0.      0.      0.      0.
  284  73      0.      0.      0.      0.      0.      0.   0.00   0.00   1.00   0.38   0.00    125.   3159.      0.    933.   1190.    694.    316.    477.    227.      0.      0.    105.     0.     0.   1.00    141.      0.      0.      0.      0.      0.
  294  73      0.      0.      0.      0.      0.      0.   0.00   0.00   1.00   0.42   0.00    125.   3219.      0.    933.   1195.    695.    322.    525.    275.      0.      0.    105.     0.     0.   1.00    141.      0.      0.      0.      0.      0.
  304  73      0.      0.      0.      0.      0.      0.   0.00   0.00   1.00   0.42   0.00    125.   3225.      0.    933.   1197.    699.    323.    524.    274.      0.      0.    105.     0.     0.   1.00    141.      0.      0.      0.      0.      0.
  314  73      0.      0.      0.      0.      0.      0.   0.00   0.00   1.00   0.42   0.00    125.   3245.      0.    933.   1201.    713.    324.    524.    274.      0.      0.    105.     0.     0.   1.00    141.      0.      0.      0.      0.      0.
  324  73      0.      0.      0.      0.      0.      0.   0.00   0.00   1.00   0.42   0.00    125.   3279.      0.    933.   1205.    739.    328.    525.    275.      0.      0.    105.     0.     0.   1.00    141.      0.      0.      0.      0.      0.
  334  73      0.      0.      0.      0.      0.      0.   0.00   0.00   1.00   0.42   0.00    125.   3304.      0.    933.   1205.    761.    330.    525.    275.      0.      0.    105.     0.     0.   1.00    141.      0.      0.      0.      0.      0.
  344  73      0.      0.      0.      0.      0.      0.   0.00   0.00   1.00   0.42   0.00    125.   3333.      0.    933.   1206.    786.    333.    525.    275.      0.      0.    105.     0.     0.   1.00    141.      0.      0.      0.      0.      0.
  354  73      0.      0.      0.      0.      0.      0.   0.00   0.00   1.00   0.42   0.00    125.   3362.      0.    933.   1209.    810.    336.    525.    275.      0.      0.    105.     0.     0.   1.00    141.      0.      0.      0.      0.      0.
  364  73      0.      0.      0.      0.      0.      0.   0.00   0.00   1.00   0.42   0.00    125.   3368.      0.    933.   1210.    814.    337.    525.    275.      0.      0.    105.     0.     0.   1.00    141.      0.      0.      0.      0.      0.
    9  74      0.      0.      0.      0.      0.      0.   0.00   0.00   1.00   0.42   0.00    125.   3382.      0.    933.   1212.    824.    338.    525.    275.      0.      0.    105.     0.     0.   1.00    141.      0.      0.      0.      0.      0.
   19  74      0.      0.      0.      0.      0.      0.   0.00   0.00   1.00   0.42   0.00    125.   3411.      0.    933.   1219.    844.    341.    525.    275.      0.      0.    105.     0.     0.   1.00    141.      0.      0.      0.      0.      0.
   29  74      0.      0.      0.      0.      0.      0.   0.00   0.00   1.00   0.42   0.00    125.   3425.      0.    933.   1222.    853.    342.    525.    275.      0.      0.    105.     0.     0.   1.00    141.      0.      0.      0.      0.      0.
   39  74      0.      0.      0.      0.      0.      0.   0.00   0.00   1.00   0.42   0.00    125.   3433.      0.    933.   1225.    857.    343.    525.    275.      0.      0.    105.     0.     0.   1.00    141.      0.      0.      0.      0.      0.
   49  74      0.      0.      0.      0.      0.      0.   0.00   0.00   1.00   0.42   0.00    125.   3452.      0.    933.   1232.    871.    345.    522.    272.      0.      0.    105.     0.     0.   1.00    141.      0.      0.      0.      0.      0.
   59  74      0.      0.      0.      0.      0.      0.   0.00   0.00   1.00   0.42   0.00    125.   3456.      0.    933.   1233.    871.    346.    524.    274.      0.      0.    105.     0.     0.   1.00    141.      0.      0.      0.      0.      0.
   69  74      0.      0.      0.      0.      0.      0.   0.00   0.00   1.00   0.42   0.00    125.   3474.      0.    933.   1237.    884.    347.    524.    274.      0.      0.    105.     0.     0.   1.00    141.      0.      0.      0.      0.      0.
   79  74      0.      0.      0.      0.      0.      0.   0.00   0.00   1.00   0.42   0.00    125.   3504.      0.    933.   1245.    901.    350.    524.    274.      0.      0.    105.     0.     0.   1.00    141.      0.      0.      0.      0.      0.


Station=  WAGE , Soil=  2, Manage=  2, Rotat=  4 YrRot=  6 , NYear=  7 , NRot=  6 , Crop=  6, Irr.=  0, IOPT=  3,     Runof=0.10, CO2=550. , StYear=1969, StDay=  1

 Planting on day  80, 1974
 Crop emergence on day   0, 1974
 Wageningen, long rotation 4, soil2, future                                      

 DAY  YEAR  WLVG    WLVD    WST    WSO     TAGB    TSUML    DVS    LAI  TRANRF  SMACT  SMACTL   RD    TRAIN   TIRR   TTRANS  TESOIL  TDRAIN  TRUNOF    WTOT   WAVT    WTOTL     WAVTL  WTOTLX  PARAB    PAR    NNI   NMINT  NMIN    NUPT     NFIX   NLIV   NLOSS  
   80  74     11.      0.     11.      0.     22.      0.   0.00   0.03   1.00   0.42   0.42     10.   3510.      0.    933.   1246.    906.    351.     42.     22.    378.    198.    210.     0.     0.   0.00      0.     30.      0.      0.      2.      0.
   90  74     11.      0.     11.      0.     22.      0.   0.00   0.03   1.00   0.36   0.42     10.   3511.      0.    933.   1254.    906.    351.     36.     16.    378.    198.    210.     0.    55.   1.00      0.     30.      0.      0.      2.      0.
  100  74     36.      1.     44.      0.     81.    132.   0.16   0.12   1.00   0.35   0.42     22.   3512.      0.    934.   1261.    906.    351.     73.     32.    332.    174.    210.     5.   141.   0.95      7.     22.      1.      2.      5.      0.
  110  74     81.      4.     92.      0.    176.    227.   0.27   0.27   1.00   0.35   0.42     34.   3512.      0.    937.   1265.    906.    351.    116.     51.    282.    148.    210.    18.   233.   1.00     13.     15.      2.      6.      9.      0.
  120  74    161.      8.    172.      0.    341.    309.   0.37   0.57   1.00   0.37   0.42     46.   3521.      0.    941.   1272.    906.    352.    164.     74.    232.    121.    210.    36.   306.   0.97     20.      8.      3.     11.     15.      0.
  130  74    389.     20.    388.      0.    797.    414.   0.50   1.47   1.00   0.36   0.42     58.   3522.      0.    951.   1274.    906.    352.    203.     89.    181.     95.    210.    65.   362.   0.82     25.      0.      5.     22.     29.      0.
  140  74   1187.     73.   1273.     58.   2592.    571.   0.69   4.58   1.00   0.36   0.42     70.   3555.      0.    980.   1278.    906.    356.    250.    113.    131.     69.    210.   147.   458.   0.86    125.      0.     17.     69.     88.      1.
  150  74   1733.    301.   2201.    303.   4538.    711.   0.85   6.83   1.00   0.35   0.42     82.   3566.      0.   1010.   1278.    906.    357.    280.    118.     81.     42.    210.   237.   549.   0.94    114.      0.     28.    111.    138.      3.
  160  74   1831.    760.   3147.    706.   6444.    848.   1.01   7.30   1.00   0.36   0.42     94.   3608.      0.   1041.   1278.    906.    361.    337.    152.     30.     16.    210.   329.   641.   0.98    106.      0.     36.    146.    176.      8.
  170  74   1709.   1380.   4381.   1887.   9357.   1016.   1.14   6.85   1.00   0.34   0.09    100.   3623.      0.   1077.   1278.    906.    362.    344.    144.      0.      0.    210.   435.   747.   0.94    151.      0.     47.    188.    222.     15.
  180  74   1311.   1951.   5216.   3923.  12401.   1194.   1.27   5.27   1.00   0.33   0.09    100.   3637.      0.   1109.   1278.    906.    364.    325.    125.      0.      0.    210.   529.   842.   0.93    137.      0.     61.    245.    288.     21.
  190  74    877.   2434.   5605.   5495.  14411.   1363.   1.39   3.56   1.00   0.34   0.09    100.   3680.      0.   1136.   1279.    906.    368.    336.    136.      0.      0.    210.   601.   916.   0.47    132.      0.     66.    264.    305.     26.
  200  74    446.   2873.   5600.   6277.  15311.   1532.   1.52   2.01   1.00   0.32   0.09    100.   3695.      0.   1162.   1281.    906.    369.    322.    122.      0.      0.    210.   667.   991.   0.18    132.      0.     66.    264.    300.     32.
  210  74    203.   3116.   4577.   6486.  15521.   1699.   1.64   1.13   1.00   0.31   0.09    100.   3707.      0.   1181.   1286.    906.    371.    309.    109.      0.      0.    210.   719.  1062.   0.08    132.      0.     66.    264.    289.     42.
  220  74     88.   3230.   3740.   6510.  15545.   1872.   1.77   0.66   1.00   0.30   0.09    100.   3716.      0.   1196.   1293.    906.    372.    295.     95.      0.      0.    210.   757.  1139.   0.04    132.      0.     66.    264.    281.     50.
  230  74     37.   3282.   3056.   6510.  15545.   2063.   1.91   0.39   1.00   0.32   0.09    100.   3773.      0.   1204.   1308.    906.    377.    323.    123.      0.      0.    210.   781.  1210.   0.02    132.      0.     66.    264.    275.     56.
  238  74     20.   3299.   2653.   6510.  15545.   2184.   2.00   0.29   1.00   0.31   0.09    100.   3775.      0.   1210.   1315.    906.    378.    312.    112.      0.      0.    210.   797.  1278.   0.01    132.      0.     66.    264.    272.     60.
  239  74      0.      0.      0.      0.      0.      0.   0.00   0.00   1.00   0.32   0.09    100.   3795.      0.   1210.   1320.    906.    379.    324.    124.      0.      0.    210.     0.     0.   1.00    132.      0.      0.      0.      0.      0.
  249  74      0.      0.      0.      0.      0.      0.   0.00   0.00   1.00   0.35   0.09    100.   3843.      0.   1210.   1335.    906.    384.    354.    154.      0.      0.    210.     0.     0.   1.00    132.      0.      0.      0.      0.      0.
  259  74      0.      0.      0.      0.      0.      0.   0.00   0.00   1.00   0.36   0.09    100.   3863.      0.   1210.   1349.    906.    386.    357.    157.      0.      0.    210.     0.     0.   1.00    132.      0.      0.      0.      0.      0.
  269  74      0.      0.      0.      0.      0.      0.   0.00   0.00   1.00   0.39   0.09    100.   3904.      0.   1210.   1356.    906.    390.    387.    187.      0.      0.    210.     0.     0.   1.00    132.      0.      0.      0.      0.      0.
  279  74      0.      0.      0.      0.      0.      0.   0.00   0.00   1.00   0.41   0.09    100.   3936.      0.   1210.   1363.    906.    394.    408.    208.      0.      0.    210.     0.     0.   1.00    132.      0.      0.      0.      0.      0.
  289  74      0.      0.      0.      0.      0.      0.   0.00   0.00   1.00   0.42   0.09    100.   3956.      0.   1210.   1368.    907.    396.    420.    220.      0.      0.    210.     0.     0.   1.00    132.      0.      0.      0.      0.      0.
  299  74      0.      0.      0.      0.      0.      0.   0.00   0.00   1.00   0.42   0.09    100.   3999.      0.   1210.   1373.    941.    400.    420.    220.      0.      0.    210.     0.     0.   1.00    132.      0.      0.      0.      0.      0.
  309  74      0.      0.      0.      0.      0.      0.   0.00   0.00   1.00   0.42   0.09    100.   4049.      0.   1210.   1377.    982.    405.    420.    220.      0.      0.    210.     0.     0.   1.00    132.      0.      0.      0.      0.      0.
  319  74      0.      0.      0.      0.      0.      0.   0.00   0.00   1.00   0.42   0.09    100.   4064.      0.   1210.   1383.    991.    406.    419.    219.      0.      0.    210.     0.     0.   1.00    132.      0.      0.      0.      0.      0.
  329  74      0.      0.      0.      0.      0.      0.   0.00   0.00   1.00   0.42   0.09    100.   4106.      0.   1210.   1388.   1023.    411.    420.    220.      0.      0.    210.     0.     0.   1.00    132.      0.      0.      0.      0.      0.
  339  74      0.      0.      0.      0.      0.      0.   0.00   0.00   1.00   0.42   0.09    100.   4141.      0.   1210.   1393.   1049.    414.    420.    220.      0.      0.    210.     0.     0.   1.00    132.      0.      0.      0.      0.      0.
  349  74      0.      0.      0.      0.      0.      0.   0.00   0.00   1.00   0.42   0.09    100.   4183.      0.   1210.   1399.   1082.    418.    420.    220.      0.      0.    210.     0.     0.   1.00    132.      0.      0.      0.      0.      0.
  359  74      0.      0.      0.      0.      0.      0.   0.00   0.00   1.00   0.42   0.09    100.   4207.      0.   1210.   1404.   1097.    421.    420.    220.      0.      0.    210.     0.     0.   1.00    132.      0.      0.      0.      0.      0.
    4  75      0.      0.      0.      0.      0.      0.   0.00   0.00   1.00   0.42   0.09    100.   4246.      0.   1210.   1411.   1125.    425.    420.    220.      0.      0.    210.     0.     0.   1.00    132.      0.      0.      0.      0.      0.
   14  75      0.      0.      0.      0.      0.      0.   0.00   0.00   1.00   0.42   0.09    100.   4270.      0.   1210.   1415.   1145.    427.    419.    219.      0.      0.    210.     0.     0.   1.00    132.      0.      0.      0.      0.      0.


Station=  WAGE , Soil=  2, Manage=  2, Rotat=  4 YrRot=  1 , NYear=  7 , NRot=  6 , Crop=  1, Irr.=  0, IOPT=  3,     Runof=0.10, CO2=550. , StYear=1969, StDay=  1

 Planting on day   0, 1975
 Crop emergence on day  20, 1975
 Wageningen, long rotation 4, soil2, future                                      

 DAY  YEAR  WLVG    WLVD    WST    WSO     TAGB    TSUML    DVS    LAI  TRANRF  SMACT  SMACTL   RD    TRAIN   TIRR   TTRANS  TESOIL  TDRAIN  TRUNOF    WTOT   WAVT    WTOTL     WAVTL  WTOTLX  PARAB    PAR    NNI   NMINT  NMIN    NUPT     NFIX   NLIV   NLOSS  
   20  75     68.      0.     37.      0.    105.      0.   0.00   0.14   1.00   0.42   0.42     10.   4285.      0.   1210.   1419.   1153.    429.     42.     22.    483.    253.    105.     0.     0.   1.00      0.     30.      0.      0.      8.      0.
   30  75     76.      0.     41.      0.    118.      0.   0.00   0.26   1.00   0.42   0.42     22.   4328.      0.   1211.   1425.   1184.    433.     87.     46.    438.    229.    105.     2.    14.   0.98      7.     22.      1.      0.      9.      0.
   40  75     87.      1.     48.      0.    136.      0.   0.00   0.43   1.00   0.42   0.42     34.   4339.      0.   1211.   1427.   1193.    434.    136.     71.    387.    203.    105.     7.    40.   0.99     13.     15.      2.      0.     11.      0.
   50  75    104.      2.     58.      0.    163.      1.   0.00   0.66   1.00   0.42   0.42     46.   4357.      0.   1213.   1430.   1204.    436.    188.     99.    337.    176.    105.    13.    63.   0.94     19.      8.      4.      0.     12.      0.
   60  75    132.      3.     75.      0.    211.      5.   0.01   0.81   1.00   0.41   0.42     58.   4357.      0.   1216.   1432.   1204.    436.    234.    121.    286.    150.    105.    29.   108.   1.00     22.      0.      8.      0.     16.      0.
   70  75    205.      7.    122.      0.    334.     20.   0.03   0.96   1.00   0.42   0.42     70.   4382.      0.   1219.   1436.   1213.    438.    289.    151.    236.    124.    105.    40.   133.   0.98     13.      0.     17.      0.     25.      0.
   80  75    218.      8.    129.      0.    355.     34.   0.05   0.98   1.00   0.42   0.42     82.   4400.      0.   1222.   1439.   1225.    440.    339.    178.    186.     97.    105.    48.   152.   1.00     12.      0.     18.      0.     26.      0.
   90  75    272.     10.    161.      0.    443.     57.   0.08   1.10   1.00   0.42   0.42     94.   4435.      0.   1227.   1445.   1246.    443.    389.    203.    135.     71.    105.    71.   202.   1.00      6.      0.     24.      0.     32.      0.
  100  75    304.     11.    179.      0.    495.     87.   0.12   1.17   1.00   0.42   0.42    106.   4454.      0.   1232.   1451.   1251.    445.    440.    231.     85.     44.    105.    95.   251.   1.00      4.      0.     26.      0.     35.      0.
  110  75    421.     17.    246.      0.    684.    155.   0.21   1.41   1.00   0.42   0.42    118.   4481.      0.   1237.   1456.   1265.    448.    491.    257.     34.     18.    105.   114.   286.   0.88      0.      0.     30.      0.     38.      0.
  120  75    720.    141.    733.      0.   1593.    261.   0.36   1.95   1.00   0.41   0.00    125.   4492.      0.   1250.   1460.   1265.    449.    518.    268.      0.      0.    105.   164.   364.   0.46      0.      0.     30.      0.     38.      1.
  130  75    777.    366.   1365.      0.   2509.    376.   0.52   2.04   1.00   0.41   0.00    125.   4517.      0.   1267.   1467.   1265.    452.    517.    267.      0.      0.    105.   220.   445.   0.35      0.      0.     30.      0.     37.      1.
  140  75   1012.    500.   2374.      0.   3887.    510.   0.71   2.55   1.00   0.41   0.00    125.   4532.      0.   1283.   1472.   1265.    453.    509.    259.      0.      0.    105.   278.   525.   0.95     64.      0.     78.      0.     84.      2.
  150  75   1381.    521.   4476.      0.   6377.    636.   0.88   3.31   1.00   0.39   0.00    125.   4532.      0.   1309.   1474.   1265.    453.    481.    231.      0.      0.    105.   360.   624.   0.99     41.      0.    101.      0.    107.      2.
  160  75   1325.    615.   5951.   1095.   8986.    758.   1.04   3.17   1.00   0.37   0.00    125.   4551.      0.   1336.   1477.   1265.    455.    467.    217.      0.      0.    105.   446.   724.   1.00     33.      0.    109.      0.    115.      2.
  170  75    941.    998.   5951.   3839.  11730.    935.   1.23   2.25   1.00   0.37   0.00    125.   4575.      0.   1364.   1482.   1265.    458.    457.    207.      0.      0.    105.   524.   821.   1.00     77.      0.    121.      0.    125.      4.
  180  75    646.   1294.   5951.   6016.  13907.   1114.   1.42   1.55   1.00   0.37   0.00    125.   4619.      0.   1387.   1490.   1265.    462.    465.    215.      0.      0.    105.   589.   915.   0.71     69.      0.    129.      0.    132.      5.
  190  75    351.   1589.   5379.   7092.  14983.   1297.   1.61   0.92   1.00   0.37   0.00    125.   4644.      0.   1406.   1502.   1265.    464.    457.    207.      0.      0.    105.   642.  1017.   0.33     69.      0.    129.      0.    129.      8.
  200  75    161.   1779.   4395.   7293.  15184.   1502.   1.82   0.52   1.00   0.37   0.00    125.   4677.      0.   1417.   1517.   1265.    468.    461.    211.      0.      0.    105.   670.  1094.   0.16     69.      0.    129.      0.    126.     11.
  210  75     72.   1868.   3591.   7316.  15206.   1681.   2.01   0.31   1.00   0.37   0.00    125.   4711.      0.   1423.   1534.   1265.    471.    468.    218.      0.      0.    105.   686.  1168.   0.08     69.      0.    129.      0.    123.     13.
  211  75     72.   1868.   3591.   7316.  15206.   1681.   2.01   0.31   1.00   0.37   0.00    125.   4711.      0.   1423.   1536.   1265.    471.    466.    216.      0.      0.    105.   686.  1168.   0.08     69.      0.    129.      0.    123.     13.
  219  75      0.      0.      0.      0.      0.      0.   0.00   0.00   1.00   0.36   0.00    125.   4718.      0.   1423.   1557.   1265.    472.    451.    201.      0.      0.    105.     0.     0.   1.00     69.      0.      0.      0.      0.      0.
  229  75      0.      0.      0.      0.      0.      0.   0.00   0.00   1.00   0.36   0.00    125.   4744.      0.   1423.   1579.   1265.    474.    452.    202.      0.      0.    105.     0.     0.   1.00     69.      0.      0.      0.      0.      0.
  239  75      0.      0.      0.      0.      0.      0.   0.00   0.00   1.00   0.36   0.00    125.   4764.      0.   1423.   1593.   1265.    476.    456.    206.      0.      0.    105.     0.     0.   1.00     69.      0.      0.      0.      0.      0.
  249  75      0.      0.      0.      0.      0.      0.   0.00   0.00   1.00   0.36   0.00    125.   4768.      0.   1423.   1602.   1265.    477.    451.    201.      0.      0.    105.     0.     0.   1.00     69.      0.      0.      0.      0.      0.
  259  75      0.      0.      0.      0.      0.      0.   0.00   0.00   1.00   0.38   0.00    125.   4806.      0.   1423.   1615.   1265.    481.    473.    223.      0.      0.    105.     0.     0.   1.00     69.      0.      0.      0.      0.      0.
  269  75      0.      0.      0.      0.      0.      0.   0.00   0.00   1.00   0.39   0.00    125.   4827.      0.   1423.   1624.   1265.    483.    483.    233.      0.      0.    105.     0.     0.   1.00     69.      0.      0.      0.      0.      0.
  279  75      0.      0.      0.      0.      0.      0.   0.00   0.00   1.00   0.39   0.00    125.   4840.      0.   1423.   1635.   1265.    484.    483.    233.      0.      0.    105.     0.     0.   1.00     69.      0.      0.      0.      0.      0.
  289  75      0.      0.      0.      0.      0.      0.   0.00   0.00   1.00   0.39   0.00    125.   4849.      0.   1423.   1638.   1265.    485.    487.    237.      0.      0.    105.     0.     0.   1.00     69.      0.      0.      0.      0.      0.
  299  75      0.      0.      0.      0.      0.      0.   0.00   0.00   1.00   0.39   0.00    125.   4851.      0.   1423.   1640.   1265.    485.    488.    238.      0.      0.    105.     0.     0.   1.00     69.      0.      0.      0.      0.      0.
  309  75      0.      0.      0.      0.      0.      0.   0.00   0.00   1.00   0.39   0.00    125.   4859.      0.   1423.   1642.   1265.    486.    493.    243.      0.      0.    105.     0.     0.   1.00     69.      0.      0.      0.      0.      0.
  319  75      0.      0.      0.      0.      0.      0.   0.00   0.00   1.00   0.40   0.00    125.   4865.      0.   1423.   1643.   1265.    487.    498.    248.      0.      0.    105.     0.     0.   1.00     69.      0.      0.      0.      0.      0.
  329  75      0.      0.      0.      0.      0.      0.   0.00   0.00   1.00   0.42   0.00    125.   4902.      0.   1423.   1645.   1268.    490.    525.    275.      0.      0.    105.     0.     0.   1.00     69.      0.      0.      0.      0.      0.
  339  75      0.      0.      0.      0.      0.      0.   0.00   0.00   1.00   0.42   0.00    125.   4947.      0.   1423.   1648.   1306.    495.    525.    275.      0.      0.    105.     0.     0.   1.00     69.      0.      0.      0.      0.      0.
  349  75      0.      0.      0.      0.      0.      0.   0.00   0.00   1.00   0.42   0.00    125.   4951.      0.   1423.   1649.   1308.    495.    525.    275.      0.      0.    105.     0.     0.   1.00     69.      0.      0.      0.      0.      0.
  359  75      0.      0.      0.      0.      0.      0.   0.00   0.00   1.00   0.42   0.00    125.   4956.      0.   1423.   1650.   1312.    496.    525.    275.      0.      0.    105.     0.     0.   1.00     69.      0.      0.      0.      0.      0.
    1  76      0.      0.      0.      0.      0.      0.   0.00   0.00   1.00   0.42   0.00    125.   4974.      0.   1423.   1652.   1327.    497.    525.    275.      0.      0.    105.     0.     0.   1.00     69.      0.      0.      0.      0.      0.
