
 CROP PRODUCTION AND SOIL WATER STATUS FROM LINTUL6 ROTATION MODEL 
 =======================================


DATA-FILE  WARO1PTS.OUT


Name of run: WARO1


Station=  WAGE , Soil=  1, Manage=  1, Rotat=  5 YrRot=  1 , NYear=  4 , NRot=  3 , Crop=  2, Irr.=  1, IOPT=  1,     Runof=0.00, CO2=370. , StYear=1969, StDay=  1

 DAY  YEAR  WLVG    WLVD    WST    WSO     TAGB    TSUML    DVS    LAI  TRANRF  SMACT  SMACTL   RD    TRAIN   TIRR   TTRANS  TESOIL  TDRAIN  TRUNOF    WTOT   WAVT    WTOTL      WAVTL WTOTLX  PARAB    PAR    NNI   NMINT  NMIN    NUPT       NFIX   NLIV   NLOSS  
    1  69      0.      0.      0.      0.      0.      0.   0.00   0.00   1.00   0.30   0.30     10.      0.      0.      0.      0.      0.      0.      0.      0.      0.      0.      0.     0.     0.   0.00      0.      0.      0.      0.      0.      0.
   10  69      0.      0.      0.      0.      0.      0.   0.00   0.00   1.00   0.33   0.30     10.      3.      0.      0.      1.      0.      0.     33.     13.    330.    110.     90.     0.     0.   0.00      0.      0.      0.      0.      0.      0.
   20  69      0.      0.      0.      0.      0.      0.   0.00   0.00   1.00   0.35   0.31     10.     18.      0.      0.      3.      0.      0.     35.     15.    341.    121.     90.     0.     0.   0.00      0.      0.      0.      0.      0.      0.
   30  69      0.      0.      0.      0.      0.      0.   0.00   0.00   1.00   0.35   0.32     10.     34.      0.      0.      4.      0.      0.     35.     15.    355.    135.     90.     0.     0.   0.00      0.      0.      0.      0.      0.      0.
   40  69      0.      0.      0.      0.      0.      0.   0.00   0.00   1.00   0.35   0.33     10.     50.      0.      0.      8.      0.      0.     35.     15.    367.    147.     90.     0.     0.   0.00      0.      0.      0.      0.      0.      0.
   50  69      0.      0.      0.      0.      0.      0.   0.00   0.00   1.00   0.35   0.35     10.     69.      0.      0.      9.      0.      0.     35.     15.    385.    165.     90.     0.     0.   0.00      0.      0.      0.      0.      0.      0.
   60  69      0.      0.      0.      0.      0.      0.   0.00   0.00   1.00   0.34   0.35     10.     80.      0.      0.     12.      0.      0.     34.     14.    385.    165.     98.     0.     0.   0.00      0.      0.      0.      0.      0.      0.
   70  69      0.      0.      0.      0.      0.      0.   0.00   0.00   1.00   0.34   0.35     10.     83.      0.      0.     15.      0.      0.     34.     14.    385.    165.     98.     0.     0.   0.00      0.      0.      0.      0.      0.      0.
   80  69      0.      0.      0.      0.      0.      0.   0.00   0.00   1.00   0.34   0.35     10.    119.      0.      0.     20.     24.      0.     34.     14.    385.    165.    105.     0.     0.   0.00      0.      0.      0.      0.      0.      0.
   90  69      0.      0.      0.      0.      0.      0.   0.00   0.00   1.00   0.35   0.35     10.    126.      0.      0.     25.     26.      0.     35.     15.    385.    165.    105.     0.     0.   0.00      0.      0.      0.      0.      0.      0.


Station=  WAGE , Soil=  1, Manage=  1, Rotat=  5 YrRot=  1 , NYear=  4 , NRot=  3 , Crop=  2, Irr.=  1, IOPT=  1,     Runof=0.00, CO2=370. , StYear=1969, StDay=  1

 Planting on day 100, 1969
 Crop emergence on day   0, 1969
 Wageningen, rotation 5, soil1, current                                          

 DAY  YEAR  WLVG    WLVD    WST    WSO     TAGB    TSUML    DVS    LAI  TRANRF  SMACT  SMACTL   RD    TRAIN   TIRR   TTRANS  TESOIL  TDRAIN  TRUNOF    WTOT   WAVT    WTOTL     WAVTL  WTOTLX  PARAB    PAR    NNI   NMINT  NMIN    NUPT     NFIX   NLIV   NLOSS  
  100  69      0.      0.      0.      0.      0.      0.   0.00   0.00   1.00   0.25   0.35     10.    138.      0.      0.     37.     36.      0.     25.      5.    385.    165.    105.     0.     0.   1.00      0.     30.      0.      0.      0.      0.
  110  69      0.      0.      0.      0.      0.      0.   0.00   0.00   1.00   0.33   0.35     10.    184.      7.      0.     55.     63.      0.     33.     13.    385.    165.    105.     0.    60.   1.00      0.     30.      0.      0.      0.      0.
  120  69      0.      0.      0.      0.      0.      0.   0.00   0.00   1.00   0.29   0.35     10.    212.      7.      0.     71.     78.      0.     29.      9.    385.    165.    105.     0.   131.   1.00      0.     30.      0.      0.      0.      0.
  130  69      1.      0.      0.      0.      1.     93.   0.14   0.00   1.00   0.32   0.35     22.    218.     19.      0.     90.     78.      0.     66.     25.    347.    149.    105.     0.   203.   1.00      7.     22.      0.      0.      0.      0.
  140  69      5.      0.      2.      0.      7.    200.   0.31   0.01   1.00   0.35   0.35     34.    257.     19.      0.    117.     84.      0.    115.     49.    305.    131.    105.     0.   271.   1.00     99.     15.      0.      0.      0.      0.
  150  69     26.      0.     10.      0.     36.    298.   0.46   0.05   1.00   0.34   0.35     46.    275.     19.      0.    139.     85.      0.    151.     61.    263.    113.    105.     2.   357.   1.00    105.      8.      1.      0.      1.      0.
  160  69     96.      0.     46.      0.    142.    387.   0.60   0.19   1.00   0.33   0.35     58.    316.     19.      2.    163.    108.      0.    187.     73.    221.     95.    105.     7.   434.   1.00    109.      0.      5.      0.      5.      0.
  170  69    533.      0.    336.      0.    869.    536.   0.82   1.07   1.00   0.34   0.35     70.    331.     49.     11.    194.    108.      0.    232.     95.    179.     77.    105.    40.   552.   1.00     79.      0.     35.      0.     35.      0.
  180  69   1169.      0.    893.      0.   2062.    657.   1.01   2.34   1.00   0.32   0.35     82.    346.     49.     27.    206.    108.      0.    262.    100.    137.     59.    105.    89.   628.   1.00     68.      0.     74.      0.     74.      0.
  190  69   2003.      0.   1744.    291.   4037.    789.   1.10   4.01   1.00   0.33   0.35     94.    365.     59.     52.    211.    108.      0.    303.    117.     95.     41.    105.   164.   713.   1.00      3.      0.    139.      0.    139.      0.
  200  69   2540.     92.   2428.   1222.   6281.    918.   1.20   5.08   1.00   0.32   0.35    106.    376.     69.     80.    214.    108.      0.    335.    125.     53.     23.    105.   241.   794.   1.00    -45.      0.    187.      0.    185.      2.
  210  69   2566.    419.   2892.   3130.   9007.   1087.   1.32   5.13   1.00   0.32   0.35    118.    389.     89.    117.    216.    108.      0.    371.    137.     11.      5.    105.   332.   887.   1.00    -82.      0.    224.      0.    214.     10.
  220  69   1856.   1264.   3163.   5431.  11714.   1256.   1.44   3.71   1.00   0.31   0.00    120.    406.    109.    157.    219.    108.      0.    376.    136.      0.      0.    105.   425.   985.   1.00    -99.      0.    241.      0.    211.     30.
  230  69   1372.   1854.   3053.   7225.  13825.   1419.   1.55   2.74   1.00   0.33   0.00    120.    436.    149.    197.    227.    108.      0.    398.    158.      0.      0.    105.   499.  1067.   1.00   -112.      0.    254.      0.    203.     51.
  240  69   1074.   2215.   2605.   8303.  15088.   1538.   1.64   2.15   1.00   0.35   0.00    120.    512.    149.    215.    233.    138.      0.    420.    180.      0.      0.    105.   544.  1122.   1.00   -112.      0.    254.      0.    182.     72.
  250  69    861.   2494.   2230.   9446.  16408.   1653.   1.72   1.72   1.00   0.34   0.00    120.    518.    149.    228.    238.    140.      0.    407.    167.      0.      0.    105.   591.  1187.   1.00   -112.      0.    254.      0.    165.     89.
  260  69    657.   2753.   1894.  10404.  17501.   1800.   1.83   1.31   1.00   0.33   0.00    120.    519.    149.    240.    240.    140.      0.    392.    152.      0.      0.    105.   631.  1248.   1.00   -112.      0.    254.      0.    150.    105.
  270  69    527.   2917.   1584.  11020.  18192.   1909.   1.90   1.05   1.00   0.32   0.00    120.    528.    149.    248.    245.    140.      0.    388.    148.      0.      0.    105.   661.  1300.   1.00   -112.      0.    254.      0.    138.    116.
  280  69    435.   3034.   1317.  11460.  18680.   1998.   1.97   0.87   1.00   0.32   0.00    120.    531.    149.    254.    250.    140.      0.    381.    141.      0.      0.    105.   684.  1347.   1.00   -112.      0.    254.      0.    129.    125.
  285  69    395.   3084.   1224.  11644.  18885.   2047.   2.00   0.79   1.00   0.32   0.00    120.    531.    149.    256.    250.    140.      0.    379.    139.      0.      0.    105.   692.  1366.   1.00   -112.      0.    254.      0.    126.    128.
  289  69      0.      0.      0.      0.      0.      0.   0.00   0.00   1.00   0.32   0.00    120.    532.    149.    256.    252.    140.      0.    379.    139.      0.      0.    105.     0.     0.   1.00   -112.      0.      0.      0.      0.      0.
  299  69      0.      0.      0.      0.      0.      0.   0.00   0.00   1.00   0.32   0.00    120.    545.    149.    256.    256.    140.      0.    387.    147.      0.      0.    105.     0.     0.   1.00   -112.      0.      0.      0.      0.      0.
  309  69      0.      0.      0.      0.      0.      0.   0.00   0.00   1.00   0.33   0.00    120.    554.    149.    256.    260.    140.      0.    392.    152.      0.      0.    105.     0.     0.   1.00   -112.      0.      0.      0.      0.      0.
  319  69      0.      0.      0.      0.      0.      0.   0.00   0.00   1.00   0.35   0.00    120.    592.    149.    256.    264.    146.      0.    420.    180.      0.      0.    105.     0.     0.   1.00   -112.      0.      0.      0.      0.      0.
  329  69      0.      0.      0.      0.      0.      0.   0.00   0.00   1.00   0.35   0.00    120.    599.    149.    256.    267.    150.      0.    420.    180.      0.      0.    105.     0.     0.   1.00   -112.      0.      0.      0.      0.      0.
  339  69      0.      0.      0.      0.      0.      0.   0.00   0.00   1.00   0.35   0.00    120.    611.    149.    256.    267.    162.      0.    420.    180.      0.      0.    105.     0.     0.   1.00   -112.      0.      0.      0.      0.      0.
  349  69      0.      0.      0.      0.      0.      0.   0.00   0.00   1.00   0.35   0.00    120.    622.    149.    256.    268.    172.      0.    420.    180.      0.      0.    105.     0.     0.   1.00   -112.      0.      0.      0.      0.      0.
  359  69      0.      0.      0.      0.      0.      0.   0.00   0.00   1.00   0.35   0.00    120.    643.    149.    256.    268.    193.      0.    420.    180.      0.      0.    105.     0.     0.   1.00   -112.      0.      0.      0.      0.      0.
    4  70      0.      0.      0.      0.      0.      0.   0.00   0.00   1.00   0.35   0.00    120.    648.    149.    256.    269.    197.      0.    420.    180.      0.      0.    105.     0.     0.   1.00   -112.      0.      0.      0.      0.      0.
   14  70      0.      0.      0.      0.      0.      0.   0.00   0.00   1.00   0.35   0.00    120.    658.    149.    256.    270.    206.      0.    420.    180.      0.      0.    105.     0.     0.   1.00   -112.      0.      0.      0.      0.      0.
   24  70      0.      0.      0.      0.      0.      0.   0.00   0.00   1.00   0.35   0.00    120.    668.    149.    256.    270.    216.      0.    420.    180.      0.      0.    105.     0.     0.   1.00   -112.      0.      0.      0.      0.      0.
   34  70      0.      0.      0.      0.      0.      0.   0.00   0.00   1.00   0.35   0.00    120.    700.    149.    256.    271.    247.      0.    420.    180.      0.      0.    105.     0.     0.   1.00   -112.      0.      0.      0.      0.      0.
   44  70      0.      0.      0.      0.      0.      0.   0.00   0.00   1.00   0.35   0.00    120.    727.    149.    256.    273.    272.      0.    420.    180.      0.      0.    105.     0.     0.   1.00   -112.      0.      0.      0.      0.      0.
   54  70      0.      0.      0.      0.      0.      0.   0.00   0.00   1.00   0.35   0.00    120.    777.    149.    256.    275.    320.      0.    420.    180.      0.      0.    105.     0.     0.   1.00   -112.      0.      0.      0.      0.      0.
   64  70      0.      0.      0.      0.      0.      0.   0.00   0.00   1.00   0.35   0.00    120.    795.    149.    256.    278.    335.      0.    420.    180.      0.      0.    105.     0.     0.   1.00   -112.      0.      0.      0.      0.      0.
   74  70      0.      0.      0.      0.      0.      0.   0.00   0.00   1.00   0.35   0.00    120.    800.    149.    256.    280.    338.      0.    419.    179.      0.      0.    105.     0.     0.   1.00   -112.      0.      0.      0.      0.      0.
   84  70      0.      0.      0.      0.      0.      0.   0.00   0.00   1.00   0.35   0.00    120.    822.    149.    256.    285.    355.      0.    420.    180.      0.      0.    105.     0.     0.   1.00   -112.      0.      0.      0.      0.      0.
   94  70      0.      0.      0.      0.      0.      0.   0.00   0.00   1.00   0.35   0.00    120.    854.    149.    256.    293.    379.      0.    419.    179.      0.      0.    105.     0.     0.   1.00   -112.      0.      0.      0.      0.      0.
  104  70      0.      0.      0.      0.      0.      0.   0.00   0.00   1.00   0.35   0.00    120.    893.    149.    256.    302.    410.      0.    419.    179.      0.      0.    105.     0.     0.   1.00   -112.      0.      0.      0.      0.      0.
  114  70      0.      0.      0.      0.      0.      0.   0.00   0.00   1.00   0.35   0.00    120.    905.    149.    256.    308.    414.      0.    420.    180.      0.      0.    105.     0.     0.   1.00   -112.      0.      0.      0.      0.      0.


Station=  WAGE , Soil=  1, Manage=  1, Rotat=  5 YrRot=  2 , NYear=  4 , NRot=  3 , Crop=  3, Irr.=  1, IOPT=  1,     Runof=0.00, CO2=370. , StYear=1969, StDay=  1

 Planting on day 120, 1970
 Crop emergence on day   0, 1970
 Wageningen, rotation 5, soil1, current                                          

 DAY  YEAR  WLVG    WLVD    WST    WSO     TAGB    TSUML    DVS    LAI  TRANRF  SMACT  SMACTL   RD    TRAIN   TIRR   TTRANS  TESOIL  TDRAIN  TRUNOF    WTOT   WAVT    WTOTL     WAVTL  WTOTLX  PARAB    PAR    NNI   NMINT  NMIN    NUPT     NFIX   NLIV   NLOSS  
  120  70     19.      0.     11.      0.     30.      0.   0.00   0.05   1.00   0.35   0.35     10.    930.    149.    256.    317.    430.      0.     35.     15.    315.    135.    175.     0.     0.   1.00      0.     30.      0.      0.      2.      0.
  130  70     19.      0.     11.      0.     30.      0.   0.00   0.05   1.00   0.26   0.35     10.    935.    149.    257.    330.    431.      0.     26.      6.    315.    135.    175.     0.    84.   1.00      0.     30.      0.      0.      2.      0.
  133  70     19.      0.     11.      0.     30.      0.   0.00   0.05   1.00   0.27   0.35     10.    936.    155.    257.    335.    431.      0.     27.      7.    315.    135.    175.     0.   112.   1.00      0.     30.      0.      0.      2.      0.
  140  70     34.      0.     21.      0.     55.     50.   0.07   0.09   1.00   0.31   0.35     18.    942.    163.    258.    349.    431.      0.     53.     18.    290.    124.    175.     2.   163.   1.00     88.     25.      1.      0.      4.      0.
  150  70     72.      0.     44.      0.    116.    107.   0.15   0.16   1.00   0.30   0.35     30.    950.    163.    259.    363.    431.      0.     88.     29.    248.    106.    175.     7.   243.   1.00     93.     17.      4.      0.      6.      0.
  160  70    339.      0.    208.      0.    546.    204.   0.29   0.74   1.00   0.28   0.35     42.    952.    163.    264.    373.    431.      0.    116.     33.    206.     88.    175.    26.   355.   1.00     85.     10.     20.      0.     22.      0.
  170  70   1163.      0.    806.      0.   1969.    316.   0.45   2.34   1.00   0.28   0.35     54.    960.    183.    283.    390.    431.      0.    150.     43.    164.     70.    175.    93.   473.   1.00     49.      2.     63.      0.     65.      0.
  180  70   2268.      1.   2158.      0.   4428.    440.   0.63   4.17   1.00   0.28   0.35     66.    968.    203.    311.    399.    431.      0.    183.     53.    122.     52.    175.   173.   567.   1.00     13.      0.    129.      0.    131.      0.
  190  70   2795.     73.   3592.      0.   6460.    544.   0.78   4.84   1.00   0.32   0.35     78.   1018.    203.    337.    402.    431.      0.    246.     92.     80.     34.    175.   234.   632.   1.00     -3.      0.    145.      0.    147.      0.
  200  70   3060.    295.   5730.      0.   9085.    639.   0.92   5.05   1.00   0.34   0.35     90.   1071.    203.    363.    405.    439.      0.    304.    126.     38.     16.    175.   306.   708.   1.00    -22.      0.    164.      0.    164.      2.
  210  70   2894.    756.   7320.    251.  11222.    735.   1.05   4.65   1.00   0.34   0.07    100.   1100.    203.    386.    407.    443.      0.    342.    142.      0.      0.    175.   362.   767.   1.00    -29.      0.    171.      0.    169.      4.
  220  70   2262.   1695.   8630.   2363.  14950.    867.   1.20   3.54   1.00   0.32   0.07    100.   1107.    203.    414.    409.    443.      0.    319.    119.      0.      0.    175.   445.   857.   1.00    -46.      0.    188.      0.    181.      9.
  230  70   1653.   2304.   8630.   4364.  16951.    966.   1.32   2.58   1.00   0.32   0.07    100.   1130.    203.    432.    414.    443.      0.    320.    120.      0.      0.    175.   501.   925.   1.00    -56.      0.    198.      0.    188.     12.
  240  70   1202.   2755.   8630.   6264.  18851.   1066.   1.43   1.88   1.00   0.31   0.07    100.   1139.    203.    448.    419.    443.      0.    307.    107.      0.      0.    175.   554.   996.   1.00    -56.      0.    198.      0.    185.     15.
  250  70    886.   3071.   8122.   7798.  20385.   1159.   1.54   1.38   1.00   0.29   0.07    100.   1142.    203.    461.    425.    443.      0.    291.     91.      0.      0.    175.   598.  1066.   1.00    -56.      0.    198.      0.    182.     18.
  260  70    658.   3299.   6637.   8369.  20956.   1247.   1.64   1.03   1.00   0.35   0.07    100.   1216.    203.    470.    435.    443.      0.    346.    146.      0.      0.    175.   619.  1107.   1.00    -56.      0.    198.      0.    176.     24.
  270  70    501.   3456.   5423.   8824.  21411.   1322.   1.73   0.78   1.00   0.34   0.07    100.   1216.    203.    474.    439.    443.      0.    339.    139.      0.      0.    175.   643.  1165.   1.00    -56.      0.    198.      0.    171.     29.
  280  70    381.   3576.   4431.   9121.  21708.   1398.   1.82   0.60   1.00   0.35   0.07    100.   1253.    203.    478.    447.    455.      0.    350.    150.      0.      0.    175.   656.  1201.   1.00    -56.      0.    198.      0.    167.     33.
  290  70    308.   3650.   3694.   9189.  21776.   1448.   1.88   0.48   1.00   0.35   0.07    100.   1253.    203.    479.    450.    455.      0.    347.    147.      0.      0.    175.   664.  1230.   1.00    -56.      0.    198.      0.    164.     36.
  299  70      0.      0.      0.      0.      0.      0.   0.00   0.00   1.00   0.35   0.07    100.   1285.    203.    479.    454.    480.      0.    350.    150.      0.      0.    175.     0.     0.   1.00    -56.      0.      0.      0.      0.      0.
  309  70      0.      0.      0.      0.      0.      0.   0.00   0.00   1.00   0.35   0.07    100.   1348.    203.    479.    459.    538.      0.    350.    150.      0.      0.    175.     0.     0.   1.00    -56.      0.      0.      0.      0.      0.
  319  70      0.      0.      0.      0.      0.      0.   0.00   0.00   1.00   0.35   0.07    100.   1361.    203.    479.    463.    547.      0.    350.    150.      0.      0.    175.     0.     0.   1.00    -56.      0.      0.      0.      0.      0.
  329  70      0.      0.      0.      0.      0.      0.   0.00   0.00   1.00   0.35   0.07    100.   1384.    203.    479.    467.    566.      0.    350.    150.      0.      0.    175.     0.     0.   1.00    -56.      0.      0.      0.      0.      0.
  339  70      0.      0.      0.      0.      0.      0.   0.00   0.00   1.00   0.35   0.07    100.   1422.    203.    479.    468.    602.      0.    350.    150.      0.      0.    175.     0.     0.   1.00    -56.      0.      0.      0.      0.      0.
  349  70      0.      0.      0.      0.      0.      0.   0.00   0.00   1.00   0.35   0.07    100.   1431.    203.    479.    469.    611.      0.    350.    150.      0.      0.    175.     0.     0.   1.00    -56.      0.      0.      0.      0.      0.
  359  70      0.      0.      0.      0.      0.      0.   0.00   0.00   1.00   0.35   0.07    100.   1436.    203.    479.    469.    615.      0.    350.    150.      0.      0.    175.     0.     0.   1.00    -56.      0.      0.      0.      0.      0.
    4  71      0.      0.      0.      0.      0.      0.   0.00   0.00   1.00   0.35   0.07    100.   1442.    203.    479.    469.    621.      0.    350.    150.      0.      0.    175.     0.     0.   1.00    -56.      0.      0.      0.      0.      0.
   14  71      0.      0.      0.      0.      0.      0.   0.00   0.00   1.00   0.35   0.07    100.   1444.    203.    479.    469.    623.      0.    350.    150.      0.      0.    175.     0.     0.   1.00    -56.      0.      0.      0.      0.      0.
   24  71      0.      0.      0.      0.      0.      0.   0.00   0.00   1.00   0.35   0.07    100.   1469.    203.    479.    471.    647.      0.    350.    150.      0.      0.    175.     0.     0.   1.00    -56.      0.      0.      0.      0.      0.
   34  71      0.      0.      0.      0.      0.      0.   0.00   0.00   1.00   0.35   0.07    100.   1503.    203.    479.    474.    677.      0.    350.    150.      0.      0.    175.     0.     0.   1.00    -56.      0.      0.      0.      0.      0.
   44  71      0.      0.      0.      0.      0.      0.   0.00   0.00   1.00   0.35   0.07    100.   1510.    203.    479.    475.    683.      0.    350.    150.      0.      0.    175.     0.     0.   1.00    -56.      0.      0.      0.      0.      0.
   54  71      0.      0.      0.      0.      0.      0.   0.00   0.00   1.00   0.35   0.07    100.   1533.    203.    479.    478.    703.      0.    350.    150.      0.      0.    175.     0.     0.   1.00    -56.      0.      0.      0.      0.      0.
   64  71      0.      0.      0.      0.      0.      0.   0.00   0.00   1.00   0.35   0.07    100.   1538.    203.    479.    481.    705.      0.    350.    150.      0.      0.    175.     0.     0.   1.00    -56.      0.      0.      0.      0.      0.
   74  71      0.      0.      0.      0.      0.      0.   0.00   0.00   1.00   0.35   0.07    100.   1551.    203.    479.    485.    714.      0.    350.    150.      0.      0.    175.     0.     0.   1.00    -56.      0.      0.      0.      0.      0.
   84  71      0.      0.      0.      0.      0.      0.   0.00   0.00   1.00   0.35   0.07    100.   1570.    203.    479.    494.    725.      0.    350.    150.      0.      0.    175.     0.     0.   1.00    -56.      0.      0.      0.      0.      0.
   94  71      0.      0.      0.      0.      0.      0.   0.00   0.00   1.00   0.35   0.07    100.   1573.    203.    479.    499.    725.      0.    347.    147.      0.      0.    175.     0.     0.   1.00    -56.      0.      0.      0.      0.      0.


Station=  WAGE , Soil=  1, Manage=  1, Rotat=  5 YrRot=  3 , NYear=  4 , NRot=  3 , Crop=  6, Irr.=  1, IOPT=  1,     Runof=0.00, CO2=370. , StYear=1969, StDay=  1

 Planting on day 100, 1971
 Crop emergence on day   0, 1971
 Wageningen, rotation 5, soil1, current                                          

 DAY  YEAR  WLVG    WLVD    WST    WSO     TAGB    TSUML    DVS    LAI  TRANRF  SMACT  SMACTL   RD    TRAIN   TIRR   TTRANS  TESOIL  TDRAIN  TRUNOF    WTOT   WAVT    WTOTL     WAVTL  WTOTLX  PARAB    PAR    NNI   NMINT  NMIN    NUPT     NFIX   NLIV   NLOSS  
  100  71     11.      0.     11.      0.     22.      0.   0.00   0.03   1.00   0.34   0.35     10.   1573.    203.    479.    500.    725.      0.     34.     14.    313.    133.    174.     0.     0.   1.00      0.     30.      0.      0.      2.      0.
  110  71     11.      0.     11.      0.     22.      0.   0.00   0.03   1.00   0.33   0.35     10.   1577.    203.    480.    505.    725.      0.     33.     13.    313.    133.    174.     0.    79.   1.00      0.     30.      0.      0.      2.      0.
  112  71     11.      0.     11.      0.     22.      0.   0.00   0.03   1.00   0.32   0.35     10.   1577.    203.    481.    506.    725.      0.     32.     12.    313.    133.    174.     0.    94.   1.00      0.     30.      0.      0.      2.      0.
  120  71     16.      0.     16.      0.     33.     70.   0.08   0.08   1.00   0.32   0.35     20.   1593.    203.    481.    521.    725.      0.     59.     22.    285.    122.    174.     3.   152.   1.00      6.     24.      0.      0.      2.      0.
  130  71     55.      0.     50.      0.    105.    180.   0.22   0.25   1.00   0.31   0.35     32.   1600.    203.    483.    534.    725.      0.     93.     32.    243.    104.    174.    11.   256.   1.00     13.     16.      1.      3.      6.      0.
  140  71    383.      0.    310.      0.    693.    336.   0.40   1.54   1.00   0.34   0.35     44.   1642.    203.    492.    553.    730.      0.    143.     58.    202.     86.    175.    47.   348.   1.00    100.      9.      5.     20.     27.      0.
  150  71   1013.      0.    752.      1.   1765.    468.   0.56   4.15   1.00   0.33   0.35     56.   1661.    203.    511.    558.    730.      0.    179.     70.    160.     68.    175.   115.   428.   1.00     99.      2.     13.     53.     68.      0.
  160  71   1797.    269.   1599.    109.   3774.    630.   0.76   7.46   1.00   0.27   0.35     68.   1661.    203.    549.    559.    730.      0.    182.     49.    118.     50.    175.   218.   532.   1.00     87.      0.     27.    108.    133.      3.
  170  71   1741.    737.   2098.    277.   4854.    760.   0.91   7.25   1.00   0.33   0.35     80.   1720.    203.    574.    559.    730.      0.    259.    102.     76.     32.    175.   279.   593.   1.00     84.      0.     30.    120.    144.      8.
  180  71   1658.   1184.   2781.    646.   6269.    903.   1.06   6.91   1.00   0.34   0.35     92.   1759.    203.    602.    560.    730.      0.    311.    130.     34.     14.    175.   350.   664.   1.00    107.      0.     35.    139.    163.     13.
  190  71   1507.   1703.   3781.   2049.   9041.   1071.   1.18   6.30   1.00   0.31   0.07    100.   1760.    203.    641.    560.    730.      0.    307.    107.      0.      0.    175.   461.   776.   1.00     98.      0.     44.    176.    203.     18.
  200  71   1189.   2125.   4392.   3920.  11626.   1234.   1.30   4.97   1.00   0.27   0.07    100.   1760.    203.    675.    560.    730.      0.    272.     72.      0.      0.    175.   557.   873.   1.00     84.      0.     58.    233.    271.     23.
  210  71    890.   2469.   4690.   5270.  13319.   1407.   1.43   3.72   1.00   0.28   0.07    100.   1789.    203.    699.    562.    730.      0.    275.     75.      0.      0.    175.   623.   941.   1.00     84.      0.     58.    233.    267.     26.
  220  71    633.   2738.   4410.   6846.  14998.   1594.   1.57   2.64   1.00   0.29   0.07    100.   1814.    223.    729.    566.    730.      0.    287.     87.      0.      0.    175.   699.  1023.   1.00     84.      0.     58.    233.    261.     32.
  230  71    461.   2909.   3607.   7626.  15781.   1754.   1.69   1.93   1.00   0.28   0.07    100.   1824.    223.    746.    570.    730.      0.    276.     76.      0.      0.    175.   750.  1084.   1.00     84.      0.     58.    233.    253.     41.
  240  71    329.   3042.   2947.   8312.  16468.   1930.   1.82   1.37   1.00   0.28   0.07    100.   1852.    223.    763.    578.    730.      0.    278.     78.      0.      0.    175.   804.  1158.   1.00     84.      0.     58.    233.    246.     48.
  250  71    242.   3129.   2408.   8602.  16758.   2085.   1.93   1.01   1.00   0.27   0.07    100.   1857.    223.    775.    584.    730.      0.    265.     65.      0.      0.    175.   843.  1221.   1.00     84.      0.     58.    233.    240.     53.
  259  71    196.   3174.   2049.   8723.  16879.   2188.   2.01   0.82   1.00   0.26   0.07    100.   1858.    223.    783.    587.    730.      0.    256.     56.      0.      0.    175.   869.  1271.   1.00     84.      0.     58.    233.    237.     57.
  259  71      0.      0.      0.      0.      0.      0.   0.00   0.00   1.00   0.26   0.07    100.   1858.    223.    783.    587.    730.      0.    256.     56.      0.      0.    175.     0.     0.   1.00     84.      0.      0.      0.      0.      0.
  269  71      0.      0.      0.      0.      0.      0.   0.00   0.00   1.00   0.26   0.07    100.   1869.    223.    783.    591.    730.      0.    263.     63.      0.      0.    175.     0.     0.   1.00     84.      0.      0.      0.      0.      0.
  279  71      0.      0.      0.      0.      0.      0.   0.00   0.00   1.00   0.27   0.07    100.   1875.    223.    783.    595.    730.      0.    266.     66.      0.      0.    175.     0.     0.   1.00     84.      0.      0.      0.      0.      0.
  289  71      0.      0.      0.      0.      0.      0.   0.00   0.00   1.00   0.27   0.07    100.   1878.    223.    783.    597.    730.      0.    267.     67.      0.      0.    175.     0.     0.   1.00     84.      0.      0.      0.      0.      0.
  299  71      0.      0.      0.      0.      0.      0.   0.00   0.00   1.00   0.28   0.07    100.   1899.    223.    783.    601.    730.      0.    283.     83.      0.      0.    175.     0.     0.   1.00     84.      0.      0.      0.      0.      0.
  309  71      0.      0.      0.      0.      0.      0.   0.00   0.00   1.00   0.28   0.07    100.   1899.    223.    783.    602.    730.      0.    282.     82.      0.      0.    175.     0.     0.   1.00     84.      0.      0.      0.      0.      0.
  319  71      0.      0.      0.      0.      0.      0.   0.00   0.00   1.00   0.29   0.07    100.   1910.    223.    783.    603.    730.      0.    291.     91.      0.      0.    175.     0.     0.   1.00     84.      0.      0.      0.      0.      0.
  329  71      0.      0.      0.      0.      0.      0.   0.00   0.00   1.00   0.32   0.07    100.   1946.    223.    783.    606.    730.      0.    325.    125.      0.      0.    175.     0.     0.   1.00     84.      0.      0.      0.      0.      0.
  339  71      0.      0.      0.      0.      0.      0.   0.00   0.00   1.00   0.34   0.07    100.   1958.    223.    783.    606.    730.      0.    337.    137.      0.      0.    175.     0.     0.   1.00     84.      0.      0.      0.      0.      0.
  349  71      0.      0.      0.      0.      0.      0.   0.00   0.00   1.00   0.34   0.07    100.   1964.    223.    783.    607.    730.      0.    342.    142.      0.      0.    175.     0.     0.   1.00     84.      0.      0.      0.      0.      0.
  359  71      0.      0.      0.      0.      0.      0.   0.00   0.00   1.00   0.35   0.07    100.   1985.    223.    783.    607.    743.      0.    350.    150.      0.      0.    175.     0.     0.   1.00     84.      0.      0.      0.      0.      0.
    4  72      0.      0.      0.      0.      0.      0.   0.00   0.00   1.00   0.35   0.07    100.   1986.    223.    783.    607.    744.      0.    350.    150.      0.      0.    175.     0.     0.   1.00     84.      0.      0.      0.      0.      0.
   14  72      0.      0.      0.      0.      0.      0.   0.00   0.00   1.00   0.35   0.07    100.   1991.    223.    783.    608.    749.      0.    350.    150.      0.      0.    175.     0.     0.   1.00     84.      0.      0.      0.      0.      0.
   24  72      0.      0.      0.      0.      0.      0.   0.00   0.00   1.00   0.35   0.07    100.   2005.    223.    783.    608.    762.      0.    350.    150.      0.      0.    175.     0.     0.   1.00     84.      0.      0.      0.      0.      0.
   34  72      0.      0.      0.      0.      0.      0.   0.00   0.00   1.00   0.35   0.07    100.   2019.    223.    783.    610.    774.      0.    350.    150.      0.      0.    175.     0.     0.   1.00     84.      0.      0.      0.      0.      0.
   44  72      0.      0.      0.      0.      0.      0.   0.00   0.00   1.00   0.35   0.07    100.   2040.    223.    783.    613.    793.      0.    350.    150.      0.      0.    175.     0.     0.   1.00     84.      0.      0.      0.      0.      0.
   54  72      0.      0.      0.      0.      0.      0.   0.00   0.00   1.00   0.35   0.07    100.   2045.    223.    783.    614.    797.      0.    350.    150.      0.      0.    175.     0.     0.   1.00     84.      0.      0.      0.      0.      0.
   64  72      0.      0.      0.      0.      0.      0.   0.00   0.00   1.00   0.35   0.07    100.   2050.    223.    783.    616.    799.      0.    350.    150.      0.      0.    175.     0.     0.   1.00     84.      0.      0.      0.      0.      0.
   74  72      0.      0.      0.      0.      0.      0.   0.00   0.00   1.00   0.35   0.07    100.   2062.    223.    783.    621.    808.      0.    348.    148.      0.      0.    175.     0.     0.   1.00     84.      0.      0.      0.      0.      0.
   84  72      0.      0.      0.      0.      0.      0.   0.00   0.00   1.00   0.34   0.07    100.   2062.    223.    783.    625.    808.      0.    344.    144.      0.      0.    175.     0.     0.   1.00     84.      0.      0.      0.      0.      0.
   94  72      0.      0.      0.      0.      0.      0.   0.00   0.00   1.00   0.35   0.07    100.   2102.    223.    783.    632.    835.      0.    350.    150.      0.      0.    175.     0.     0.   1.00     84.      0.      0.      0.      0.      0.


Station=  WAGE , Soil=  1, Manage=  1, Rotat=  5 YrRot=  1 , NYear=  4 , NRot=  3 , Crop=  2, Irr.=  1, IOPT=  1,     Runof=0.00, CO2=370. , StYear=1969, StDay=  1

 Planting on day 100, 1972
 Crop emergence on day   0, 1972
 Wageningen, rotation 5, soil1, current                                          

 DAY  YEAR  WLVG    WLVD    WST    WSO     TAGB    TSUML    DVS    LAI  TRANRF  SMACT  SMACTL   RD    TRAIN   TIRR   TTRANS  TESOIL  TDRAIN  TRUNOF    WTOT   WAVT    WTOTL     WAVTL  WTOTLX  PARAB    PAR    NNI   NMINT  NMIN    NUPT     NFIX   NLIV   NLOSS  
  100  72      0.      0.      0.      0.      0.      0.   0.00   0.00   1.00   0.35   0.35     10.   2137.    223.    783.    639.    863.      0.     35.     15.    385.    165.    105.     0.     0.   1.00      0.     30.      0.      0.      0.      0.
  110  72      0.      0.      0.      0.      0.      0.   0.00   0.00   1.00   0.32   0.35     10.   2168.    223.    783.    652.    883.      0.     32.     12.    385.    165.    105.     0.    61.   1.00      0.     30.      0.      0.      0.      0.
  112  72      0.      0.      0.      0.      0.      0.   0.00   0.00   1.00   0.33   0.35     10.   2175.    223.    783.    655.    886.      0.     33.     13.    385.    165.    105.     0.    73.   1.00      0.     30.      0.      0.      0.      0.
  120  72      0.      0.      0.      0.      0.      0.   0.00   0.00   1.00   0.29   0.35     10.   2177.    228.    783.    666.    886.      0.     29.      9.    385.    165.    105.     0.   137.   1.00      0.     30.      0.      0.      0.      0.
  123  72      0.      0.      0.      0.      0.      0.   0.00   0.00   1.00   0.31   0.35     10.   2186.    228.    783.    673.    886.      0.     31.     11.    385.    165.    105.     0.   154.   1.00      0.     30.      0.      0.      0.      0.
  130  72      1.      0.      0.      0.      1.     73.   0.11   0.00   1.00   0.30   0.35     18.   2188.    233.    783.    686.    886.      0.     51.     17.    360.    154.    105.     0.   213.   1.00      5.     25.      0.      0.      0.      0.
  140  72      3.      0.      1.      0.      3.    136.   0.21   0.01   1.00   0.35   0.35     30.   2246.    233.    783.    704.    917.      0.    102.     44.    318.    136.    105.     0.   264.   1.00     97.     17.      0.      0.      0.      0.
  150  72     14.      0.      4.      0.     18.    237.   0.36   0.03   1.00   0.35   0.35     42.   2276.    233.    784.    729.    921.      0.    144.     62.    276.    118.    105.     1.   354.   1.00    103.     10.      1.      0.      1.      0.
  160  72     47.      0.     19.      0.     65.    340.   0.52   0.09   1.00   0.35   0.35     54.   2298.    233.    784.    751.    923.      0.    184.     77.    234.    100.    105.     3.   425.   1.00    109.      2.      3.      0.      3.      0.
  170  72    225.      0.    120.      0.    345.    434.   0.67   0.45   1.00   0.33   0.35     66.   2315.    233.    787.    774.    925.      0.    215.     84.    192.     82.    105.    16.   521.   1.00    101.      0.     13.      0.     13.      0.
  180  72    613.      0.    397.      0.   1011.    551.   0.85   1.23   1.00   0.34   0.35     78.   2356.    233.    796.    791.    934.      0.    263.    109.    150.     64.    105.    46.   595.   1.00    104.      0.     38.      0.     38.      0.
  190  72   1159.      0.    896.     10.   2064.    676.   1.03   2.32   1.00   0.34   0.35     90.   2385.    233.    810.    801.    944.      0.    300.    122.    108.     46.    105.    89.   660.   1.00     68.      0.     74.      0.     74.      0.
  200  72   2092.      0.   1859.    519.   4470.    805.   1.12   4.18   1.00   0.32   0.35    102.   2397.    233.    836.    805.    944.      0.    323.    121.     66.     28.    105.   178.   760.   1.00     -3.      0.    145.      0.    145.      0.
  210  72   2476.    130.   2427.   1464.   6497.    963.   1.23   4.95   1.00   0.35   0.35    114.   2461.    253.    863.    807.    968.      0.    396.    170.     24.     10.    105.   248.   833.   1.00    -49.      0.    191.      0.    188.      3.
  220  72   2296.    488.   2698.   3038.   8520.   1095.   1.33   4.59   1.00   0.34   0.00    120.   2470.    253.    885.    809.    971.      0.    402.    162.      0.      0.    105.   314.   902.   1.00    -68.      0.    210.      0.    199.     12.
  230  72   1740.   1153.   2918.   4903.  10714.   1237.   1.43   3.48   1.00   0.34   0.00    120.   2497.    253.    909.    811.    971.      0.    403.    163.      0.      0.    105.   388.   980.   1.00    -83.      0.    225.      0.    198.     28.
  240  72   1393.   1585.   3088.   6352.  12418.   1344.   1.51   2.79   1.00   0.34   0.00    120.   2518.    253.    925.    815.    971.      0.    405.    165.      0.      0.    105.   446.  1046.   1.00   -102.      0.    244.      0.    206.     38.
  250  72   1142.   1936.   2704.   8040.  14405.   1452.   1.58   2.28   1.00   0.32   0.00    120.   2518.    253.    942.    817.    971.      0.    387.    147.      0.      0.    105.   516.  1131.   1.00   -102.      0.    244.      0.    185.     59.
  260  72    923.   2205.   2294.   8901.  15409.   1553.   1.66   1.85   1.00   0.34   0.00    120.   2553.    253.    951.    821.    971.      0.    408.    168.      0.      0.    105.   553.  1180.   1.00   -102.      0.    244.      0.    168.     76.
  270  72    793.   2382.   1947.   9715.  16351.   1623.   1.71   1.59   1.00   0.34   0.00    120.   2563.    253.    957.    824.    971.      0.    408.    168.      0.      0.    105.   596.  1241.   1.00   -102.      0.    244.      0.    155.     90.
  280  72    679.   2530.   1639.  10299.  17019.   1690.   1.75   1.36   1.00   0.33   0.00    120.   2563.    253.    963.    826.    971.      0.    401.    161.      0.      0.    105.   628.  1291.   1.00   -102.      0.    244.      0.    143.    101.
  290  72    583.   2643.   1389.  10603.  17366.   1745.   1.79   1.17   1.00   0.33   0.00    120.   2564.    253.    967.    827.    971.      0.    397.    157.      0.      0.    105.   649.  1328.   1.00   -102.      0.    244.      0.    135.    110.
  299  72      0.      0.      0.      0.      0.      0.   0.00   0.00   1.00   0.34   0.00    120.   2579.    253.    967.    828.    971.      0.    411.    171.      0.      0.    105.     0.     0.   1.00   -102.      0.      0.      0.      0.      0.
  309  72      0.      0.      0.      0.      0.      0.   0.00   0.00   1.00   0.35   0.00    120.   2587.    253.    967.    829.    971.      0.    417.    177.      0.      0.    105.     0.     0.   1.00   -102.      0.      0.      0.      0.      0.
  319  72      0.      0.      0.      0.      0.      0.   0.00   0.00   1.00   0.35   0.00    120.   2633.    253.    967.    832.   1011.      0.    420.    180.      0.      0.    105.     0.     0.   1.00   -102.      0.      0.      0.      0.      0.
  329  72      0.      0.      0.      0.      0.      0.   0.00   0.00   1.00   0.35   0.00    120.   2662.    253.    967.    833.   1039.      0.    420.    180.      0.      0.    105.     0.     0.   1.00   -102.      0.      0.      0.      0.      0.
  339  72      0.      0.      0.      0.      0.      0.   0.00   0.00   1.00   0.35   0.00    120.   2665.    253.    967.    834.   1042.      0.    420.    180.      0.      0.    105.     0.     0.   1.00   -102.      0.      0.      0.      0.      0.
  349  72      0.      0.      0.      0.      0.      0.   0.00   0.00   1.00   0.35   0.00    120.   2684.    253.    967.    835.   1060.      0.    420.    180.      0.      0.    105.     0.     0.   1.00   -102.      0.      0.      0.      0.      0.
  359  72      0.      0.      0.      0.      0.      0.   0.00   0.00   1.00   0.35   0.00    120.   2684.    253.    967.    835.   1060.      0.    420.    180.      0.      0.    105.     0.     0.   1.00   -102.      0.      0.      0.      0.      0.
    1  73      0.      0.      0.      0.      0.      0.   0.00   0.00   1.00   0.35   0.00    120.   2684.    253.    967.    836.   1060.      0.    420.    180.      0.      0.    105.     0.     0.   1.00   -102.      0.      0.      0.      0.      0.


DATA-FILE  WARO1PTS.OUT


Name of run: WAR02


Station=  WAGE , Soil=  1, Manage=  1, Rotat=  6 YrRot=  1 , NYear=  4 , NRot=  3 , Crop=  2, Irr.=  2, IOPT=  2,     Runof=0.00, CO2=370. , StYear=1969, StDay=  1

 DAY  YEAR  WLVG    WLVD    WST    WSO     TAGB    TSUML    DVS    LAI  TRANRF  SMACT  SMACTL   RD    TRAIN   TIRR   TTRANS  TESOIL  TDRAIN  TRUNOF    WTOT   WAVT    WTOTL      WAVTL WTOTLX  PARAB    PAR    NNI   NMINT  NMIN    NUPT       NFIX   NLIV   NLOSS  
    1  69      0.      0.      0.      0.      0.      0.   0.00   0.00   1.00   0.30   0.30     10.   2684.    253.    967.    836.   1060.      0.    420.    180.      0.      0.    105.     0.     0.   1.00   -102.      0.      0.      0.      0.      0.
    3  69      0.      0.      0.      0.      0.      0.   0.00   0.00   1.00   0.33   0.30     10.      3.      0.      0.      0.      0.      0.     33.     13.    330.    110.     90.     0.     0.   1.00   -102.      0.      0.      0.      0.      0.
   13  69      0.      0.      0.      0.      0.      0.   0.00   0.00   1.00   0.34   0.30     10.      5.      0.      0.      1.      0.      0.     34.     14.    330.    110.     90.     0.     0.   1.00   -102.      0.      0.      0.      0.      0.
   23  69      0.      0.      0.      0.      0.      0.   0.00   0.00   1.00   0.35   0.32     10.     28.      0.      0.      3.      0.      0.     35.     15.    350.    130.     90.     0.     0.   1.00   -102.      0.      0.      0.      0.      0.
   33  69      0.      0.      0.      0.      0.      0.   0.00   0.00   1.00   0.35   0.32     10.     37.      0.      0.      6.      0.      0.     35.     15.    356.    136.     90.     0.     0.   1.00   -102.      0.      0.      0.      0.      0.
   43  69      0.      0.      0.      0.      0.      0.   0.00   0.00   1.00   0.35   0.34     10.     58.      0.      0.      9.      0.      0.     35.     15.    374.    154.     90.     0.     0.   1.00   -102.      0.      0.      0.      0.      0.
   53  69      0.      0.      0.      0.      0.      0.   0.00   0.00   1.00   0.35   0.35     10.     79.      0.      0.     10.      0.      0.     35.     15.    385.    165.     98.     0.     0.   1.00   -102.      0.      0.      0.      0.      0.
   63  69      0.      0.      0.      0.      0.      0.   0.00   0.00   1.00   0.33   0.35     10.     80.      0.      0.     13.      0.      0.     33.     13.    385.    165.     98.     0.     0.   1.00   -102.      0.      0.      0.      0.      0.
   73  69      0.      0.      0.      0.      0.      0.   0.00   0.00   1.00   0.35   0.35     10.    108.      0.      0.     16.     17.      0.     35.     15.    385.    165.    105.     0.     0.   1.00   -102.      0.      0.      0.      0.      0.
   83  69      0.      0.      0.      0.      0.      0.   0.00   0.00   1.00   0.33   0.35     10.    120.      0.      0.     23.     24.      0.     33.     13.    385.    165.    105.     0.     0.   1.00   -102.      0.      0.      0.      0.      0.
   93  69      0.      0.      0.      0.      0.      0.   0.00   0.00   1.00   0.33   0.35     10.    138.      0.      0.     29.     36.      0.     33.     13.    385.    165.    105.     0.     0.   1.00   -102.      0.      0.      0.      0.      0.


Station=  WAGE , Soil=  1, Manage=  1, Rotat=  6 YrRot=  1 , NYear=  4 , NRot=  3 , Crop=  2, Irr.=  2, IOPT=  2,     Runof=0.00, CO2=370. , StYear=1969, StDay=  1

 Planting on day 100, 1969
 Crop emergence on day   0, 1969
 Wageningen, rotation 6, soil1, current                                          

 DAY  YEAR  WLVG    WLVD    WST    WSO     TAGB    TSUML    DVS    LAI  TRANRF  SMACT  SMACTL   RD    TRAIN   TIRR   TTRANS  TESOIL  TDRAIN  TRUNOF    WTOT   WAVT    WTOTL     WAVTL  WTOTLX  PARAB    PAR    NNI   NMINT  NMIN    NUPT     NFIX   NLIV   NLOSS  
  100  69      0.      0.      0.      0.      0.      0.   0.00   0.00   1.00   0.25   0.35     10.    138.      0.      0.     37.     36.      0.     25.      5.    385.    165.    105.     0.     0.   1.00      0.     30.      0.      0.      0.      0.
  110  69      0.      0.      0.      0.      0.      0.   0.00   0.00   1.00   0.33   0.35     10.    184.      0.      0.     55.     56.      0.     33.     13.    385.    165.    105.     0.    60.   1.00      0.     30.      0.      0.      0.      0.
  120  69      0.      0.      0.      0.      0.      0.   0.00   0.00   1.00   0.29   0.35     10.    212.      0.      0.     71.     71.      0.     29.      9.    385.    165.    105.     0.   131.   1.00      0.     30.      0.      0.      0.      0.
  130  69      1.      0.      0.      0.      1.     93.   0.14   0.00   1.00   0.29   0.35     22.    218.      0.      0.     85.     71.      0.     60.     19.    347.    149.    105.     0.   203.   1.00      7.     22.      0.      0.      0.      0.
  140  69      5.      0.      2.      0.      7.    200.   0.31   0.01   1.00   0.35   0.35     34.    257.      0.      0.    112.     71.      0.    114.     49.    305.    131.    105.     0.   271.   1.00     99.     15.      0.      0.      0.      0.
  150  69     26.      0.     10.      0.     36.    298.   0.46   0.05   1.00   0.34   0.35     46.    275.      0.      0.    134.     72.      0.    151.     61.    263.    113.    105.     2.   357.   1.00    105.      8.      1.      0.      1.      0.
  160  69     96.      0.     46.      0.    142.    387.   0.60   0.19   1.00   0.33   0.35     58.    316.      0.      2.    157.     94.      0.    187.     73.    221.     95.    105.     7.   434.   1.00    109.      0.      5.      0.      5.      0.
  170  69    531.      0.    335.      0.    866.    536.   0.82   1.06   1.00   0.34   0.35     70.    331.     20.     11.    180.     94.      0.    231.     93.    179.     77.    105.    40.   552.   1.00     79.      0.     35.      0.     35.      0.
  180  69   1166.      0.    891.      0.   2058.    657.   1.01   2.34   1.00   0.32   0.35     82.    346.     20.     27.    192.     94.      0.    261.     99.    137.     59.    105.    89.   628.   1.00     68.      0.     74.      0.     74.      0.
  190  69   2000.      0.   1741.    291.   4032.    789.   1.10   4.00   1.00   0.32   0.35     94.    365.     20.     52.    196.     94.      0.    292.    107.     95.     41.    105.   164.   713.   1.00      3.      0.    139.      0.    139.      0.
  200  69   2538.     91.   2425.   1221.   6275.    918.   1.20   5.08   1.00   0.30   0.35    106.    376.     20.     80.    199.     94.      0.    315.    105.     53.     23.    105.   241.   794.   1.00    -45.      0.    187.      0.    184.      2.
  210  69   2564.    417.   2889.   3127.   8997.   1087.   1.32   5.13   0.86   0.30   0.35    118.    389.     40.    117.    201.     94.      0.    351.    118.     11.      5.    105.   332.   887.   1.00    -82.      0.    224.      0.    214.     10.
  220  69   1851.   1261.   3150.   5348.  11610.   1256.   1.44   3.70   0.78   0.28   0.00    120.    406.     40.    155.    204.     94.      0.    338.     98.      0.      0.    105.   425.   985.   1.00    -99.      0.    241.      0.    210.     30.
  230  69   1352.   1845.   3005.   6794.  13311.   1419.   1.55   2.71   1.00   0.29   0.00    120.    436.     60.    186.    210.     94.      0.    351.    111.      0.      0.    105.   498.  1067.   1.00   -109.      0.    251.      0.    200.     51.
  240  69   1059.   2200.   2564.   7860.  14560.   1538.   1.64   2.12   1.00   0.34   0.00    120.    512.     60.    203.    217.     94.      0.    403.    163.      0.      0.    105.   543.  1122.   1.00   -109.      0.    251.      0.    179.     72.
  250  69    849.   2476.   2196.   8995.  15871.   1653.   1.72   1.70   1.00   0.33   0.00    120.    518.     60.    216.    222.     94.      0.    392.    152.      0.      0.    105.   590.  1187.   1.00   -109.      0.    251.      0.    162.     89.
  260  69    648.   2731.   1865.   9946.  16956.   1800.   1.83   1.30   1.00   0.31   0.00    120.    519.     60.    228.    224.     94.      0.    377.    137.      0.      0.    105.   630.  1248.   1.00   -109.      0.    251.      0.    147.    103.
  270  69    521.   2892.   1560.  10557.  17640.   1909.   1.90   1.04   1.00   0.31   0.00    120.    528.     60.    236.    230.     94.      0.    373.    133.      0.      0.    105.   659.  1300.   1.00   -109.      0.    251.      0.    136.    115.
  280  69    429.   3008.   1297.  10992.  18124.   1998.   1.97   0.86   1.00   0.31   0.00    120.    531.     60.    242.    234.     94.      0.    366.    126.      0.      0.    105.   682.  1347.   1.00   -109.      0.    251.      0.    127.    124.
  285  69    390.   3057.   1206.  11175.  18327.   2047.   2.00   0.78   1.00   0.30   0.00    120.    531.     60.    244.    235.     94.      0.    364.    124.      0.      0.    105.   690.  1366.   1.00   -109.      0.    251.      0.    124.    127.
  289  69      0.      0.      0.      0.      0.      0.   0.00   0.00   1.00   0.30   0.00    120.    532.     60.    244.    236.     94.      0.    364.    124.      0.      0.    105.     0.     0.   1.00   -109.      0.      0.      0.      0.      0.
  299  69      0.      0.      0.      0.      0.      0.   0.00   0.00   1.00   0.31   0.00    120.    545.     60.    244.    241.     94.      0.    372.    132.      0.      0.    105.     0.     0.   1.00   -109.      0.      0.      0.      0.      0.
  309  69      0.      0.      0.      0.      0.      0.   0.00   0.00   1.00   0.31   0.00    120.    554.     60.    244.    244.     94.      0.    377.    137.      0.      0.    105.     0.     0.   1.00   -109.      0.      0.      0.      0.      0.
  319  69      0.      0.      0.      0.      0.      0.   0.00   0.00   1.00   0.34   0.00    120.    592.     60.    244.    248.     94.      0.    411.    171.      0.      0.    105.     0.     0.   1.00   -109.      0.      0.      0.      0.      0.
  329  69      0.      0.      0.      0.      0.      0.   0.00   0.00   1.00   0.35   0.00    120.    599.     60.    244.    251.     94.      0.    415.    175.      0.      0.    105.     0.     0.   1.00   -109.      0.      0.      0.      0.      0.
  339  69      0.      0.      0.      0.      0.      0.   0.00   0.00   1.00   0.35   0.00    120.    611.     60.    244.    251.    101.      0.    420.    180.      0.      0.    105.     0.     0.   1.00   -109.      0.      0.      0.      0.      0.
  349  69      0.      0.      0.      0.      0.      0.   0.00   0.00   1.00   0.35   0.00    120.    622.     60.    244.    252.    111.      0.    420.    180.      0.      0.    105.     0.     0.   1.00   -109.      0.      0.      0.      0.      0.
  359  69      0.      0.      0.      0.      0.      0.   0.00   0.00   1.00   0.35   0.00    120.    643.     60.    244.    253.    132.      0.    420.    180.      0.      0.    105.     0.     0.   1.00   -109.      0.      0.      0.      0.      0.
    4  70      0.      0.      0.      0.      0.      0.   0.00   0.00   1.00   0.35   0.00    120.    648.     60.    244.    253.    136.      0.    420.    180.      0.      0.    105.     0.     0.   1.00   -109.      0.      0.      0.      0.      0.
   14  70      0.      0.      0.      0.      0.      0.   0.00   0.00   1.00   0.35   0.00    120.    658.     60.    244.    254.    145.      0.    420.    180.      0.      0.    105.     0.     0.   1.00   -109.      0.      0.      0.      0.      0.
   24  70      0.      0.      0.      0.      0.      0.   0.00   0.00   1.00   0.35   0.00    120.    668.     60.    244.    254.    155.      0.    420.    180.      0.      0.    105.     0.     0.   1.00   -109.      0.      0.      0.      0.      0.
   34  70      0.      0.      0.      0.      0.      0.   0.00   0.00   1.00   0.35   0.00    120.    700.     60.    244.    255.    186.      0.    420.    180.      0.      0.    105.     0.     0.   1.00   -109.      0.      0.      0.      0.      0.
   44  70      0.      0.      0.      0.      0.      0.   0.00   0.00   1.00   0.35   0.00    120.    727.     60.    244.    257.    211.      0.    420.    180.      0.      0.    105.     0.     0.   1.00   -109.      0.      0.      0.      0.      0.
   54  70      0.      0.      0.      0.      0.      0.   0.00   0.00   1.00   0.35   0.00    120.    777.     60.    244.    259.    259.      0.    420.    180.      0.      0.    105.     0.     0.   1.00   -109.      0.      0.      0.      0.      0.
   64  70      0.      0.      0.      0.      0.      0.   0.00   0.00   1.00   0.35   0.00    120.    795.     60.    244.    263.    274.      0.    420.    180.      0.      0.    105.     0.     0.   1.00   -109.      0.      0.      0.      0.      0.
   74  70      0.      0.      0.      0.      0.      0.   0.00   0.00   1.00   0.35   0.00    120.    800.     60.    244.    265.    277.      0.    419.    179.      0.      0.    105.     0.     0.   1.00   -109.      0.      0.      0.      0.      0.
   84  70      0.      0.      0.      0.      0.      0.   0.00   0.00   1.00   0.35   0.00    120.    822.     60.    244.    270.    294.      0.    420.    180.      0.      0.    105.     0.     0.   1.00   -109.      0.      0.      0.      0.      0.
   94  70      0.      0.      0.      0.      0.      0.   0.00   0.00   1.00   0.35   0.00    120.    854.     60.    244.    278.    318.      0.    419.    179.      0.      0.    105.     0.     0.   1.00   -109.      0.      0.      0.      0.      0.
  104  70      0.      0.      0.      0.      0.      0.   0.00   0.00   1.00   0.35   0.00    120.    893.     60.    244.    286.    349.      0.    419.    179.      0.      0.    105.     0.     0.   1.00   -109.      0.      0.      0.      0.      0.
  114  70      0.      0.      0.      0.      0.      0.   0.00   0.00   1.00   0.35   0.00    120.    905.     60.    244.    293.    353.      0.    420.    180.      0.      0.    105.     0.     0.   1.00   -109.      0.      0.      0.      0.      0.


Station=  WAGE , Soil=  1, Manage=  1, Rotat=  6 YrRot=  2 , NYear=  4 , NRot=  3 , Crop=  3, Irr.=  2, IOPT=  2,     Runof=0.00, CO2=370. , StYear=1969, StDay=  1

 Planting on day 120, 1970
 Crop emergence on day   0, 1970
 Wageningen, rotation 6, soil1, current                                          

 DAY  YEAR  WLVG    WLVD    WST    WSO     TAGB    TSUML    DVS    LAI  TRANRF  SMACT  SMACTL   RD    TRAIN   TIRR   TTRANS  TESOIL  TDRAIN  TRUNOF    WTOT   WAVT    WTOTL     WAVTL  WTOTLX  PARAB    PAR    NNI   NMINT  NMIN    NUPT     NFIX   NLIV   NLOSS  
  120  70     19.      0.     11.      0.     30.      0.   0.00   0.05   1.00   0.35   0.35     10.    930.     60.    244.    302.    369.      0.     35.     15.    315.    135.    175.     0.     0.   1.00      0.     30.      0.      0.      2.      0.
  130  70     19.      0.     11.      0.     30.      0.   0.00   0.05   1.00   0.26   0.35     10.    935.     60.    245.    314.    370.      0.     26.      6.    315.    135.    175.     0.    84.   1.00      0.     30.      0.      0.      2.      0.
  133  70     19.      0.     11.      0.     30.      0.   0.00   0.05   0.98   0.23   0.35     10.    936.     60.    245.    317.    370.      0.     23.      3.    315.    135.    175.     0.   112.   1.00      0.     30.      0.      0.      2.      0.
  140  70     31.      0.     19.      0.     51.     50.   0.07   0.09   1.00   0.27   0.35     18.    942.     60.    246.    325.    370.      0.     47.     13.    290.    124.    175.     2.   163.   1.00     88.     25.      1.      0.      3.      0.
  150  70     67.      0.     41.      0.    108.    107.   0.15   0.15   1.00   0.29   0.35     30.    950.     60.    247.    336.    370.      0.     85.     26.    248.    106.    175.     7.   243.   1.00     93.     17.      4.      0.      6.      0.
  160  70    319.      0.    196.      0.    515.    204.   0.29   0.70   1.00   0.28   0.35     42.    952.     60.    252.    344.    370.      0.    115.     32.    206.     88.    175.    24.   355.   1.00     86.     10.     18.      0.     20.      0.
  170  70   1117.      0.    775.      0.   1893.    316.   0.45   2.24   1.00   0.28   0.35     54.    960.     80.    270.    362.    370.      0.    149.     43.    164.     70.    175.    89.   473.   1.00     51.      2.     60.      0.     62.      0.
  180  70   2210.      0.   2112.      0.   4322.    440.   0.63   4.05   1.00   0.25   0.35     66.    968.     80.    298.    368.    370.      0.    165.     35.    122.     52.    175.   168.   567.   1.00     17.      0.    125.      0.    127.      0.
  190  70   2753.     52.   3539.      0.   6345.    544.   0.78   4.75   1.00   0.30   0.35     78.   1018.     80.    323.    372.    370.      0.    228.     74.     80.     34.    175.   229.   632.   1.00     -1.      0.    143.      0.    145.      0.
  200  70   3035.    257.   5673.      0.   8964.    639.   0.92   4.99   1.00   0.33   0.35     90.   1071.     80.    349.    374.    370.      0.    295.    116.     38.     16.    175.   301.   708.   1.00    -19.      0.    161.      0.    162.      1.
  210  70   2879.    708.   7261.    251.  11098.    735.   1.05   4.62   1.00   0.34   0.07    100.   1100.    100.    373.    377.    380.      0.    345.    145.      0.      0.    175.   357.   767.   1.00    -27.      0.    169.      0.    167.      4.
  220  70   2251.   1642.   8568.   2359.  14820.    867.   1.20   3.51   1.00   0.32   0.07    100.   1107.    100.    400.    379.    380.      0.    322.    122.      0.      0.    175.   439.   857.   1.00    -44.      0.    186.      0.    179.      9.
  230  70   1645.   2248.   8568.   4355.  16816.    966.   1.32   2.57   1.00   0.34   0.07    100.   1130.    120.    418.    384.    383.      0.    340.    140.      0.      0.    175.   496.   925.   1.00    -54.      0.    196.      0.    186.     12.
  240  70   1196.   2696.   8568.   6249.  18710.   1066.   1.43   1.87   1.00   0.33   0.07    100.   1139.    120.    434.    390.    383.      0.    327.    127.      0.      0.    175.   548.   996.   1.00    -54.      0.    196.      0.    183.     14.
  250  70    882.   3011.   8064.   7776.  20237.   1159.   1.54   1.37   1.00   0.31   0.07    100.   1142.    120.    447.    395.    383.      0.    312.    112.      0.      0.    175.   592.  1066.   1.00    -54.      0.    196.      0.    180.     18.
  260  70    655.   3238.   6589.   8345.  20806.   1247.   1.64   1.02   1.00   0.35   0.07    100.   1216.    120.    456.    406.    400.      0.    350.    150.      0.      0.    175.   613.  1107.   1.00    -54.      0.    196.      0.    174.     24.
  270  70    498.   3394.   5384.   8797.  21258.   1322.   1.73   0.78   1.00   0.34   0.07    100.   1216.    120.    460.    410.    400.      0.    342.    142.      0.      0.    175.   638.  1165.   1.00    -54.      0.    196.      0.    169.     29.
  280  70    379.   3514.   4399.   9092.  21553.   1398.   1.82   0.59   1.00   0.35   0.07    100.   1253.    120.    464.    418.    416.      0.    350.    150.      0.      0.    175.   650.  1201.   1.00    -54.      0.    196.      0.    165.     33.
  290  70    306.   3587.   3668.   9160.  21621.   1448.   1.88   0.48   1.00   0.35   0.07    100.   1253.    120.    465.    420.    416.      0.    347.    147.      0.      0.    175.   658.  1230.   1.00    -54.      0.    196.      0.    162.     35.
  299  70      0.      0.      0.      0.      0.      0.   0.00   0.00   1.00   0.35   0.07    100.   1285.    120.    465.    424.    441.      0.    350.    150.      0.      0.    175.     0.     0.   1.00    -54.      0.      0.      0.      0.      0.
  309  70      0.      0.      0.      0.      0.      0.   0.00   0.00   1.00   0.35   0.07    100.   1348.    120.    465.    430.    498.      0.    350.    150.      0.      0.    175.     0.     0.   1.00    -54.      0.      0.      0.      0.      0.
  319  70      0.      0.      0.      0.      0.      0.   0.00   0.00   1.00   0.35   0.07    100.   1361.    120.    465.    434.    507.      0.    350.    150.      0.      0.    175.     0.     0.   1.00    -54.      0.      0.      0.      0.      0.
  329  70      0.      0.      0.      0.      0.      0.   0.00   0.00   1.00   0.35   0.07    100.   1384.    120.    465.    438.    527.      0.    350.    150.      0.      0.    175.     0.     0.   1.00    -54.      0.      0.      0.      0.      0.
  339  70      0.      0.      0.      0.      0.      0.   0.00   0.00   1.00   0.35   0.07    100.   1422.    120.    465.    439.    563.      0.    350.    150.      0.      0.    175.     0.     0.   1.00    -54.      0.      0.      0.      0.      0.
  349  70      0.      0.      0.      0.      0.      0.   0.00   0.00   1.00   0.35   0.07    100.   1431.    120.    465.    439.    572.      0.    350.    150.      0.      0.    175.     0.     0.   1.00    -54.      0.      0.      0.      0.      0.
  359  70      0.      0.      0.      0.      0.      0.   0.00   0.00   1.00   0.35   0.07    100.   1436.    120.    465.    440.    576.      0.    350.    150.      0.      0.    175.     0.     0.   1.00    -54.      0.      0.      0.      0.      0.
    4  71      0.      0.      0.      0.      0.      0.   0.00   0.00   1.00   0.35   0.07    100.   1442.    120.    465.    440.    582.      0.    350.    150.      0.      0.    175.     0.     0.   1.00    -54.      0.      0.      0.      0.      0.
   14  71      0.      0.      0.      0.      0.      0.   0.00   0.00   1.00   0.35   0.07    100.   1444.    120.    465.    440.    584.      0.    350.    150.      0.      0.    175.     0.     0.   1.00    -54.      0.      0.      0.      0.      0.
   24  71      0.      0.      0.      0.      0.      0.   0.00   0.00   1.00   0.35   0.07    100.   1469.    120.    465.    442.    608.      0.    350.    150.      0.      0.    175.     0.     0.   1.00    -54.      0.      0.      0.      0.      0.
   34  71      0.      0.      0.      0.      0.      0.   0.00   0.00   1.00   0.35   0.07    100.   1503.    120.    465.    445.    638.      0.    350.    150.      0.      0.    175.     0.     0.   1.00    -54.      0.      0.      0.      0.      0.
   44  71      0.      0.      0.      0.      0.      0.   0.00   0.00   1.00   0.35   0.07    100.   1510.    120.    465.    446.    643.      0.    350.    150.      0.      0.    175.     0.     0.   1.00    -54.      0.      0.      0.      0.      0.
   54  71      0.      0.      0.      0.      0.      0.   0.00   0.00   1.00   0.35   0.07    100.   1533.    120.    465.    449.    664.      0.    350.    150.      0.      0.    175.     0.     0.   1.00    -54.      0.      0.      0.      0.      0.
   64  71      0.      0.      0.      0.      0.      0.   0.00   0.00   1.00   0.35   0.07    100.   1538.    120.    465.    452.    666.      0.    350.    150.      0.      0.    175.     0.     0.   1.00    -54.      0.      0.      0.      0.      0.
   74  71      0.      0.      0.      0.      0.      0.   0.00   0.00   1.00   0.35   0.07    100.   1551.    120.    465.    456.    675.      0.    350.    150.      0.      0.    175.     0.     0.   1.00    -54.      0.      0.      0.      0.      0.
   84  71      0.      0.      0.      0.      0.      0.   0.00   0.00   1.00   0.35   0.07    100.   1570.    120.    465.    464.    686.      0.    350.    150.      0.      0.    175.     0.     0.   1.00    -54.      0.      0.      0.      0.      0.
   94  71      0.      0.      0.      0.      0.      0.   0.00   0.00   1.00   0.35   0.07    100.   1573.    120.    465.    469.    686.      0.    347.    147.      0.      0.    175.     0.     0.   1.00    -54.      0.      0.      0.      0.      0.


Station=  WAGE , Soil=  1, Manage=  1, Rotat=  6 YrRot=  3 , NYear=  4 , NRot=  3 , Crop=  6, Irr.=  2, IOPT=  2,     Runof=0.00, CO2=370. , StYear=1969, StDay=  1

 Planting on day 100, 1971
 Crop emergence on day   0, 1971
 Wageningen, rotation 6, soil1, current                                          

 DAY  YEAR  WLVG    WLVD    WST    WSO     TAGB    TSUML    DVS    LAI  TRANRF  SMACT  SMACTL   RD    TRAIN   TIRR   TTRANS  TESOIL  TDRAIN  TRUNOF    WTOT   WAVT    WTOTL     WAVTL  WTOTLX  PARAB    PAR    NNI   NMINT  NMIN    NUPT     NFIX   NLIV   NLOSS  
  100  71     11.      0.     11.      0.     22.      0.   0.00   0.03   1.00   0.34   0.35     10.   1573.    120.    465.    471.    686.      0.     34.     14.    313.    133.    174.     0.     0.   1.00      0.     30.      0.      0.      2.      0.
  110  71     11.      0.     11.      0.     22.      0.   0.00   0.03   1.00   0.33   0.35     10.   1577.    120.    466.    476.    686.      0.     33.     13.    313.    133.    174.     0.    79.   1.00      0.     30.      0.      0.      2.      0.
  112  71     11.      0.     11.      0.     22.      0.   0.00   0.03   1.00   0.32   0.35     10.   1577.    120.    466.    477.    686.      0.     32.     12.    313.    133.    174.     0.    94.   1.00      0.     30.      0.      0.      2.      0.
  120  71     16.      0.     16.      0.     33.     70.   0.08   0.08   1.00   0.32   0.35     20.   1593.    120.    467.    491.    686.      0.     59.     22.    285.    122.    174.     3.   152.   1.00      6.     24.      0.      0.      2.      0.
  130  71     55.      0.     50.      0.    105.    180.   0.22   0.25   1.00   0.31   0.35     32.   1600.    120.    469.    504.    686.      0.     93.     32.    243.    104.    174.    11.   256.   1.00     13.     16.      1.      3.      6.      0.
  140  71    383.      0.    310.      0.    693.    336.   0.40   1.54   1.00   0.34   0.35     44.   1642.    120.    478.    524.    691.      0.    143.     58.    202.     86.    175.    47.   348.   1.00    100.      9.      5.     20.     27.      0.
  150  71   1013.      0.    752.      1.   1765.    468.   0.56   4.15   1.00   0.33   0.35     56.   1661.    120.    497.    529.    691.      0.    179.     70.    160.     68.    175.   115.   428.   1.00     99.      2.     13.     53.     68.      0.
  160  71   1797.    269.   1599.    109.   3774.    630.   0.76   7.46   1.00   0.27   0.35     68.   1661.    120.    535.    530.    691.      0.    182.     49.    118.     50.    175.   218.   532.   1.00     87.      0.     27.    108.    133.      3.
  170  71   1741.    737.   2098.    277.   4854.    760.   0.91   7.25   1.00   0.35   0.35     80.   1720.    140.    560.    530.    695.      0.    274.    118.     76.     32.    175.   279.   593.   1.00     84.      0.     30.    120.    144.      8.
  180  71   1658.   1184.   2781.    646.   6269.    903.   1.06   6.91   1.00   0.35   0.35     92.   1759.    140.    588.    530.    707.      0.    315.    135.     34.     14.    175.   350.   664.   1.00    107.      0.     35.    139.    163.     13.
  190  71   1507.   1703.   3781.   2049.   9041.   1071.   1.18   6.30   1.00   0.31   0.07    100.   1760.    140.    627.    531.    707.      0.    311.    111.      0.      0.    175.   461.   776.   1.00     98.      0.     44.    176.    203.     18.
  200  71   1189.   2125.   4392.   3920.  11626.   1234.   1.30   4.97   1.00   0.28   0.07    100.   1760.    140.    661.    531.    707.      0.    277.     77.      0.      0.    175.   557.   873.   1.00     84.      0.     58.    233.    271.     23.
  210  71    890.   2469.   4690.   5270.  13319.   1407.   1.43   3.72   1.00   0.30   0.07    100.   1789.    160.    685.    533.    707.      0.    299.     99.      0.      0.    175.   623.   941.   1.00     84.      0.     58.    233.    267.     26.
  220  71    633.   2738.   4410.   6846.  14998.   1594.   1.57   2.64   1.00   0.29   0.07    100.   1814.    160.    715.    536.    707.      0.    291.     91.      0.      0.    175.   699.  1023.   1.00     84.      0.     58.    233.    261.     32.
  230  71    461.   2909.   3607.   7626.  15781.   1754.   1.69   1.93   1.00   0.30   0.07    100.   1824.    180.    732.    540.    707.      0.    300.    100.      0.      0.    175.   750.  1084.   1.00     84.      0.     58.    233.    253.     41.
  240  71    329.   3042.   2947.   8312.  16468.   1930.   1.82   1.37   1.00   0.30   0.07    100.   1852.    180.    749.    549.    707.      0.    302.    102.      0.      0.    175.   804.  1158.   1.00     84.      0.     58.    233.    246.     48.
  250  71    242.   3129.   2408.   8602.  16758.   2085.   1.93   1.01   1.00   0.29   0.07    100.   1857.    180.    761.    555.    707.      0.    290.     90.      0.      0.    175.   843.  1221.   1.00     84.      0.     58.    233.    240.     53.
  259  71    196.   3174.   2049.   8723.  16879.   2188.   2.01   0.82   1.00   0.28   0.07    100.   1858.    180.    768.    558.    707.      0.    281.     81.      0.      0.    175.   869.  1271.   1.00     84.      0.     58.    233.    237.     57.
  259  71      0.      0.      0.      0.      0.      0.   0.00   0.00   1.00   0.28   0.07    100.   1858.    180.    768.    558.    707.      0.    280.     80.      0.      0.    175.     0.     0.   1.00     84.      0.      0.      0.      0.      0.
  269  71      0.      0.      0.      0.      0.      0.   0.00   0.00   1.00   0.29   0.07    100.   1869.    180.    768.    562.    707.      0.    288.     88.      0.      0.    175.     0.     0.   1.00     84.      0.      0.      0.      0.      0.
  279  71      0.      0.      0.      0.      0.      0.   0.00   0.00   1.00   0.29   0.07    100.   1875.    180.    768.    565.    707.      0.    290.     90.      0.      0.    175.     0.     0.   1.00     84.      0.      0.      0.      0.      0.
  289  71      0.      0.      0.      0.      0.      0.   0.00   0.00   1.00   0.29   0.07    100.   1878.    180.    768.    567.    707.      0.    291.     91.      0.      0.    175.     0.     0.   1.00     84.      0.      0.      0.      0.      0.
  299  71      0.      0.      0.      0.      0.      0.   0.00   0.00   1.00   0.31   0.07    100.   1899.    180.    768.    572.    707.      0.    307.    107.      0.      0.    175.     0.     0.   1.00     84.      0.      0.      0.      0.      0.
  309  71      0.      0.      0.      0.      0.      0.   0.00   0.00   1.00   0.31   0.07    100.   1899.    180.    768.    572.    707.      0.    306.    106.      0.      0.    175.     0.     0.   1.00     84.      0.      0.      0.      0.      0.
  319  71      0.      0.      0.      0.      0.      0.   0.00   0.00   1.00   0.32   0.07    100.   1910.    180.    768.    574.    707.      0.    315.    115.      0.      0.    175.     0.     0.   1.00     84.      0.      0.      0.      0.      0.
  329  71      0.      0.      0.      0.      0.      0.   0.00   0.00   1.00   0.35   0.07    100.   1946.    180.    768.    576.    707.      0.    349.    149.      0.      0.    175.     0.     0.   1.00     84.      0.      0.      0.      0.      0.
  339  71      0.      0.      0.      0.      0.      0.   0.00   0.00   1.00   0.35   0.07    100.   1958.    180.    768.    577.    718.      0.    350.    150.      0.      0.    175.     0.     0.   1.00     84.      0.      0.      0.      0.      0.
  349  71      0.      0.      0.      0.      0.      0.   0.00   0.00   1.00   0.35   0.07    100.   1964.    180.    768.    577.    723.      0.    350.    150.      0.      0.    175.     0.     0.   1.00     84.      0.      0.      0.      0.      0.
  359  71      0.      0.      0.      0.      0.      0.   0.00   0.00   1.00   0.35   0.07    100.   1985.    180.    768.    578.    744.      0.    350.    150.      0.      0.    175.     0.     0.   1.00     84.      0.      0.      0.      0.      0.
    4  72      0.      0.      0.      0.      0.      0.   0.00   0.00   1.00   0.35   0.07    100.   1986.    180.    768.    578.    745.      0.    350.    150.      0.      0.    175.     0.     0.   1.00     84.      0.      0.      0.      0.      0.
   14  72      0.      0.      0.      0.      0.      0.   0.00   0.00   1.00   0.35   0.07    100.   1991.    180.    768.    578.    749.      0.    350.    150.      0.      0.    175.     0.     0.   1.00     84.      0.      0.      0.      0.      0.
   24  72      0.      0.      0.      0.      0.      0.   0.00   0.00   1.00   0.35   0.07    100.   2005.    180.    768.    579.    763.      0.    350.    150.      0.      0.    175.     0.     0.   1.00     84.      0.      0.      0.      0.      0.
   34  72      0.      0.      0.      0.      0.      0.   0.00   0.00   1.00   0.35   0.07    100.   2019.    180.    768.    581.    775.      0.    350.    150.      0.      0.    175.     0.     0.   1.00     84.      0.      0.      0.      0.      0.
   44  72      0.      0.      0.      0.      0.      0.   0.00   0.00   1.00   0.35   0.07    100.   2040.    180.    768.    583.    794.      0.    350.    150.      0.      0.    175.     0.     0.   1.00     84.      0.      0.      0.      0.      0.
   54  72      0.      0.      0.      0.      0.      0.   0.00   0.00   1.00   0.35   0.07    100.   2045.    180.    768.    584.    797.      0.    350.    150.      0.      0.    175.     0.     0.   1.00     84.      0.      0.      0.      0.      0.
   64  72      0.      0.      0.      0.      0.      0.   0.00   0.00   1.00   0.35   0.07    100.   2050.    180.    768.    587.    800.      0.    350.    150.      0.      0.    175.     0.     0.   1.00     84.      0.      0.      0.      0.      0.
   74  72      0.      0.      0.      0.      0.      0.   0.00   0.00   1.00   0.35   0.07    100.   2062.    180.    768.    591.    809.      0.    348.    148.      0.      0.    175.     0.     0.   1.00     84.      0.      0.      0.      0.      0.
   84  72      0.      0.      0.      0.      0.      0.   0.00   0.00   1.00   0.34   0.07    100.   2062.    180.    768.    595.    809.      0.    344.    144.      0.      0.    175.     0.     0.   1.00     84.      0.      0.      0.      0.      0.
   94  72      0.      0.      0.      0.      0.      0.   0.00   0.00   1.00   0.35   0.07    100.   2102.    180.    768.    602.    836.      0.    350.    150.      0.      0.    175.     0.     0.   1.00     84.      0.      0.      0.      0.      0.


Station=  WAGE , Soil=  1, Manage=  1, Rotat=  6 YrRot=  1 , NYear=  4 , NRot=  3 , Crop=  2, Irr.=  2, IOPT=  2,     Runof=0.00, CO2=370. , StYear=1969, StDay=  1

 Planting on day 100, 1972
 Crop emergence on day   0, 1972
 Wageningen, rotation 6, soil1, current                                          

 DAY  YEAR  WLVG    WLVD    WST    WSO     TAGB    TSUML    DVS    LAI  TRANRF  SMACT  SMACTL   RD    TRAIN   TIRR   TTRANS  TESOIL  TDRAIN  TRUNOF    WTOT   WAVT    WTOTL     WAVTL  WTOTLX  PARAB    PAR    NNI   NMINT  NMIN    NUPT     NFIX   NLIV   NLOSS  
  100  72      0.      0.      0.      0.      0.      0.   0.00   0.00   1.00   0.35   0.35     10.   2137.    180.    768.    610.    864.      0.     35.     15.    385.    165.    105.     0.     0.   1.00      0.     30.      0.      0.      0.      0.
  110  72      0.      0.      0.      0.      0.      0.   0.00   0.00   1.00   0.32   0.35     10.   2168.    180.    769.    622.    884.      0.     32.     12.    385.    165.    105.     0.    61.   1.00      0.     30.      0.      0.      0.      0.
  112  72      0.      0.      0.      0.      0.      0.   0.00   0.00   1.00   0.33   0.35     10.   2175.    180.    769.    626.    887.      0.     33.     13.    385.    165.    105.     0.    73.   1.00      0.     30.      0.      0.      0.      0.
  120  72      0.      0.      0.      0.      0.      0.   0.00   0.00   0.79   0.25   0.35     10.   2177.    180.    769.    635.    887.      0.     25.      5.    385.    165.    105.     0.   137.   1.00      0.     30.      0.      0.      0.      0.
  123  72      0.      0.      0.      0.      0.      0.   0.00   0.00   1.00   0.28   0.35     10.   2186.    180.    769.    642.    887.      0.     28.      8.    385.    165.    105.     0.   154.   1.00      0.     30.      0.      0.      0.      0.
  130  72      1.      0.      0.      0.      1.     73.   0.11   0.00   1.00   0.28   0.35     18.   2188.    180.    769.    649.    887.      0.     48.     14.    360.    154.    105.     0.   213.   1.00      5.     25.      0.      0.      0.      0.
  140  72      3.      0.      1.      0.      3.    136.   0.21   0.01   1.00   0.35   0.35     30.   2246.    180.    769.    667.    915.      0.    102.     44.    318.    136.    105.     0.   264.   1.00     97.     17.      0.      0.      0.      0.
  150  72     14.      0.      4.      0.     18.    237.   0.36   0.03   1.00   0.35   0.35     42.   2276.    180.    769.    692.    919.      0.    144.     62.    276.    118.    105.     1.   354.   1.00    103.     10.      1.      0.      1.      0.
  160  72     47.      0.     19.      0.     65.    340.   0.52   0.09   1.00   0.35   0.35     54.   2298.    180.    770.    714.    921.      0.    184.     77.    234.    100.    105.     3.   425.   1.00    109.      2.      3.      0.      3.      0.
  170  72    225.      0.    120.      0.    345.    434.   0.67   0.45   1.00   0.34   0.35     66.   2315.    200.    773.    741.    930.      0.    224.     93.    192.     82.    105.    16.   521.   1.00    101.      0.     13.      0.     13.      0.
  180  72    613.      0.    397.      0.   1011.    551.   0.85   1.23   1.00   0.34   0.35     78.   2356.    200.    781.    759.    948.      0.    263.    109.    150.     64.    105.    46.   595.   1.00    104.      0.     38.      0.     38.      0.
  190  72   1159.      0.    896.     10.   2064.    676.   1.03   2.32   1.00   0.34   0.35     90.   2385.    200.    795.    769.    958.      0.    300.    122.    108.     46.    105.    89.   660.   1.00     68.      0.     74.      0.     74.      0.
  200  72   2092.      0.   1859.    519.   4470.    805.   1.12   4.18   1.00   0.32   0.35    102.   2397.    200.    821.    773.    958.      0.    323.    121.     66.     28.    105.   178.   760.   1.00     -3.      0.    145.      0.    145.      0.
  210  72   2476.    130.   2427.   1464.   6497.    963.   1.23   4.95   1.00   0.35   0.35    114.   2461.    220.    849.    775.    982.      0.    396.    170.     24.     10.    105.   248.   833.   1.00    -49.      0.    191.      0.    188.      3.
  220  72   2296.    488.   2698.   3038.   8520.   1095.   1.33   4.59   1.00   0.34   0.00    120.   2470.    220.    871.    777.    984.      0.    402.    162.      0.      0.    105.   314.   902.   1.00    -68.      0.    210.      0.    199.     12.
  230  72   1740.   1153.   2918.   4903.  10714.   1237.   1.43   3.48   1.00   0.34   0.00    120.   2497.    240.    894.    780.    998.      0.    409.    169.      0.      0.    105.   388.   980.   1.00    -83.      0.    225.      0.    198.     28.
  240  72   1393.   1585.   3088.   6352.  12418.   1344.   1.51   2.79   1.00   0.34   0.00    120.   2518.    240.    911.    783.   1001.      0.    409.    169.      0.      0.    105.   446.  1046.   1.00   -102.      0.    244.      0.    206.     38.
  250  72   1142.   1936.   2704.   8040.  14405.   1452.   1.58   2.28   1.00   0.33   0.00    120.   2518.    240.    927.    785.   1001.      0.    390.    150.      0.      0.    105.   516.  1131.   1.00   -102.      0.    244.      0.    185.     59.
  260  72    923.   2205.   2294.   8901.  15409.   1553.   1.66   1.85   1.00   0.34   0.00    120.   2553.    240.    937.    789.   1001.      0.    412.    172.      0.      0.    105.   553.  1180.   1.00   -102.      0.    244.      0.    168.     76.
  270  72    793.   2382.   1947.   9715.  16351.   1623.   1.71   1.59   1.00   0.34   0.00    120.   2563.    240.    943.    792.   1001.      0.    412.    172.      0.      0.    105.   596.  1241.   1.00   -102.      0.    244.      0.    155.     90.
  280  72    679.   2530.   1639.  10299.  17019.   1690.   1.75   1.36   1.00   0.34   0.00    120.   2563.    240.    949.    794.   1001.      0.    405.    165.      0.      0.    105.   628.  1291.   1.00   -102.      0.    244.      0.    143.    101.
  290  72    583.   2643.   1389.  10603.  17366.   1745.   1.79   1.17   1.00   0.33   0.00    120.   2564.    240.    953.    795.   1001.      0.    400.    160.      0.      0.    105.   649.  1328.   1.00   -102.      0.    244.      0.    135.    110.
  299  72      0.      0.      0.      0.      0.      0.   0.00   0.00   1.00   0.35   0.00    120.   2579.    240.    953.    796.   1001.      0.    414.    174.      0.      0.    105.     0.     0.   1.00   -102.      0.      0.      0.      0.      0.
  309  72      0.      0.      0.      0.      0.      0.   0.00   0.00   1.00   0.35   0.00    120.   2587.    240.    953.    798.   1002.      0.    420.    180.      0.      0.    105.     0.     0.   1.00   -102.      0.      0.      0.      0.      0.
  319  72      0.      0.      0.      0.      0.      0.   0.00   0.00   1.00   0.35   0.00    120.   2633.    240.    953.    800.   1044.      0.    420.    180.      0.      0.    105.     0.     0.   1.00   -102.      0.      0.      0.      0.      0.
  329  72      0.      0.      0.      0.      0.      0.   0.00   0.00   1.00   0.35   0.00    120.   2662.    240.    953.    801.   1072.      0.    420.    180.      0.      0.    105.     0.     0.   1.00   -102.      0.      0.      0.      0.      0.
  339  72      0.      0.      0.      0.      0.      0.   0.00   0.00   1.00   0.35   0.00    120.   2665.    240.    953.    802.   1075.      0.    420.    180.      0.      0.    105.     0.     0.   1.00   -102.      0.      0.      0.      0.      0.
  349  72      0.      0.      0.      0.      0.      0.   0.00   0.00   1.00   0.35   0.00    120.   2684.    240.    953.    804.   1093.      0.    420.    180.      0.      0.    105.     0.     0.   1.00   -102.      0.      0.      0.      0.      0.
  359  72      0.      0.      0.      0.      0.      0.   0.00   0.00   1.00   0.35   0.00    120.   2684.    240.    953.    804.   1093.      0.    420.    180.      0.      0.    105.     0.     0.   1.00   -102.      0.      0.      0.      0.      0.
    1  73      0.      0.      0.      0.      0.      0.   0.00   0.00   1.00   0.35   0.00    120.   2684.    240.    953.    804.   1093.      0.    420.    180.      0.      0.    105.     0.     0.   1.00   -102.      0.      0.      0.      0.      0.


DATA-FILE  WARO1PTS.OUT


Name of run: WARO3


Station=  WAGE , Soil=  1, Manage=  2, Rotat=  7 YrRot=  1 , NYear=  4 , NRot=  3 , Crop=  2, Irr.=  0, IOPT=  3,     Runof=0.00, CO2=370. , StYear=1969, StDay=  1

 DAY  YEAR  WLVG    WLVD    WST    WSO     TAGB    TSUML    DVS    LAI  TRANRF  SMACT  SMACTL   RD    TRAIN   TIRR   TTRANS  TESOIL  TDRAIN  TRUNOF    WTOT   WAVT    WTOTL      WAVTL WTOTLX  PARAB    PAR    NNI   NMINT  NMIN    NUPT       NFIX   NLIV   NLOSS  
    1  69      0.      0.      0.      0.      0.      0.   0.00   0.00   1.00   0.30   0.30     10.   2684.    240.    953.    804.   1093.      0.    420.    180.      0.      0.    105.     0.     0.   1.00   -102.      0.      0.      0.      0.      0.
    3  69      0.      0.      0.      0.      0.      0.   0.00   0.00   1.00   0.33   0.30     10.      3.      0.      0.      0.      0.      0.     33.     13.    330.    110.     90.     0.     0.   1.00   -102.      0.      0.      0.      0.      0.
   13  69      0.      0.      0.      0.      0.      0.   0.00   0.00   1.00   0.34   0.30     10.      5.      0.      0.      1.      0.      0.     34.     14.    330.    110.     90.     0.     0.   1.00   -102.      0.      0.      0.      0.      0.
   23  69      0.      0.      0.      0.      0.      0.   0.00   0.00   1.00   0.35   0.32     10.     28.      0.      0.      3.      0.      0.     35.     15.    350.    130.     90.     0.     0.   1.00   -102.      0.      0.      0.      0.      0.
   33  69      0.      0.      0.      0.      0.      0.   0.00   0.00   1.00   0.35   0.32     10.     37.      0.      0.      6.      0.      0.     35.     15.    356.    136.     90.     0.     0.   1.00   -102.      0.      0.      0.      0.      0.
   43  69      0.      0.      0.      0.      0.      0.   0.00   0.00   1.00   0.35   0.34     10.     58.      0.      0.      9.      0.      0.     35.     15.    374.    154.     90.     0.     0.   1.00   -102.      0.      0.      0.      0.      0.
   53  69      0.      0.      0.      0.      0.      0.   0.00   0.00   1.00   0.35   0.35     10.     79.      0.      0.     10.      0.      0.     35.     15.    385.    165.     98.     0.     0.   1.00   -102.      0.      0.      0.      0.      0.
   63  69      0.      0.      0.      0.      0.      0.   0.00   0.00   1.00   0.33   0.35     10.     80.      0.      0.     13.      0.      0.     33.     13.    385.    165.     98.     0.     0.   1.00   -102.      0.      0.      0.      0.      0.
   73  69      0.      0.      0.      0.      0.      0.   0.00   0.00   1.00   0.35   0.35     10.    108.      0.      0.     16.     17.      0.     35.     15.    385.    165.    105.     0.     0.   1.00   -102.      0.      0.      0.      0.      0.
   83  69      0.      0.      0.      0.      0.      0.   0.00   0.00   1.00   0.33   0.35     10.    120.      0.      0.     23.     24.      0.     33.     13.    385.    165.    105.     0.     0.   1.00   -102.      0.      0.      0.      0.      0.
   93  69      0.      0.      0.      0.      0.      0.   0.00   0.00   1.00   0.33   0.35     10.    138.      0.      0.     29.     36.      0.     33.     13.    385.    165.    105.     0.     0.   1.00   -102.      0.      0.      0.      0.      0.


Station=  WAGE , Soil=  1, Manage=  2, Rotat=  7 YrRot=  1 , NYear=  4 , NRot=  3 , Crop=  2, Irr.=  0, IOPT=  3,     Runof=0.00, CO2=370. , StYear=1969, StDay=  1

 Planting on day 100, 1969
 Crop emergence on day   0, 1969
 Wageningen, rotation 7, soil1, current                                          

 DAY  YEAR  WLVG    WLVD    WST    WSO     TAGB    TSUML    DVS    LAI  TRANRF  SMACT  SMACTL   RD    TRAIN   TIRR   TTRANS  TESOIL  TDRAIN  TRUNOF    WTOT   WAVT    WTOTL     WAVTL  WTOTLX  PARAB    PAR    NNI   NMINT  NMIN    NUPT     NFIX   NLIV   NLOSS  
  100  69      0.      0.      0.      0.      0.      0.   0.00   0.00   1.00   0.25   0.35     10.    138.      0.      0.     37.     36.      0.     25.      5.    385.    165.    105.     0.     0.   0.00      0.     30.      0.      0.      0.      0.
  110  69      0.      0.      0.      0.      0.      0.   0.00   0.00   1.00   0.33   0.35     10.    184.      0.      0.     55.     56.      0.     33.     13.    385.    165.    105.     0.    60.   0.00      0.     30.      0.      0.      0.      0.
  120  69      0.      0.      0.      0.      0.      0.   0.00   0.00   1.00   0.29   0.35     10.    212.      0.      0.     71.     71.      0.     29.      9.    385.    165.    105.     0.   131.   1.00      0.     30.      0.      0.      0.      0.
  130  69      1.      0.      0.      0.      1.     93.   0.14   0.00   1.00   0.29   0.35     22.    218.      0.      0.     85.     71.      0.     60.     19.    347.    149.    105.     0.   203.   0.80      7.     22.      0.      0.      0.      0.
  140  69      3.      0.      2.      0.      5.    200.   0.31   0.01   1.00   0.35   0.35     34.    257.      0.      0.    112.     71.      0.    114.     49.    305.    131.    105.     0.   271.   0.93    127.     15.      0.      0.      0.      0.
  150  69      9.      1.      6.      0.     16.    298.   0.46   0.02   1.00   0.34   0.35     46.    275.      0.      0.    134.     72.      0.    151.     61.    263.    113.    105.     1.   357.   0.74    134.      8.      1.      0.      1.      0.
  160  69     23.      2.     19.      0.     44.    387.   0.60   0.04   1.00   0.33   0.35     58.    316.      0.      1.    158.     94.      0.    187.     73.    221.     95.    105.     2.   434.   0.66    140.      0.      2.      0.      2.      0.
  170  69     72.      8.     83.      0.    162.    536.   0.82   0.13   1.00   0.32   0.35     70.    331.      0.      2.    183.     94.      0.    217.     79.    179.     77.    105.     8.   552.   0.91    192.      0.      6.      0.      6.      0.
  180  69    161.     16.    201.      0.    378.    657.   1.01   0.29   1.00   0.31   0.35     82.    346.      0.      5.    204.     94.      0.    250.     88.    137.     59.    105.    17.   628.   0.75    186.      0.     12.      0.     12.      0.
  190  69    319.     39.    464.     83.    905.    789.   1.10   0.58   1.00   0.31   0.35     94.    365.      0.     11.    221.     94.      0.    289.    103.     95.     41.    105.    38.   713.   0.86    170.      0.     28.      0.     27.      1.
  200  69    516.     66.    774.    473.   1828.    918.   1.20   0.95   1.00   0.30   0.35    106.    376.      0.     20.    236.     94.      0.    318.    108.     53.     23.    105.    71.   794.   0.85    152.      0.     46.      0.     44.      2.
  210  69    626.    120.   1039.   1502.   3288.   1087.   1.32   1.16   0.81   0.30   0.35    118.    389.      0.     37.    247.     94.      0.    345.    111.     11.      5.    105.   120.   887.   0.95    132.      0.     66.      0.     63.      3.
  220  69    468.    344.   1178.   2656.   4645.   1256.   1.44   0.87   0.79   0.28   0.00    120.    406.      0.     54.    263.     94.      0.    340.    100.      0.      0.    105.   169.   985.   0.93    119.      0.     79.      0.     70.      8.
  230  69    335.    513.   1137.   3309.   5413.   1419.   1.55   0.63   1.00   0.28   0.00    120.    436.      0.     67.    283.     94.      0.    337.     97.      0.      0.    105.   203.  1067.   0.73    113.      0.     85.      0.     70.     15.
  240  69    208.    653.    967.   3628.   5787.   1538.   1.64   0.40   1.00   0.32   0.00    120.    512.      0.     73.    301.     94.      0.    390.    150.      0.      0.    105.   220.  1122.   0.37    113.      0.     85.      0.     63.     22.
  250  69    108.    757.    804.   3750.   5928.   1653.   1.72   0.23   1.00   0.32   0.00    120.    518.      0.     76.    311.     94.      0.    382.    142.      0.      0.    105.   233.  1187.   0.16    113.      0.     85.      0.     57.     29.
  260  69     48.    817.    660.   3776.   5958.   1800.   1.83   0.13   1.00   0.31   0.00    120.    519.      0.     78.    317.     94.      0.    375.    135.      0.      0.    105.   240.  1248.   0.07    113.      0.     85.      0.     52.     33.
  270  69     22.    843.    539.   3777.   5959.   1909.   1.90   0.08   1.00   0.31   0.00    120.    528.      0.     79.    325.     94.      0.    375.    135.      0.      0.    105.   244.  1300.   0.03    113.      0.     85.      0.     49.     36.
  272  69     19.    846.    518.   3777.   5959.   1926.   1.92   0.07   1.00   0.31   0.00    120.    528.      0.     79.    327.     94.      0.    374.    134.      0.      0.    105.   244.  1312.   0.03    113.      0.     85.      0.     49.     37.
  272  69      0.      0.      0.      0.      0.      0.   0.00   0.00   1.00   0.31   0.00    120.    528.      0.     79.    327.     94.      0.    373.    133.      0.      0.    105.     0.     0.   1.00    113.      0.      0.      0.      0.      0.
  278  69      0.      0.      0.      0.      0.      0.   0.00   0.00   1.00   0.31   0.00    120.    531.      0.     79.    331.     94.      0.    372.    132.      0.      0.    105.     0.     0.   1.00    113.      0.      0.      0.      0.      0.
  288  69      0.      0.      0.      0.      0.      0.   0.00   0.00   1.00   0.31   0.00    120.    532.      0.     79.    333.     94.      0.    371.    131.      0.      0.    105.     0.     0.   1.00    113.      0.      0.      0.      0.      0.
  298  69      0.      0.      0.      0.      0.      0.   0.00   0.00   1.00   0.31   0.00    120.    544.      0.     79.    339.     94.      0.    377.    137.      0.      0.    105.     0.     0.   1.00    113.      0.      0.      0.      0.      0.
  308  69      0.      0.      0.      0.      0.      0.   0.00   0.00   1.00   0.31   0.00    120.    546.      0.     79.    343.     94.      0.    374.    134.      0.      0.    105.     0.     0.   1.00    113.      0.      0.      0.      0.      0.
  318  69      0.      0.      0.      0.      0.      0.   0.00   0.00   1.00   0.34   0.00    120.    592.      0.     79.    351.     94.      0.    413.    173.      0.      0.    105.     0.     0.   1.00    113.      0.      0.      0.      0.      0.
  328  69      0.      0.      0.      0.      0.      0.   0.00   0.00   1.00   0.35   0.00    120.    598.      0.     79.    355.     94.      0.    415.    175.      0.      0.    105.     0.     0.   1.00    113.      0.      0.      0.      0.      0.
  338  69      0.      0.      0.      0.      0.      0.   0.00   0.00   1.00   0.35   0.00    120.    611.      0.     79.    355.    101.      0.    420.    180.      0.      0.    105.     0.     0.   1.00    113.      0.      0.      0.      0.      0.
  348  69      0.      0.      0.      0.      0.      0.   0.00   0.00   1.00   0.35   0.00    120.    615.      0.     79.    355.    106.      0.    420.    180.      0.      0.    105.     0.     0.   1.00    113.      0.      0.      0.      0.      0.
  358  69      0.      0.      0.      0.      0.      0.   0.00   0.00   1.00   0.35   0.00    120.    640.      0.     79.    357.    129.      0.    420.    180.      0.      0.    105.     0.     0.   1.00    113.      0.      0.      0.      0.      0.
    3  70      0.      0.      0.      0.      0.      0.   0.00   0.00   1.00   0.35   0.00    120.    647.      0.     79.    357.    136.      0.    420.    180.      0.      0.    105.     0.     0.   1.00    113.      0.      0.      0.      0.      0.
   13  70      0.      0.      0.      0.      0.      0.   0.00   0.00   1.00   0.35   0.00    120.    658.      0.     79.    359.    144.      0.    420.    180.      0.      0.    105.     0.     0.   1.00    113.      0.      0.      0.      0.      0.
   23  70      0.      0.      0.      0.      0.      0.   0.00   0.00   1.00   0.35   0.00    120.    665.      0.     79.    359.    152.      0.    420.    180.      0.      0.    105.     0.     0.   1.00    113.      0.      0.      0.      0.      0.
   33  70      0.      0.      0.      0.      0.      0.   0.00   0.00   1.00   0.35   0.00    120.    690.      0.     79.    360.    176.      0.    420.    180.      0.      0.    105.     0.     0.   1.00    113.      0.      0.      0.      0.      0.
   43  70      0.      0.      0.      0.      0.      0.   0.00   0.00   1.00   0.35   0.00    120.    725.      0.     79.    364.    207.      0.    420.    180.      0.      0.    105.     0.     0.   1.00    113.      0.      0.      0.      0.      0.
   53  70      0.      0.      0.      0.      0.      0.   0.00   0.00   1.00   0.35   0.00    120.    766.      0.     79.    366.    246.      0.    420.    180.      0.      0.    105.     0.     0.   1.00    113.      0.      0.      0.      0.      0.
   63  70      0.      0.      0.      0.      0.      0.   0.00   0.00   1.00   0.35   0.00    120.    795.      0.     79.    371.    270.      0.    420.    180.      0.      0.    105.     0.     0.   1.00    113.      0.      0.      0.      0.      0.
   73  70      0.      0.      0.      0.      0.      0.   0.00   0.00   1.00   0.35   0.00    120.    799.      0.     79.    374.    272.      0.    419.    179.      0.      0.    105.     0.     0.   1.00    113.      0.      0.      0.      0.      0.
   83  70      0.      0.      0.      0.      0.      0.   0.00   0.00   1.00   0.35   0.00    120.    822.      0.     79.    380.    287.      0.    420.    180.      0.      0.    105.     0.     0.   1.00    113.      0.      0.      0.      0.      0.
   93  70      0.      0.      0.      0.      0.      0.   0.00   0.00   1.00   0.35   0.00    120.    853.      0.     79.    390.    309.      0.    420.    180.      0.      0.    105.     0.     0.   1.00    113.      0.      0.      0.      0.      0.
  103  70      0.      0.      0.      0.      0.      0.   0.00   0.00   1.00   0.35   0.00    120.    892.      0.     79.    403.    336.      0.    420.    180.      0.      0.    105.     0.     0.   1.00    113.      0.      0.      0.      0.      0.
  113  70      0.      0.      0.      0.      0.      0.   0.00   0.00   1.00   0.35   0.00    120.    901.      0.     79.    413.    336.      0.    419.    179.      0.      0.    105.     0.     0.   1.00    113.      0.      0.      0.      0.      0.


Station=  WAGE , Soil=  1, Manage=  2, Rotat=  7 YrRot=  2 , NYear=  4 , NRot=  3 , Crop=  3, Irr.=  0, IOPT=  3,     Runof=0.00, CO2=370. , StYear=1969, StDay=  1

 Planting on day 120, 1970
 Crop emergence on day   0, 1970
 Wageningen, rotation 7, soil1, current                                          

 DAY  YEAR  WLVG    WLVD    WST    WSO     TAGB    TSUML    DVS    LAI  TRANRF  SMACT  SMACTL   RD    TRAIN   TIRR   TTRANS  TESOIL  TDRAIN  TRUNOF    WTOT   WAVT    WTOTL     WAVTL  WTOTLX  PARAB    PAR    NNI   NMINT  NMIN    NUPT     NFIX   NLIV   NLOSS  
  120  70     19.      0.     11.      0.     30.      0.   0.00   0.05   1.00   0.34   0.35     10.    929.      0.     79.    427.    349.      0.     34.     14.    315.    135.    175.     0.     0.   0.00      0.     30.      0.      0.      2.      0.
  130  70     19.      0.     11.      0.     30.      0.   0.00   0.05   1.00   0.26   0.35     10.    935.      0.     80.    440.    349.      0.     26.      6.    315.    135.    175.     0.    84.   0.00      0.     30.      0.      0.      2.      0.
  133  70     19.      0.     11.      0.     30.      0.   0.00   0.05   0.98   0.23   0.35     10.    935.      0.     80.    443.    349.      0.     23.      3.    315.    135.    175.     0.   112.   1.00      0.     30.      0.      0.      2.      0.
  140  70     30.      1.     20.      0.     51.     50.   0.07   0.08   1.00   0.27   0.35     18.    942.      0.     80.    450.    349.      0.     47.     13.    290.    124.    175.     2.   163.   1.00    116.     25.      1.      0.      3.      0.
  150  70     59.      2.     42.      0.    103.    107.   0.15   0.14   1.00   0.29   0.35     30.    950.      0.     81.    462.    349.      0.     85.     26.    248.    106.    175.     6.   243.   0.92    121.     17.      3.      0.      5.      0.
  160  70    222.      9.    188.      0.    419.    204.   0.29   0.47   1.00   0.28   0.35     42.    951.      0.     85.    470.    349.      0.    116.     33.    206.     88.    175.    21.   355.   0.81    118.     10.     14.      0.     16.      0.
  170  70    679.     33.    616.      0.   1329.    316.   0.45   1.30   0.96   0.26   0.35     54.    960.      0.     97.    488.    349.      0.    137.     30.    164.     70.    175.    66.   473.   0.85    155.      2.     41.      0.     43.      0.
  180  70   1346.     99.   1652.      0.   3098.    440.   0.63   2.35   1.00   0.25   0.35     66.    968.      0.    116.    495.    349.      0.    160.     29.    122.     52.    175.   128.   567.   0.97    114.      0.     84.      0.     86.      1.
  190  70   1817.    120.   2890.      0.   4827.    544.   0.78   2.97   1.00   0.29   0.35     78.   1018.      0.    136.    504.    349.      0.    223.     69.     80.     34.    175.   179.   632.   0.95     96.      0.    102.      0.    104.      1.
  200  70   2218.    143.   4819.      0.   7180.    639.   0.92   3.44   1.00   0.33   0.35     90.   1071.      0.    159.    509.    349.      0.    291.    112.     38.     16.    175.   244.   708.   1.00     75.      0.    123.      0.    124.      1.
  210  70   2260.    375.   6294.    234.   9163.    735.   1.05   3.42   1.00   0.33   0.07    100.   1100.      0.    180.    514.    349.      0.    332.    132.      0.      0.    175.   296.   767.   1.00     68.      0.    130.      0.    130.      2.
  220  70   1802.   1116.   7503.   2175.  12596.    867.   1.20   2.65   1.00   0.31   0.07    100.   1107.      0.    204.    517.    349.      0.    311.    111.      0.      0.    175.   372.   857.   1.00     51.      0.    147.      0.    143.      6.
  230  70   1317.   1602.   7503.   3958.  14379.    966.   1.32   1.94   1.00   0.31   0.07    100.   1130.      0.    220.    524.    349.      0.    312.    112.      0.      0.    175.   423.   925.   1.00     41.      0.    157.      0.    151.      8.
  240  70    934.   1984.   7503.   5582.  16003.   1066.   1.43   1.38   1.00   0.30   0.07    100.   1139.      0.    233.    531.    349.      0.    300.    100.      0.      0.    175.   467.   996.   0.83     41.      0.    157.      0.    149.     11.
  250  70    593.   2325.   7062.   6717.  17138.   1159.   1.54   0.92   1.00   0.29   0.07    100.   1142.      0.    244.    537.    349.      0.    287.     87.      0.      0.    175.   503.  1066.   0.59     41.      0.    157.      0.    146.     14.
  260  70    346.   2572.   5770.   7028.  17449.   1247.   1.64   0.59   1.00   0.34   0.07    100.   1216.      0.    250.    550.    349.      0.    342.    142.      0.      0.    175.   518.  1107.   0.48     41.      0.    157.      0.    140.     19.
  270  70    197.   2721.   4714.   7215.  17636.   1322.   1.73   0.39   1.00   0.33   0.07    100.   1216.      0.    252.    554.    349.      0.    335.    135.      0.      0.    175.   533.  1165.   0.41     41.      0.    157.      0.    136.     24.
  280  70    110.   2809.   3852.   7313.  17734.   1398.   1.82   0.26   1.00   0.35   0.07    100.   1252.      0.    254.    564.    359.      0.    350.    150.      0.      0.    175.   540.  1201.   0.39     41.      0.    157.      0.    133.     27.
  290  70     67.   2851.   3212.   7332.  17753.   1448.   1.88   0.19   1.00   0.35   0.07    100.   1253.      0.    255.    567.    359.      0.    347.    147.      0.      0.    175.   544.  1230.   0.41     41.      0.    157.      0.    130.     29.
  299  70      0.      0.      0.      0.      0.      0.   0.00   0.00   1.00   0.35   0.07    100.   1285.      0.    255.    571.    384.      0.    350.    150.      0.      0.    175.     0.     0.   1.00     41.      0.      0.      0.      0.      0.
  309  70      0.      0.      0.      0.      0.      0.   0.00   0.00   1.00   0.35   0.07    100.   1348.      0.    255.    578.    441.      0.    350.    150.      0.      0.    175.     0.     0.   1.00     41.      0.      0.      0.      0.      0.
  319  70      0.      0.      0.      0.      0.      0.   0.00   0.00   1.00   0.35   0.07    100.   1361.      0.    255.    582.    449.      0.    350.    150.      0.      0.    175.     0.     0.   1.00     41.      0.      0.      0.      0.      0.
  329  70      0.      0.      0.      0.      0.      0.   0.00   0.00   1.00   0.35   0.07    100.   1384.      0.    255.    586.    468.      0.    350.    150.      0.      0.    175.     0.     0.   1.00     41.      0.      0.      0.      0.      0.
  339  70      0.      0.      0.      0.      0.      0.   0.00   0.00   1.00   0.35   0.07    100.   1422.      0.    255.    588.    504.      0.    350.    150.      0.      0.    175.     0.     0.   1.00     41.      0.      0.      0.      0.      0.
  349  70      0.      0.      0.      0.      0.      0.   0.00   0.00   1.00   0.35   0.07    100.   1431.      0.    255.    589.    513.      0.    350.    150.      0.      0.    175.     0.     0.   1.00     41.      0.      0.      0.      0.      0.
  359  70      0.      0.      0.      0.      0.      0.   0.00   0.00   1.00   0.35   0.07    100.   1436.      0.    255.    589.    517.      0.    350.    150.      0.      0.    175.     0.     0.   1.00     41.      0.      0.      0.      0.      0.
    4  71      0.      0.      0.      0.      0.      0.   0.00   0.00   1.00   0.35   0.07    100.   1442.      0.    255.    589.    523.      0.    350.    150.      0.      0.    175.     0.     0.   1.00     41.      0.      0.      0.      0.      0.
   14  71      0.      0.      0.      0.      0.      0.   0.00   0.00   1.00   0.35   0.07    100.   1444.      0.    255.    589.    525.      0.    350.    150.      0.      0.    175.     0.     0.   1.00     41.      0.      0.      0.      0.      0.
   24  71      0.      0.      0.      0.      0.      0.   0.00   0.00   1.00   0.35   0.07    100.   1469.      0.    255.    591.    548.      0.    350.    150.      0.      0.    175.     0.     0.   1.00     41.      0.      0.      0.      0.      0.
   34  71      0.      0.      0.      0.      0.      0.   0.00   0.00   1.00   0.35   0.07    100.   1502.      0.    255.    595.    578.      0.    350.    150.      0.      0.    175.     0.     0.   1.00     41.      0.      0.      0.      0.      0.
   44  71      0.      0.      0.      0.      0.      0.   0.00   0.00   1.00   0.35   0.07    100.   1509.      0.    255.    596.    583.      0.    350.    150.      0.      0.    175.     0.     0.   1.00     41.      0.      0.      0.      0.      0.
   54  71      0.      0.      0.      0.      0.      0.   0.00   0.00   1.00   0.35   0.07    100.   1533.      0.    255.    599.    604.      0.    350.    150.      0.      0.    175.     0.     0.   1.00     41.      0.      0.      0.      0.      0.
   64  71      0.      0.      0.      0.      0.      0.   0.00   0.00   1.00   0.35   0.07    100.   1537.      0.    255.    602.    605.      0.    350.    150.      0.      0.    175.     0.     0.   1.00     41.      0.      0.      0.      0.      0.
   74  71      0.      0.      0.      0.      0.      0.   0.00   0.00   1.00   0.35   0.07    100.   1550.      0.    255.    607.    614.      0.    349.    149.      0.      0.    175.     0.     0.   1.00     41.      0.      0.      0.      0.      0.
   84  71      0.      0.      0.      0.      0.      0.   0.00   0.00   1.00   0.35   0.07    100.   1570.      0.    255.    617.    623.      0.    350.    150.      0.      0.    175.     0.     0.   1.00     41.      0.      0.      0.      0.      0.
   94  71      0.      0.      0.      0.      0.      0.   0.00   0.00   1.00   0.35   0.07    100.   1573.      0.    255.    622.    624.      0.    347.    147.      0.      0.    175.     0.     0.   1.00     41.      0.      0.      0.      0.      0.


Station=  WAGE , Soil=  1, Manage=  2, Rotat=  7 YrRot=  3 , NYear=  4 , NRot=  3 , Crop=  6, Irr.=  0, IOPT=  3,     Runof=0.00, CO2=370. , StYear=1969, StDay=  1

 Planting on day 100, 1971
 Crop emergence on day   0, 1971
 Wageningen, rotation 7, soil1, current                                          

 DAY  YEAR  WLVG    WLVD    WST    WSO     TAGB    TSUML    DVS    LAI  TRANRF  SMACT  SMACTL   RD    TRAIN   TIRR   TTRANS  TESOIL  TDRAIN  TRUNOF    WTOT   WAVT    WTOTL     WAVTL  WTOTLX  PARAB    PAR    NNI   NMINT  NMIN    NUPT     NFIX   NLIV   NLOSS  
  100  71     11.      0.     11.      0.     22.      0.   0.00   0.03   1.00   0.34   0.35     10.   1573.      0.    255.    624.    624.      0.     34.     14.    312.    132.    174.     0.     0.   0.00      0.     30.      0.      0.      2.      0.
  110  71     11.      0.     11.      0.     22.      0.   0.00   0.03   1.00   0.33   0.35     10.   1577.      0.    256.    629.    624.      0.     33.     13.    312.    132.    174.     0.    79.   0.00      0.     30.      0.      0.      2.      0.
  112  71     11.      0.     11.      0.     22.      0.   0.00   0.03   1.00   0.32   0.35     10.   1577.      0.    256.    630.    624.      0.     32.     12.    312.    132.    174.     0.    94.   1.00      0.     30.      0.      0.      2.      0.
  120  71     16.      0.     16.      0.     33.     70.   0.08   0.07   1.00   0.32   0.35     20.   1592.      0.    256.    645.    624.      0.     59.     22.    285.    122.    174.     3.   152.   1.00      6.     24.      0.      0.      2.      0.
  130  71     43.      2.     51.      0.     96.    180.   0.22   0.20   1.00   0.31   0.35     32.   1600.      0.    258.    658.    624.      0.     93.     32.    243.    104.    174.    11.   256.   0.92     13.     16.      1.      3.      5.      0.
  140  71    226.     11.    262.      0.    498.    336.   0.40   0.87   1.00   0.34   0.35     44.   1642.      0.    264.    680.    628.      0.    143.     58.    202.     86.    175.    36.   348.   0.85    130.      9.      3.     14.     19.      0.
  150  71    639.     34.    655.      1.   1328.    468.   0.56   2.50   1.00   0.33   0.35     56.   1660.      0.    278.    689.    628.      0.    180.     72.    160.     68.    175.    90.   428.   0.83    131.      2.      9.     37.     47.      0.
  160  71   1398.    136.   1567.    104.   3205.    630.   0.76   5.49   1.00   0.28   0.35     68.   1660.      0.    313.    691.    628.      0.    186.     53.    118.     50.    175.   187.   532.   0.96    120.      0.     22.     88.    110.      1.
  170  71   1557.    375.   2073.    271.   4276.    760.   0.91   6.19   1.00   0.33   0.35     80.   1720.      0.    337.    692.    628.      0.    262.    106.     76.     32.    175.   248.   593.   0.98    171.      0.     27.    106.    130.      4.
  180  71   1537.    745.   2765.    638.   5685.    903.   1.06   6.15   1.00   0.35   0.35     92.   1758.      0.    365.    692.    628.      0.    315.    134.     34.     14.    175.   319.   664.   0.98    166.      0.     32.    127.    153.      8.
  190  71   1371.   1260.   3775.   2031.   8438.   1071.   1.18   5.52   1.00   0.31   0.07    100.   1760.      0.    403.    693.    628.      0.    310.    110.      0.      0.    175.   429.   776.   0.93    157.      0.     41.    164.    193.     13.
  200  71   1040.   1686.   4384.   3871.  10981.   1234.   1.30   4.18   1.00   0.28   0.07    100.   1760.      0.    437.    694.    628.      0.    277.     77.      0.      0.    175.   525.   873.   0.92    143.      0.     55.    220.    259.     18.
  210  71    626.   2126.   4635.   4941.  12328.   1407.   1.43   2.61   1.00   0.28   0.07    100.   1789.      0.    460.    696.    628.      0.    279.     79.      0.      0.    175.   588.   941.   0.35    143.      0.     55.    220.    254.     23.
  220  71    294.   2460.   4309.   5435.  12862.   1594.   1.57   1.41   1.00   0.27   0.07    100.   1813.      0.    484.    703.    628.      0.    273.     73.      0.      0.    175.   654.  1023.   0.14    143.      0.     55.    220.    248.     29.
  230  71    134.   2621.   3521.   5500.  12927.   1754.   1.69   0.81   1.00   0.26   0.07    100.   1824.      0.    496.    711.    628.      0.    263.     63.      0.      0.    175.   689.  1084.   0.07    143.      0.     55.    220.    240.     37.
  240  71     58.   2697.   2877.   5507.  12934.   1930.   1.82   0.48   1.00   0.27   0.07    100.   1852.      0.    505.    726.    628.      0.    268.     68.      0.      0.    175.   719.  1158.   0.03    143.      0.     55.    220.    234.     43.
  250  71     25.   2730.   2351.   5507.  12934.   2085.   1.93   0.31   1.00   0.26   0.07    100.   1857.      0.    510.    735.    628.      0.    259.     59.      0.      0.    175.   736.  1221.   0.01    143.      0.     55.    220.    229.     48.
  259  71     13.   2741.   2000.   5507.  12934.   2188.   2.01   0.23   1.00   0.25   0.07    100.   1858.      0.    512.    739.    628.      0.    253.     53.      0.      0.    175.   745.  1271.   0.01    143.      0.     55.    220.    226.     51.
  259  71      0.      0.      0.      0.      0.      0.   0.00   0.00   1.00   0.25   0.07    100.   1858.      0.    512.    740.    628.      0.    253.     53.      0.      0.    175.     0.     0.   1.00    143.      0.      0.      0.      0.      0.
  269  71      0.      0.      0.      0.      0.      0.   0.00   0.00   1.00   0.26   0.07    100.   1869.      0.    512.    744.    628.      0.    259.     59.      0.      0.    175.     0.     0.   1.00    143.      0.      0.      0.      0.      0.
  279  71      0.      0.      0.      0.      0.      0.   0.00   0.00   1.00   0.26   0.07    100.   1875.      0.    512.    750.    628.      0.    260.     60.      0.      0.    175.     0.     0.   1.00    143.      0.      0.      0.      0.      0.
  289  71      0.      0.      0.      0.      0.      0.   0.00   0.00   1.00   0.26   0.07    100.   1878.      0.    512.    753.    628.      0.    260.     60.      0.      0.    175.     0.     0.   1.00    143.      0.      0.      0.      0.      0.
  299  71      0.      0.      0.      0.      0.      0.   0.00   0.00   1.00   0.27   0.07    100.   1898.      0.    512.    758.    628.      0.    274.     74.      0.      0.    175.     0.     0.   1.00    143.      0.      0.      0.      0.      0.
  309  71      0.      0.      0.      0.      0.      0.   0.00   0.00   1.00   0.27   0.07    100.   1898.      0.    512.    760.    628.      0.    273.     73.      0.      0.    175.     0.     0.   1.00    143.      0.      0.      0.      0.      0.
  319  71      0.      0.      0.      0.      0.      0.   0.00   0.00   1.00   0.28   0.07    100.   1909.      0.    512.    762.    628.      0.    282.     82.      0.      0.    175.     0.     0.   1.00    143.      0.      0.      0.      0.      0.
  329  71      0.      0.      0.      0.      0.      0.   0.00   0.00   1.00   0.31   0.07    100.   1945.      0.    512.    765.    628.      0.    314.    114.      0.      0.    175.     0.     0.   1.00    143.      0.      0.      0.      0.      0.
  339  71      0.      0.      0.      0.      0.      0.   0.00   0.00   1.00   0.33   0.07    100.   1957.      0.    512.    766.    628.      0.    326.    126.      0.      0.    175.     0.     0.   1.00    143.      0.      0.      0.      0.      0.
  349  71      0.      0.      0.      0.      0.      0.   0.00   0.00   1.00   0.33   0.07    100.   1963.      0.    512.    767.    628.      0.    331.    131.      0.      0.    175.     0.     0.   1.00    143.      0.      0.      0.      0.      0.
  359  71      0.      0.      0.      0.      0.      0.   0.00   0.00   1.00   0.35   0.07    100.   1984.      0.    512.    767.    630.      0.    350.    150.      0.      0.    175.     0.     0.   1.00    143.      0.      0.      0.      0.      0.
    4  72      0.      0.      0.      0.      0.      0.   0.00   0.00   1.00   0.35   0.07    100.   1986.      0.    512.    768.    631.      0.    350.    150.      0.      0.    175.     0.     0.   1.00    143.      0.      0.      0.      0.      0.
   14  72      0.      0.      0.      0.      0.      0.   0.00   0.00   1.00   0.35   0.07    100.   1991.      0.    512.    768.    635.      0.    350.    150.      0.      0.    175.     0.     0.   1.00    143.      0.      0.      0.      0.      0.
   24  72      0.      0.      0.      0.      0.      0.   0.00   0.00   1.00   0.35   0.07    100.   2005.      0.    512.    769.    648.      0.    350.    150.      0.      0.    175.     0.     0.   1.00    143.      0.      0.      0.      0.      0.
   34  72      0.      0.      0.      0.      0.      0.   0.00   0.00   1.00   0.35   0.07    100.   2019.      0.    512.    771.    660.      0.    350.    150.      0.      0.    175.     0.     0.   1.00    143.      0.      0.      0.      0.      0.
   44  72      0.      0.      0.      0.      0.      0.   0.00   0.00   1.00   0.35   0.07    100.   2040.      0.    512.    775.    678.      0.    350.    150.      0.      0.    175.     0.     0.   1.00    143.      0.      0.      0.      0.      0.
   54  72      0.      0.      0.      0.      0.      0.   0.00   0.00   1.00   0.35   0.07    100.   2045.      0.    512.    777.    681.      0.    350.    150.      0.      0.    175.     0.     0.   1.00    143.      0.      0.      0.      0.      0.
   64  72      0.      0.      0.      0.      0.      0.   0.00   0.00   1.00   0.35   0.07    100.   2050.      0.    512.    780.    683.      0.    350.    150.      0.      0.    175.     0.     0.   1.00    143.      0.      0.      0.      0.      0.
   74  72      0.      0.      0.      0.      0.      0.   0.00   0.00   1.00   0.35   0.07    100.   2061.      0.    512.    786.    690.      0.    348.    148.      0.      0.    175.     0.     0.   1.00    143.      0.      0.      0.      0.      0.
   84  72      0.      0.      0.      0.      0.      0.   0.00   0.00   1.00   0.34   0.07    100.   2062.      0.    512.    792.    690.      0.    342.    142.      0.      0.    175.     0.     0.   1.00    143.      0.      0.      0.      0.      0.
   94  72      0.      0.      0.      0.      0.      0.   0.00   0.00   1.00   0.35   0.07    100.   2101.      0.    512.    802.    712.      0.    350.    150.      0.      0.    175.     0.     0.   1.00    143.      0.      0.      0.      0.      0.


Station=  WAGE , Soil=  1, Manage=  2, Rotat=  7 YrRot=  1 , NYear=  4 , NRot=  3 , Crop=  2, Irr.=  0, IOPT=  3,     Runof=0.00, CO2=370. , StYear=1969, StDay=  1

 Planting on day 100, 1972
 Crop emergence on day   0, 1972
 Wageningen, rotation 7, soil1, current                                          

 DAY  YEAR  WLVG    WLVD    WST    WSO     TAGB    TSUML    DVS    LAI  TRANRF  SMACT  SMACTL   RD    TRAIN   TIRR   TTRANS  TESOIL  TDRAIN  TRUNOF    WTOT   WAVT    WTOTL     WAVTL  WTOTLX  PARAB    PAR    NNI   NMINT  NMIN    NUPT     NFIX   NLIV   NLOSS  
  100  72      0.      0.      0.      0.      0.      0.   0.00   0.00   1.00   0.35   0.35     10.   2137.      0.    512.    812.    738.      0.     35.     15.    385.    165.    105.     0.     0.   0.00      0.     30.      0.      0.      0.      0.
  110  72      0.      0.      0.      0.      0.      0.   0.00   0.00   1.00   0.32   0.35     10.   2168.      0.    513.    825.    758.      0.     32.     12.    385.    165.    105.     0.    61.   0.00      0.     30.      0.      0.      0.      0.
  112  72      0.      0.      0.      0.      0.      0.   0.00   0.00   1.00   0.33   0.35     10.   2175.      0.    513.    828.    760.      0.     33.     13.    385.    165.    105.     0.    73.   0.00      0.     30.      0.      0.      0.      0.
  120  72      0.      0.      0.      0.      0.      0.   0.00   0.00   0.79   0.25   0.35     10.   2177.      0.    513.    838.    760.      0.     25.      5.    385.    165.    105.     0.   137.   0.00      0.     30.      0.      0.      0.      0.
  123  72      0.      0.      0.      0.      0.      0.   0.00   0.00   1.00   0.28   0.35     10.   2185.      0.    513.    844.    760.      0.     28.      8.    385.    165.    105.     0.   154.   1.00      0.     30.      0.      0.      0.      0.
  130  72      1.      0.      0.      0.      1.     73.   0.11   0.00   1.00   0.28   0.35     18.   2188.      0.    513.    852.    760.      0.     48.     14.    360.    154.    105.     0.   213.   0.74      5.     25.      0.      0.      0.      0.
  140  72      2.      0.      1.      0.      3.    136.   0.21   0.00   1.00   0.35   0.35     30.   2246.      0.    513.    870.    788.      0.    102.     44.    318.    136.    105.     0.   264.   0.84    125.     17.      0.      0.      0.      0.
  150  72      6.      0.      4.      0.     10.    237.   0.36   0.01   1.00   0.35   0.35     42.   2275.      0.    513.    895.    792.      0.    144.     62.    276.    118.    105.     1.   354.   0.86    132.     10.      0.      0.      0.      0.
  160  72     15.      1.     10.      0.     25.    340.   0.52   0.03   1.00   0.35   0.35     54.   2298.      0.    513.    917.    795.      0.    184.     77.    234.    100.    105.     1.   425.   0.73    139.      2.      1.      0.      1.      0.
  170  72     44.      4.     39.      0.     87.    434.   0.67   0.08   1.00   0.33   0.35     66.   2314.      0.    514.    942.    796.      0.    215.     85.    192.     82.    105.     4.   521.   0.68    195.      0.      3.      0.      3.      0.
  180  72    100.     10.    104.      0.    214.    551.   0.85   0.18   1.00   0.34   0.35     78.   2355.      0.    515.    964.    807.      0.    264.    110.    150.     64.    105.    10.   595.   0.80    190.      0.      8.      0.      7.      0.
  190  72    194.     20.    235.      2.    451.    676.   1.03   0.36   1.00   0.34   0.35     90.   2385.      0.    518.    982.    818.      0.    303.    125.    108.     46.    105.    20.   660.   0.77    183.      0.     15.      0.     14.      0.
  200  72    398.     50.    599.    169.   1215.    805.   1.12   0.72   1.00   0.33   0.35    102.   2396.      0.    526.    997.    819.      0.    334.    132.     66.     28.    105.    50.   760.   0.85    163.      0.     35.      0.     34.      1.
  210  72    570.     80.    887.    611.   2147.    963.   1.23   1.04   1.00   0.35   0.35    114.   2461.      0.    536.   1008.    842.      0.    396.    170.     24.     10.    105.    83.   833.   0.97    143.      0.     55.      0.     53.      2.
  220  72    587.    154.   1041.   1482.   3265.   1095.   1.33   1.08   1.00   0.34   0.00    120.   2470.      0.    547.   1018.    845.      0.    405.    165.      0.      0.    105.   120.   902.   0.95    132.      0.     66.      0.     63.      4.
  230  72    456.    339.   1158.   2448.   4402.   1237.   1.43   0.85   1.00   0.34   0.00    120.   2497.      0.    557.   1031.    846.      0.    407.    167.      0.      0.    105.   158.   980.   0.94    120.      0.     78.      0.     69.      8.
  240  72    369.    465.   1240.   3124.   5197.   1344.   1.51   0.69   1.00   0.34   0.00    120.   2518.      0.    564.   1042.    846.      0.    411.    171.      0.      0.    105.   186.  1046.   0.96    110.      0.     88.      0.     77.     11.
  250  72    272.    593.   1089.   3781.   5969.   1452.   1.58   0.51   1.00   0.33   0.00    120.   2518.      0.    570.   1047.    846.      0.    400.    160.      0.      0.    105.   215.  1131.   0.52    110.      0.     88.      0.     69.     19.
  260  72    154.    716.    910.   3946.   6163.   1553.   1.66   0.31   1.00   0.35   0.00    120.   2553.      0.    573.   1057.    850.      0.    418.    178.      0.      0.    105.   227.  1180.   0.23    110.      0.     88.      0.     62.     26.
  270  72     82.    790.    749.   3989.   6212.   1623.   1.71   0.20   1.00   0.35   0.00    120.   2562.      0.    575.   1063.    853.      0.    416.    176.      0.      0.    105.   237.  1241.   0.10    110.      0.     88.      0.     57.     31.
  280  72     41.    830.    612.   3992.   6216.   1690.   1.75   0.13   1.00   0.34   0.00    120.   2563.      0.    576.   1067.    853.      0.    413.    173.      0.      0.    105.   242.  1291.   0.04    110.      0.     88.      0.     53.     35.
  290  72     22.    850.    510.   3992.   6216.   1745.   1.79   0.09   1.00   0.34   0.00    120.   2563.      0.    576.   1068.    853.      0.    411.    171.      0.      0.    105.   245.  1328.   0.02    110.      0.     88.      0.     51.     38.
  299  72      0.      0.      0.      0.      0.      0.   0.00   0.00   1.00   0.35   0.00    120.   2579.      0.    576.   1071.    858.      0.    419.    179.      0.      0.    105.     0.     0.   1.00    110.      0.      0.      0.      0.      0.
  309  72      0.      0.      0.      0.      0.      0.   0.00   0.00   1.00   0.35   0.00    120.   2587.      0.    576.   1073.    863.      0.    419.    179.      0.      0.    105.     0.     0.   1.00    110.      0.      0.      0.      0.      0.
  319  72      0.      0.      0.      0.      0.      0.   0.00   0.00   1.00   0.35   0.00    120.   2632.      0.    576.   1078.    904.      0.    420.    180.      0.      0.    105.     0.     0.   1.00    110.      0.      0.      0.      0.      0.
  329  72      0.      0.      0.      0.      0.      0.   0.00   0.00   1.00   0.35   0.00    120.   2662.      0.    576.   1080.    931.      0.    420.    180.      0.      0.    105.     0.     0.   1.00    110.      0.      0.      0.      0.      0.
  339  72      0.      0.      0.      0.      0.      0.   0.00   0.00   1.00   0.35   0.00    120.   2665.      0.    576.   1081.    933.      0.    420.    180.      0.      0.    105.     0.     0.   1.00    110.      0.      0.      0.      0.      0.
  349  72      0.      0.      0.      0.      0.      0.   0.00   0.00   1.00   0.35   0.00    120.   2684.      0.    576.   1083.    950.      0.    420.    180.      0.      0.    105.     0.     0.   1.00    110.      0.      0.      0.      0.      0.
  359  72      0.      0.      0.      0.      0.      0.   0.00   0.00   1.00   0.35   0.00    120.   2684.      0.    576.   1083.    950.      0.    420.    180.      0.      0.    105.     0.     0.   1.00    110.      0.      0.      0.      0.      0.
    1  73      0.      0.      0.      0.      0.      0.   0.00   0.00   1.00   0.35   0.00    120.   2684.      0.    576.   1084.    950.      0.    419.    179.      0.      0.    105.     0.     0.   1.00    110.      0.      0.      0.      0.      0.


DATA-FILE  WARO1PTS.OUT


Name of run: WARO4


Station=  WAGE , Soil=  2, Manage=  1, Rotat=  5 YrRot=  1 , NYear=  4 , NRot=  3 , Crop=  2, Irr.=  1, IOPT=  1,     Runof=0.10, CO2=550. , StYear=1969, StDay=  1

 DAY  YEAR  WLVG    WLVD    WST    WSO     TAGB    TSUML    DVS    LAI  TRANRF  SMACT  SMACTL   RD    TRAIN   TIRR   TTRANS  TESOIL  TDRAIN  TRUNOF    WTOT   WAVT    WTOTL      WAVTL WTOTLX  PARAB    PAR    NNI   NMINT  NMIN    NUPT       NFIX   NLIV   NLOSS  
    1  69      0.      0.      0.      0.      0.      0.   0.00   0.00   1.00   0.37   0.37     10.   2684.      0.    576.   1084.    950.      0.    419.    179.      0.      0.    105.     0.     0.   1.00    110.      0.      0.      0.      0.      0.
    3  69      0.      0.      0.      0.      0.      0.   0.00   0.00   1.00   0.40   0.37     10.      3.      0.      0.      0.      0.      0.     40.     20.    407.    187.    111.     0.     0.   1.00    110.      0.      0.      0.      0.      0.
   13  69      0.      0.      0.      0.      0.      0.   0.00   0.00   1.00   0.40   0.37     10.      5.      0.      0.      1.      0.      0.     40.     20.    407.    187.    111.     0.     0.   1.00    110.      0.      0.      0.      0.      0.
   23  69      0.      0.      0.      0.      0.      0.   0.00   0.00   1.00   0.42   0.39     10.     28.      0.      0.      3.      0.      3.     42.     22.    424.    204.    111.     0.     0.   1.00    110.      0.      0.      0.      0.      0.
   33  69      0.      0.      0.      0.      0.      0.   0.00   0.00   1.00   0.42   0.39     10.     37.      0.      0.      6.      0.      4.     42.     22.    430.    210.    111.     0.     0.   1.00    110.      0.      0.      0.      0.      0.
   43  69      0.      0.      0.      0.      0.      0.   0.00   0.00   1.00   0.42   0.40     10.     58.      0.      0.      9.      0.      6.     42.     22.    445.    225.    111.     0.     0.   1.00    110.      0.      0.      0.      0.      0.
   53  69      0.      0.      0.      0.      0.      0.   0.00   0.00   1.00   0.42   0.42     10.     79.      0.      0.     10.      0.      8.     42.     22.    462.    242.    111.     0.     0.   1.00    110.      0.      0.      0.      0.      0.
   63  69      0.      0.      0.      0.      0.      0.   0.00   0.00   1.00   0.40   0.42     10.     80.      0.      0.     13.      0.      8.     40.     20.    462.    242.    111.     0.     0.   1.00    110.      0.      0.      0.      0.      0.
   73  69      0.      0.      0.      0.      0.      0.   0.00   0.00   1.00   0.42   0.42     10.    108.      0.      0.     17.      6.     11.     42.     22.    462.    242.    126.     0.     0.   1.00    110.      0.      0.      0.      0.      0.
   83  69      0.      0.      0.      0.      0.      0.   0.00   0.00   1.00   0.39   0.42     10.    120.      0.      0.     24.     12.     12.     39.     19.    462.    242.    126.     0.     0.   1.00    110.      0.      0.      0.      0.      0.
   93  69      0.      0.      0.      0.      0.      0.   0.00   0.00   1.00   0.40   0.42     10.    138.      0.      0.     30.     21.     14.     40.     20.    462.    242.    126.     0.     0.   1.00    110.      0.      0.      0.      0.      0.


Station=  WAGE , Soil=  2, Manage=  1, Rotat=  5 YrRot=  1 , NYear=  4 , NRot=  3 , Crop=  2, Irr.=  1, IOPT=  1,     Runof=0.10, CO2=550. , StYear=1969, StDay=  1

 Planting on day 100, 1969
 Crop emergence on day   0, 1969
 Wageningen, rotation 5, soil2, future                                           

 DAY  YEAR  WLVG    WLVD    WST    WSO     TAGB    TSUML    DVS    LAI  TRANRF  SMACT  SMACTL   RD    TRAIN   TIRR   TTRANS  TESOIL  TDRAIN  TRUNOF    WTOT   WAVT    WTOTL     WAVTL  WTOTLX  PARAB    PAR    NNI   NMINT  NMIN    NUPT     NFIX   NLIV   NLOSS  
  100  69      0.      0.      0.      0.      0.      0.   0.00   0.00   1.00   0.31   0.42     10.    138.      0.      0.     39.     21.     14.     31.     11.    462.    242.    126.     0.     0.   1.00      0.     30.      0.      0.      0.      0.
  110  69      0.      0.      0.      0.      0.      0.   0.00   0.00   1.00   0.39   0.42     10.    184.      8.      0.     59.     43.     18.     39.     19.    462.    242.    126.     0.    60.   1.00      0.     30.      0.      0.      0.      0.
  116  69      0.      0.      0.      0.      0.      0.   0.00   0.00   1.00   0.39   0.42     10.    204.      8.      0.     69.     51.     20.     39.     19.    462.    242.    126.     0.    98.   1.00      0.     30.      0.      0.      0.      0.
  120  69      1.      0.      0.      0.      1.     36.   0.05   0.00   1.00   0.38   0.42     15.    212.      8.      0.     76.     54.     21.     51.     24.    447.    234.    126.     0.   131.   1.00      3.     27.      0.      0.      0.      0.
  130  69      3.      0.      1.      0.      4.    148.   0.23   0.01   1.00   0.37   0.42     27.    218.      8.      0.     90.     54.     22.     94.     42.    396.    208.    126.     0.   203.   1.00     10.     20.      0.      0.      0.      0.
  140  69     15.      0.      5.      0.     20.    273.   0.42   0.03   1.00   0.40   0.42     39.    257.      8.      0.    118.     54.     26.    151.     75.    346.    181.    126.     1.   271.   1.00    101.     12.      1.      0.      1.      0.
  150  69     85.      0.     40.      0.    125.    391.   0.60   0.17   1.00   0.39   0.42     51.    275.      8.      1.    141.     54.     28.    193.     94.    296.    155.    126.     5.   357.   1.00    105.      4.      5.      0.      5.      0.
  160  69    344.      0.    210.      0.    554.    500.   0.77   0.69   1.00   0.40   0.42     63.    316.      8.      6.    163.     62.     32.    245.    122.    245.    128.    126.    22.   434.   1.00     95.      0.     19.      0.     19.      0.
  170  69   1424.      0.   1132.      1.   2557.    668.   1.01   2.85   1.00   0.38   0.42     75.    331.     18.     30.    178.     62.     33.    279.    132.    195.    102.    126.    94.   552.   1.00     18.      0.     96.      0.     96.      0.
  180  69   2306.     19.   2053.    342.   4722.    809.   1.11   4.61   1.00   0.37   0.42     87.    346.     18.     56.    183.     62.     35.    313.    141.    144.     76.    126.   164.   628.   1.00    -18.      0.    160.      0.    160.      0.
  190  69   2806.    263.   2873.   1653.   7596.    961.   1.22   5.61   1.00   0.37   0.42     99.    365.     28.     87.    185.     62.     37.    357.    162.     94.     49.    126.   247.   713.   1.00    -78.      0.    220.      0.    214.      6.
  200  69   2612.    729.   3269.   3762.  10373.   1108.   1.33   5.22   1.00   0.37   0.42    111.    376.     48.    117.    186.     62.     38.    405.    186.     44.     23.    126.   325.   794.   1.00   -108.      0.    250.      0.    233.     17.
  210  69   1863.   1630.   3574.   6354.  13422.   1286.   1.46   3.73   1.00   0.36   0.00    120.    389.     58.    155.    189.     62.     39.    431.    191.      0.      0.    126.   415.   887.   1.00   -130.      0.    272.      0.    233.     39.
  220  69   1348.   2286.   3427.   8740.  16229.   1463.   1.58   2.70   1.00   0.35   0.00    120.    406.     78.    192.    195.     62.     41.    423.    183.      0.      0.    126.   501.   985.   1.00   -139.      0.    281.      0.    217.     64.
  230  69    994.   2747.   2976.  10578.  18371.   1637.   1.71   1.99   1.00   0.37   0.00    120.    436.    118.    228.    208.     62.     44.    441.    201.      0.      0.    126.   568.  1067.   1.00   -139.      0.    281.      0.    192.     89.
  240  69    769.   3035.   2516.  11680.  19629.   1776.   1.81   1.54   1.00   0.40   0.00    120.    512.    118.    243.    218.     62.     51.    484.    244.      0.      0.    126.   607.  1122.   1.00   -139.      0.    281.      0.    173.    108.
  250  69    612.   3256.   2126.  12819.  20909.   1910.   1.90   1.22   1.00   0.39   0.00    120.    518.    118.    254.    224.     62.     52.    473.    233.      0.      0.    126.   647.  1187.   1.00   -139.      0.    281.      0.    158.    123.
  260  69    482.   3437.   1820.  13741.  21934.   2058.   2.01   0.96   1.00   0.38   0.00    120.    519.    118.    264.    228.     62.     52.    459.    219.      0.      0.    126.   678.  1246.   1.00   -139.      0.    281.      0.    146.    135.
  269  69      0.      0.      0.      0.      0.      0.   0.00   0.00   1.00   0.38   0.00    120.    525.    118.    264.    234.     62.     52.    459.    219.      0.      0.    126.     0.     0.   1.00   -139.      0.      0.      0.      0.      0.
  279  69      0.      0.      0.      0.      0.      0.   0.00   0.00   1.00   0.38   0.00    120.    532.    118.    264.    239.     62.     53.    460.    220.      0.      0.    126.     0.     0.   1.00   -139.      0.      0.      0.      0.      0.
  289  69      0.      0.      0.      0.      0.      0.   0.00   0.00   1.00   0.38   0.00    120.    533.    118.    264.    241.     62.     53.    459.    219.      0.      0.    126.     0.     0.   1.00   -139.      0.      0.      0.      0.      0.
  299  69      0.      0.      0.      0.      0.      0.   0.00   0.00   1.00   0.39   0.00    120.    546.    118.    264.    246.     62.     55.    466.    226.      0.      0.    126.     0.     0.   1.00   -139.      0.      0.      0.      0.      0.
  309  69      0.      0.      0.      0.      0.      0.   0.00   0.00   1.00   0.39   0.00    120.    555.    118.    264.    249.     62.     55.    470.    230.      0.      0.    126.     0.     0.   1.00   -139.      0.      0.      0.      0.      0.
  319  69      0.      0.      0.      0.      0.      0.   0.00   0.00   1.00   0.42   0.00    120.    593.    118.    264.    253.     62.     59.    500.    260.      0.      0.    126.     0.     0.   1.00   -139.      0.      0.      0.      0.      0.
  329  69      0.      0.      0.      0.      0.      0.   0.00   0.00   1.00   0.42   0.00    120.    600.    118.    264.    256.     62.     60.    504.    264.      0.      0.    126.     0.     0.   1.00   -139.      0.      0.      0.      0.      0.
  339  69      0.      0.      0.      0.      0.      0.   0.00   0.00   1.00   0.42   0.00    120.    612.    118.    264.    256.     73.     61.    504.    264.      0.      0.    126.     0.     0.   1.00   -139.      0.      0.      0.      0.      0.
  349  69      0.      0.      0.      0.      0.      0.   0.00   0.00   1.00   0.42   0.00    120.    623.    118.    264.    257.     82.     62.    504.    264.      0.      0.    126.     0.     0.   1.00   -139.      0.      0.      0.      0.      0.
  359  69      0.      0.      0.      0.      0.      0.   0.00   0.00   1.00   0.42   0.00    120.    644.    118.    264.    258.    101.     64.    504.    264.      0.      0.    126.     0.     0.   1.00   -139.      0.      0.      0.      0.      0.
    4  70      0.      0.      0.      0.      0.      0.   0.00   0.00   1.00   0.42   0.00    120.    649.    118.    264.    258.    105.     65.    504.    264.      0.      0.    126.     0.     0.   1.00   -139.      0.      0.      0.      0.      0.
   14  70      0.      0.      0.      0.      0.      0.   0.00   0.00   1.00   0.42   0.00    120.    659.    118.    264.    259.    112.     66.    504.    264.      0.      0.    126.     0.     0.   1.00   -139.      0.      0.      0.      0.      0.
   24  70      0.      0.      0.      0.      0.      0.   0.00   0.00   1.00   0.42   0.00    120.    669.    118.    264.    259.    122.     67.    504.    264.      0.      0.    126.     0.     0.   1.00   -139.      0.      0.      0.      0.      0.
   34  70      0.      0.      0.      0.      0.      0.   0.00   0.00   1.00   0.42   0.00    120.    701.    118.    264.    260.    149.     70.    504.    264.      0.      0.    126.     0.     0.   1.00   -139.      0.      0.      0.      0.      0.
   44  70      0.      0.      0.      0.      0.      0.   0.00   0.00   1.00   0.42   0.00    120.    728.    118.    264.    263.    171.     73.    504.    264.      0.      0.    126.     0.     0.   1.00   -139.      0.      0.      0.      0.      0.
   54  70      0.      0.      0.      0.      0.      0.   0.00   0.00   1.00   0.42   0.00    120.    778.    118.    264.    264.    215.     78.    504.    264.      0.      0.    126.     0.     0.   1.00   -139.      0.      0.      0.      0.      0.
   64  70      0.      0.      0.      0.      0.      0.   0.00   0.00   1.00   0.42   0.00    120.    796.    118.    264.    268.    228.     80.    504.    264.      0.      0.    126.     0.     0.   1.00   -139.      0.      0.      0.      0.      0.
   74  70      0.      0.      0.      0.      0.      0.   0.00   0.00   1.00   0.42   0.00    120.    800.    118.    264.    270.    230.     80.    503.    263.      0.      0.    126.     0.     0.   1.00   -139.      0.      0.      0.      0.      0.
   84  70      0.      0.      0.      0.      0.      0.   0.00   0.00   1.00   0.42   0.00    120.    823.    118.    264.    274.    246.     82.    504.    264.      0.      0.    126.     0.     0.   1.00   -139.      0.      0.      0.      0.      0.
   94  70      0.      0.      0.      0.      0.      0.   0.00   0.00   1.00   0.42   0.00    120.    855.    118.    264.    282.    267.     85.    503.    263.      0.      0.    126.     0.     0.   1.00   -139.      0.      0.      0.      0.      0.
  104  70      0.      0.      0.      0.      0.      0.   0.00   0.00   1.00   0.42   0.00    120.    894.    118.    264.    290.    294.     89.    503.    263.      0.      0.    126.     0.     0.   1.00   -139.      0.      0.      0.      0.      0.
  114  70      0.      0.      0.      0.      0.      0.   0.00   0.00   1.00   0.42   0.00    120.    906.    118.    264.    297.    297.     91.    504.    264.      0.      0.    126.     0.     0.   1.00   -139.      0.      0.      0.      0.      0.
  116  70      0.      0.      0.      0.      0.      0.   0.00   0.00   1.00   0.42   0.00    120.    916.    118.    264.    300.    303.     92.    504.    264.      0.      0.    126.     0.     0.   1.00   -139.      0.      0.      0.      0.      0.


Station=  WAGE , Soil=  2, Manage=  1, Rotat=  5 YrRot=  2 , NYear=  4 , NRot=  3 , Crop=  3, Irr.=  1, IOPT=  1,     Runof=0.10, CO2=550. , StYear=1969, StDay=  1

 Planting on day 120, 1970
 Crop emergence on day   0, 1970
 Wageningen, rotation 5, soil2, future                                           

 DAY  YEAR  WLVG    WLVD    WST    WSO     TAGB    TSUML    DVS    LAI  TRANRF  SMACT  SMACTL   RD    TRAIN   TIRR   TTRANS  TESOIL  TDRAIN  TRUNOF    WTOT   WAVT    WTOTL     WAVTL  WTOTLX  PARAB    PAR    NNI   NMINT  NMIN    NUPT     NFIX   NLIV   NLOSS  
  120  70     19.      0.     11.      0.     30.      0.   0.00   0.05   1.00   0.42   0.42     10.    930.    118.    264.    305.    311.     93.     42.     22.    378.    198.    210.     0.     0.   1.00      0.     30.      0.      0.      2.      0.
  130  70     19.      0.     11.      0.     30.      0.   0.00   0.05   1.00   0.33   0.42     10.    936.    118.    266.    318.    311.     94.     33.     13.    378.    198.    210.     0.    84.   1.00      0.     30.      0.      0.      2.      0.
  131  70     19.      0.     11.      0.     30.      0.   0.00   0.05   1.00   0.32   0.42     10.    936.    118.    266.    319.    311.     94.     32.     12.    378.    198.    210.     0.    91.   1.00      0.     30.      0.      0.      2.      0.
  140  70     81.      0.     50.      0.    131.     89.   0.13   0.23   1.00   0.34   0.42     21.    943.    118.    267.    329.    311.     94.     67.     28.    338.    177.    210.     5.   163.   1.00     85.     23.      5.      0.      7.      0.
  150  70    289.      0.    177.      0.    465.    166.   0.24   0.65   1.00   0.35   0.42     33.    951.    118.    271.    340.    311.     95.    110.     47.    287.    150.    210.    20.   243.   1.00     78.     16.     20.      0.     22.      0.
  160  70   1142.      0.    730.      0.   1872.    283.   0.41   2.38   1.00   0.32   0.42     45.    952.    118.    288.    346.    311.     95.    138.     51.    237.    124.    210.    76.   355.   1.00     41.      8.     65.      0.     67.      0.
  170  70   2679.     32.   2455.      0.   5166.    415.   0.60   5.00   1.00   0.30   0.42     57.    961.    128.    323.    353.    311.     96.    165.     53.    186.     98.    210.   179.   473.   1.00    -36.      1.    150.      0.    152.      0.
  180  70   3419.    408.   4883.      0.   8711.    560.   0.81   5.88   1.00   0.31   0.42     69.    969.    158.    359.    356.    311.     97.    213.     77.    136.     71.    210.   270.   567.   1.00    -51.      0.    193.      0.    193.      2.
  190  70   3410.    839.   7066.      9.  11323.    683.   0.98   5.65   1.00   0.35   0.42     81.   1019.    158.    387.    358.    311.    102.    278.    119.     86.     45.    210.   333.   632.   1.00    -58.      0.    200.      0.    198.      4.
  200  70   2817.   1812.   8881.   1059.  14569.    799.   1.12   4.52   1.00   0.38   0.42     93.   1072.    158.    415.    361.    311.    107.    346.    163.     35.     18.    210.   406.   708.   1.00    -74.      0.    216.      0.    209.     10.
  210  70   2054.   2635.   9121.   3142.  16952.    914.   1.26   3.28   1.00   0.38   0.09    100.   1101.    158.    438.    365.    311.    110.    381.    181.      0.      0.    210.   459.   767.   1.00    -82.      0.    224.      0.    212.     14.
  220  70   1390.   3299.   9121.   6466.  20276.   1067.   1.43   2.22   1.00   0.36   0.09    100.   1108.    158.    462.    369.    311.    111.    359.    159.      0.      0.    210.   532.   857.   1.00    -85.      0.    227.      0.    212.     17.
  230  70    985.   3704.   8244.   8372.  22182.   1185.   1.57   1.57   1.00   0.36   0.09    100.   1131.    158.    476.    377.    311.    113.    357.    157.      0.      0.    210.   578.   925.   1.00    -85.      0.    227.      0.    206.     23.
  240  70    697.   3992.   6736.   9815.  23625.   1305.   1.71   1.11   1.00   0.34   0.09    100.   1140.    158.    488.    386.    311.    114.    344.    144.      0.      0.    210.   617.   996.   1.00    -85.      0.    227.      0.    200.     29.
  250  70    498.   4191.   5504.  10786.  24596.   1418.   1.84   0.79   1.00   0.33   0.09    100.   1143.    158.    498.    393.    311.    114.    330.    130.      0.      0.    210.   648.  1066.   1.00    -85.      0.    227.      0.    194.     35.
  260  70    358.   4331.   4497.  11084.  24894.   1526.   1.97   0.57   1.00   0.38   0.09    100.   1217.    158.    503.    407.    311.    122.    377.    177.      0.      0.    210.   662.  1107.   1.00    -85.      0.    227.      0.    190.     39.
  264  70    325.   4364.   4233.  11158.  24968.   1558.   2.00   0.52   1.00   0.37   0.09    100.   1217.    158.    505.    410.    311.    122.    373.    173.      0.      0.    210.   667.  1125.   1.00    -85.      0.    227.      0.    189.     40.
  269  70      0.      0.      0.      0.      0.      0.   0.00   0.00   1.00   0.37   0.09    100.   1217.    158.    505.    412.    311.    122.    371.    171.      0.      0.    210.     0.     0.   1.00    -85.      0.      0.      0.      0.      0.
  279  70      0.      0.      0.      0.      0.      0.   0.00   0.00   1.00   0.39   0.09    100.   1251.    158.    505.    421.    311.    125.    393.    193.      0.      0.    210.     0.     0.   1.00    -85.      0.      0.      0.      0.      0.
  289  70      0.      0.      0.      0.      0.      0.   0.00   0.00   1.00   0.39   0.09    100.   1254.    158.    505.    424.    311.    125.    392.    192.      0.      0.    210.     0.     0.   1.00    -85.      0.      0.      0.      0.      0.
  299  70      0.      0.      0.      0.      0.      0.   0.00   0.00   1.00   0.42   0.09    100.   1286.    158.    505.    428.    311.    129.    417.    217.      0.      0.    210.     0.     0.   1.00    -85.      0.      0.      0.      0.      0.
  309  70      0.      0.      0.      0.      0.      0.   0.00   0.00   1.00   0.42   0.09    100.   1349.    158.    505.    434.    358.    135.    420.    220.      0.      0.    210.     0.     0.   1.00    -85.      0.      0.      0.      0.      0.
  319  70      0.      0.      0.      0.      0.      0.   0.00   0.00   1.00   0.42   0.09    100.   1362.    158.    505.    438.    366.    136.    420.    220.      0.      0.    210.     0.     0.   1.00    -85.      0.      0.      0.      0.      0.
  329  70      0.      0.      0.      0.      0.      0.   0.00   0.00   1.00   0.42   0.09    100.   1385.    158.    505.    442.    382.    138.    420.    220.      0.      0.    210.     0.     0.   1.00    -85.      0.      0.      0.      0.      0.
  339  70      0.      0.      0.      0.      0.      0.   0.00   0.00   1.00   0.42   0.09    100.   1423.    158.    505.    444.    415.    142.    420.    220.      0.      0.    210.     0.     0.   1.00    -85.      0.      0.      0.      0.      0.
  349  70      0.      0.      0.      0.      0.      0.   0.00   0.00   1.00   0.42   0.09    100.   1432.    158.    505.    445.    422.    143.    420.    220.      0.      0.    210.     0.     0.   1.00    -85.      0.      0.      0.      0.      0.
  359  70      0.      0.      0.      0.      0.      0.   0.00   0.00   1.00   0.42   0.09    100.   1437.    158.    505.    445.    426.    144.    420.    220.      0.      0.    210.     0.     0.   1.00    -85.      0.      0.      0.      0.      0.
    4  71      0.      0.      0.      0.      0.      0.   0.00   0.00   1.00   0.42   0.09    100.   1443.    158.    505.    445.    432.    144.    420.    220.      0.      0.    210.     0.     0.   1.00    -85.      0.      0.      0.      0.      0.
   14  71      0.      0.      0.      0.      0.      0.   0.00   0.00   1.00   0.42   0.09    100.   1445.    158.    505.    445.    433.    144.    420.    220.      0.      0.    210.     0.     0.   1.00    -85.      0.      0.      0.      0.      0.
   24  71      0.      0.      0.      0.      0.      0.   0.00   0.00   1.00   0.42   0.09    100.   1470.    158.    505.    447.    455.    147.    420.    220.      0.      0.    210.     0.     0.   1.00    -85.      0.      0.      0.      0.      0.
   34  71      0.      0.      0.      0.      0.      0.   0.00   0.00   1.00   0.42   0.09    100.   1503.    158.    505.    450.    481.    150.    420.    220.      0.      0.    210.     0.     0.   1.00    -85.      0.      0.      0.      0.      0.
   44  71      0.      0.      0.      0.      0.      0.   0.00   0.00   1.00   0.42   0.09    100.   1510.    158.    505.    452.    486.    151.    420.    220.      0.      0.    210.     0.     0.   1.00    -85.      0.      0.      0.      0.      0.
   54  71      0.      0.      0.      0.      0.      0.   0.00   0.00   1.00   0.42   0.09    100.   1534.    158.    505.    455.    504.    153.    420.    220.      0.      0.    210.     0.     0.   1.00    -85.      0.      0.      0.      0.      0.
   64  71      0.      0.      0.      0.      0.      0.   0.00   0.00   1.00   0.42   0.09    100.   1538.    158.    505.    457.    506.    154.    420.    220.      0.      0.    210.     0.     0.   1.00    -85.      0.      0.      0.      0.      0.
   74  71      0.      0.      0.      0.      0.      0.   0.00   0.00   1.00   0.42   0.09    100.   1551.    158.    505.    462.    513.    155.    419.    219.      0.      0.    210.     0.     0.   1.00    -85.      0.      0.      0.      0.      0.
   84  71      0.      0.      0.      0.      0.      0.   0.00   0.00   1.00   0.42   0.09    100.   1571.    158.    505.    470.    522.    157.    420.    220.      0.      0.    210.     0.     0.   1.00    -85.      0.      0.      0.      0.      0.
   94  71      0.      0.      0.      0.      0.      0.   0.00   0.00   1.00   0.42   0.09    100.   1574.    158.    505.    475.    522.    157.    417.    217.      0.      0.    210.     0.     0.   1.00    -85.      0.      0.      0.      0.      0.


Station=  WAGE , Soil=  2, Manage=  1, Rotat=  5 YrRot=  3 , NYear=  4 , NRot=  3 , Crop=  6, Irr.=  1, IOPT=  1,     Runof=0.10, CO2=550. , StYear=1969, StDay=  1

 Planting on day 100, 1971
 Crop emergence on day   0, 1971
 Wageningen, rotation 5, soil2, future                                           

 DAY  YEAR  WLVG    WLVD    WST    WSO     TAGB    TSUML    DVS    LAI  TRANRF  SMACT  SMACTL   RD    TRAIN   TIRR   TTRANS  TESOIL  TDRAIN  TRUNOF    WTOT   WAVT    WTOTL     WAVTL  WTOTLX  PARAB    PAR    NNI   NMINT  NMIN    NUPT     NFIX   NLIV   NLOSS  
  100  71     11.      0.     11.      0.     22.      0.   0.00   0.03   1.00   0.41   0.42     10.   1574.    158.    505.    477.    522.    157.     41.     21.    376.    196.    209.     0.     0.   1.00      0.     30.      0.      0.      2.      0.
  110  71     11.      0.     11.      0.     22.      0.   0.00   0.03   1.00   0.39   0.42     10.   1578.    158.    506.    481.    522.    158.     39.     19.    376.    196.    209.     0.    79.   1.00      0.     30.      0.      0.      2.      0.
  120  71     29.      0.     28.      0.     58.    110.   0.13   0.12   1.00   0.40   0.42     22.   1593.    158.    507.    496.    522.    159.     83.     41.    331.    172.    209.     4.   152.   1.00      7.     22.      0.      1.      3.      0.
  130  71    143.      0.    125.      0.    268.    240.   0.29   0.50   1.00   0.38   0.42     34.   1600.    158.    510.    508.    522.    160.    124.     58.    281.    146.    209.    19.   256.   1.00     13.     15.      2.      9.     13.      0.
  140  71    859.      0.    659.      0.   1517.    416.   0.50   3.40   1.00   0.41   0.42     46.   1643.    158.    526.    522.    522.    164.    182.     92.    231.    120.    209.    78.   348.   1.00     95.      8.     11.     45.     58.      0.
  150  71   1671.    133.   1353.     44.   3202.    568.   0.68   6.83   1.00   0.39   0.42     58.   1661.    158.    551.    523.    522.    166.    222.    109.    180.     94.    209.   156.   428.   1.00     91.      0.     23.     94.    118.      1.
  160  71   2118.    792.   2520.    367.   5797.    750.   0.90   8.76   1.00   0.34   0.42     70.   1661.    158.    592.    523.    522.    166.    231.     94.    130.     68.    209.   259.   532.   1.00     78.      0.     36.    143.    172.      8.
  170  71   1855.   1445.   3223.    740.   7263.    900.   1.05   7.69   1.00   0.38   0.42     82.   1721.    158.    618.    523.    522.    172.    309.    148.     80.     42.    209.   320.   593.   1.00     74.      0.     40.    160.    186.     15.
  180  71   1586.   1991.   3962.   1740.   9278.   1063.   1.17   6.59   1.00   0.39   0.42     94.   1759.    158.    647.    524.    522.    176.    365.    179.     30.     16.    209.   391.   664.   1.00     95.      0.     47.    190.    217.     21.
  190  71   1238.   2493.   4836.   4384.  12952.   1251.   1.31   5.15   1.00   0.36   0.09    100.   1761.    158.    687.    524.    522.    176.    356.    156.      0.      0.    209.   502.   776.   1.00     81.      0.     61.    243.    279.     27.
  200  71    934.   2867.   5305.   6684.  15790.   1434.   1.45   3.89   1.00   0.32   0.09    100.   1761.    158.    721.    525.    522.    176.    321.    121.      0.      0.    209.   597.   873.   1.00     81.      0.     61.    243.    275.     31.
  210  71    656.   3154.   4858.   8203.  17386.   1627.   1.59   2.73   1.00   0.32   0.09    100.   1790.    158.    745.    528.    522.    179.    320.    120.      0.      0.    209.   660.   941.   1.00     81.      0.     61.    243.    268.     38.
  220  71    447.   3362.   3973.   9554.  18742.   1834.   1.74   1.86   1.00   0.31   0.09    100.   1814.    158.    771.    534.    522.    181.    309.    109.      0.      0.    209.   729.  1023.   1.00     81.      0.     61.    243.    258.     48.
  230  71    317.   3493.   3246.  10077.  19265.   2014.   1.88   1.32   1.00   0.30   0.09    100.   1825.    158.    786.    541.    522.    182.    297.     97.      0.      0.    209.   773.  1084.   1.00     81.      0.     61.    243.    251.     55.
  240  71    227.   3582.   2707.  10386.  19574.   2191.   2.01   0.95   1.00   0.30   0.09    100.   1853.    158.    800.    552.    522.    185.    297.     97.      0.      0.    209.   815.  1155.   1.00     81.      0.     61.    243.    245.     61.
  249  71      0.      0.      0.      0.      0.      0.   0.00   0.00   1.00   0.29   0.09    100.   1858.    158.    800.    559.    522.    186.    295.     95.      0.      0.    209.     0.     0.   1.00     81.      0.      0.      0.      0.      0.
  259  71      0.      0.      0.      0.      0.      0.   0.00   0.00   1.00   0.29   0.09    100.   1859.    158.    800.    562.    522.    186.    293.     93.      0.      0.    209.     0.     0.   1.00     81.      0.      0.      0.      0.      0.
  269  71      0.      0.      0.      0.      0.      0.   0.00   0.00   1.00   0.30   0.09    100.   1870.    158.    800.    566.    522.    187.    299.     99.      0.      0.    209.     0.     0.   1.00     81.      0.      0.      0.      0.      0.
  279  71      0.      0.      0.      0.      0.      0.   0.00   0.00   1.00   0.30   0.09    100.   1876.    158.    800.    570.    522.    188.    301.    101.      0.      0.    209.     0.     0.   1.00     81.      0.      0.      0.      0.      0.
  289  71      0.      0.      0.      0.      0.      0.   0.00   0.00   1.00   0.30   0.09    100.   1879.    158.    800.    572.    522.    188.    301.    101.      0.      0.    209.     0.     0.   1.00     81.      0.      0.      0.      0.      0.
  299  71      0.      0.      0.      0.      0.      0.   0.00   0.00   1.00   0.32   0.09    100.   1899.    158.    800.    576.    522.    190.    315.    115.      0.      0.    209.     0.     0.   1.00     81.      0.      0.      0.      0.      0.
  309  71      0.      0.      0.      0.      0.      0.   0.00   0.00   1.00   0.31   0.09    100.   1899.    158.    800.    577.    522.    190.    315.    115.      0.      0.    209.     0.     0.   1.00     81.      0.      0.      0.      0.      0.
  319  71      0.      0.      0.      0.      0.      0.   0.00   0.00   1.00   0.32   0.09    100.   1910.    158.    800.    578.    522.    191.    323.    123.      0.      0.    209.     0.     0.   1.00     81.      0.      0.      0.      0.      0.
  329  71      0.      0.      0.      0.      0.      0.   0.00   0.00   1.00   0.35   0.09    100.   1946.    158.    800.    581.    522.    195.    353.    153.      0.      0.    209.     0.     0.   1.00     81.      0.      0.      0.      0.      0.
  339  71      0.      0.      0.      0.      0.      0.   0.00   0.00   1.00   0.36   0.09    100.   1958.    158.    800.    581.    522.    196.    363.    163.      0.      0.    209.     0.     0.   1.00     81.      0.      0.      0.      0.      0.
  349  71      0.      0.      0.      0.      0.      0.   0.00   0.00   1.00   0.37   0.09    100.   1964.    158.    800.    582.    522.    196.    368.    168.      0.      0.    209.     0.     0.   1.00     81.      0.      0.      0.      0.      0.
  359  71      0.      0.      0.      0.      0.      0.   0.00   0.00   1.00   0.39   0.09    100.   1985.    158.    800.    582.    522.    199.    387.    187.      0.      0.    209.     0.     0.   1.00     81.      0.      0.      0.      0.      0.
    4  72      0.      0.      0.      0.      0.      0.   0.00   0.00   1.00   0.39   0.09    100.   1987.    158.    800.    582.    522.    199.    387.    187.      0.      0.    209.     0.     0.   1.00     81.      0.      0.      0.      0.      0.
   14  72      0.      0.      0.      0.      0.      0.   0.00   0.00   1.00   0.39   0.09    100.   1992.    158.    800.    583.    522.    199.    392.    192.      0.      0.    209.     0.     0.   1.00     81.      0.      0.      0.      0.      0.
   24  72      0.      0.      0.      0.      0.      0.   0.00   0.00   1.00   0.40   0.09    100.   2006.    158.    800.    583.    522.    201.    404.    204.      0.      0.    209.     0.     0.   1.00     81.      0.      0.      0.      0.      0.
   34  72      0.      0.      0.      0.      0.      0.   0.00   0.00   1.00   0.41   0.09    100.   2020.    158.    800.    585.    522.    202.    414.    214.      0.      0.    209.     0.     0.   1.00     81.      0.      0.      0.      0.      0.
   44  72      0.      0.      0.      0.      0.      0.   0.00   0.00   1.00   0.42   0.09    100.   2041.    158.    800.    588.    532.    204.    420.    220.      0.      0.    210.     0.     0.   1.00     81.      0.      0.      0.      0.      0.
   54  72      0.      0.      0.      0.      0.      0.   0.00   0.00   1.00   0.42   0.09    100.   2046.    158.    800.    589.    535.    205.    420.    220.      0.      0.    210.     0.     0.   1.00     81.      0.      0.      0.      0.      0.
   64  72      0.      0.      0.      0.      0.      0.   0.00   0.00   1.00   0.42   0.09    100.   2051.    158.    800.    591.    537.    205.    420.    220.      0.      0.    210.     0.     0.   1.00     81.      0.      0.      0.      0.      0.
   74  72      0.      0.      0.      0.      0.      0.   0.00   0.00   1.00   0.42   0.09    100.   2062.    158.    800.    595.    546.    206.    418.    218.      0.      0.    210.     0.     0.   1.00     81.      0.      0.      0.      0.      0.
   84  72      0.      0.      0.      0.      0.      0.   0.00   0.00   1.00   0.41   0.09    100.   2062.    158.    800.    599.    546.    206.    414.    214.      0.      0.    210.     0.     0.   1.00     81.      0.      0.      0.      0.      0.
   94  72      0.      0.      0.      0.      0.      0.   0.00   0.00   1.00   0.42   0.09    100.   2102.    158.    800.    606.    569.    210.    420.    220.      0.      0.    210.     0.     0.   1.00     81.      0.      0.      0.      0.      0.


Station=  WAGE , Soil=  2, Manage=  1, Rotat=  5 YrRot=  1 , NYear=  4 , NRot=  3 , Crop=  2, Irr.=  1, IOPT=  1,     Runof=0.10, CO2=550. , StYear=1969, StDay=  1

 Planting on day 100, 1972
 Crop emergence on day   0, 1972
 Wageningen, rotation 5, soil2, future                                           

 DAY  YEAR  WLVG    WLVD    WST    WSO     TAGB    TSUML    DVS    LAI  TRANRF  SMACT  SMACTL   RD    TRAIN   TIRR   TTRANS  TESOIL  TDRAIN  TRUNOF    WTOT   WAVT    WTOTL     WAVTL  WTOTLX  PARAB    PAR    NNI   NMINT  NMIN    NUPT     NFIX   NLIV   NLOSS  
  100  72      0.      0.      0.      0.      0.      0.   0.00   0.00   1.00   0.42   0.42     10.   2138.    158.    800.    613.    594.    214.     42.     22.    462.    242.    126.     0.     0.   1.00      0.     30.      0.      0.      0.      0.
  110  72      0.      0.      0.      0.      0.      0.   0.00   0.00   1.00   0.39   0.42     10.   2169.    158.    801.    627.    610.    217.     39.     19.    462.    242.    126.     0.    61.   1.00      0.     30.      0.      0.      0.      0.
  116  72      0.      0.      0.      0.      0.      0.   0.00   0.00   1.00   0.35   0.42     10.   2176.    158.    801.    636.    612.    218.     35.     15.    462.    242.    126.     0.   108.   1.00      0.     30.      0.      0.      0.      0.
  120  72      0.      0.      0.      0.      1.     16.   0.02   0.00   1.00   0.34   0.42     15.   2178.    158.    801.    640.    612.    218.     47.     19.    447.    234.    126.     0.   137.   1.00      3.     27.      0.      0.      0.      0.
  130  72      3.      0.      1.      0.      3.    131.   0.20   0.01   1.00   0.36   0.42     27.   2189.    158.    801.    655.    612.    219.     93.     42.    396.    208.    126.     0.   213.   1.00     10.     20.      0.      0.      0.      0.
  140  72      7.      0.      2.      0.     10.    213.   0.33   0.02   1.00   0.42   0.42     39.   2247.    158.    801.    674.    630.    225.    158.     83.    346.    181.    126.     0.   264.   1.00    102.     12.      0.      0.      0.      0.
  150  72     48.      0.     19.      0.     67.    335.   0.52   0.10   1.00   0.42   0.42     51.   2276.    158.    802.    698.    631.    228.    208.    109.    296.    155.    126.     3.   354.   1.00    107.      4.      3.      0.      3.      0.
  160  72    188.      0.    100.      0.    288.    458.   0.70   0.38   1.00   0.42   0.42     63.   2299.    158.    804.    719.    631.    230.    256.    132.    245.    128.    126.    12.   425.   1.00    103.      0.     11.      0.     11.      0.
  170  72    822.      0.    580.      0.   1402.    572.   0.88   1.64   1.00   0.40   0.42     75.   2315.    158.    814.    737.    631.    232.    294.    147.    195.    102.    126.    52.   521.   1.00     65.      0.     49.      0.     49.      0.
  180  72   1667.      0.   1387.     55.   3108.    709.   1.05   3.33   1.00   0.41   0.42     87.   2356.    158.    835.    745.    634.    236.    350.    178.    144.     76.    126.   111.   595.   1.00     32.      0.    110.      0.    110.      0.
  190  72   2341.     22.   2114.    589.   5067.    852.   1.15   4.68   1.00   0.41   0.42     99.   2386.    158.    857.    749.    638.    239.    396.    201.     94.     49.    126.   171.   660.   1.00    -23.      0.    165.      0.    164.      1.
  200  72   2797.    235.   2899.   2568.   8499.    997.   1.26   5.59   1.00   0.39   0.42    111.   2397.    158.    889.    750.    638.    240.    423.    204.     44.     23.    126.   269.   760.   1.00    -80.      0.    222.      0.    216.      6.
  210  72   2287.    924.   3194.   4540.  10944.   1164.   1.37   4.57   1.00   0.41   0.00    120.   2462.    158.    919.    751.    638.    246.    494.    254.      0.      0.    126.   340.   833.   1.00   -107.      0.    249.      0.    227.     22.
  220  72   1708.   1614.   3416.   6424.  13162.   1317.   1.48   3.42   1.00   0.40   0.00    120.   2471.    158.    941.    754.    638.    247.    478.    238.      0.      0.    126.   404.   902.   1.00   -122.      0.    264.      0.    226.     39.
  230  72   1286.   2149.   3114.   8362.  15440.   1475.   1.60   2.57   1.00   0.40   0.00    120.   2498.    158.    963.    759.    638.    250.    475.    235.      0.      0.    126.   473.   980.   1.00   -127.      0.    269.      0.    206.     63.
  240  72   1015.   2507.   2686.   9852.  17174.   1602.   1.69   2.03   1.00   0.40   0.00    120.   2519.    158.    977.    764.    638.    252.    475.    235.      0.      0.    126.   525.  1046.   1.00   -127.      0.    269.      0.    185.     84.
  250  72    827.   2793.   2333.  11571.  19145.   1730.   1.78   1.65   1.00   0.38   0.00    120.   2519.    158.    992.    767.    638.    252.    457.    217.      0.      0.    126.   586.  1131.   1.00   -127.      0.    269.      0.    167.    102.
  260  72    658.   3013.   1966.  12465.  20154.   1851.   1.87   1.32   1.00   0.40   0.00    120.   2554.    158.   1000.    773.    638.    255.    474.    234.      0.      0.    126.   618.  1180.   1.00   -127.      0.    269.      0.    152.    116.
  270  72    567.   3161.   1661.  13475.  21281.   1941.   1.93   1.13   1.00   0.39   0.00    120.   2563.    158.   1006.    777.    638.    256.    474.    234.      0.      0.    126.   653.  1241.   1.00   -127.      0.    269.      0.    141.    128.
  280  72    484.   3284.   1394.  14193.  22079.   2028.   1.99   0.97   1.00   0.39   0.00    120.   2564.    158.   1011.    779.    638.    256.    467.    227.      0.      0.    126.   678.  1291.   1.00   -127.      0.    269.      0.    132.    137.
  283  72    465.   3311.   1348.  14351.  22255.   2050.   2.01   0.93   1.00   0.39   0.00    120.   2564.    158.   1013.    779.    638.    256.    465.    225.      0.      0.    126.   684.  1302.   1.00   -127.      0.    269.      0.    130.    139.
  289  72      0.      0.      0.      0.      0.      0.   0.00   0.00   1.00   0.39   0.00    120.   2564.    158.   1013.    780.    638.    256.    464.    224.      0.      0.    126.     0.     0.   1.00   -127.      0.      0.      0.      0.      0.
  299  72      0.      0.      0.      0.      0.      0.   0.00   0.00   1.00   0.40   0.00    120.   2580.    158.   1013.    782.    638.    258.    477.    237.      0.      0.    126.     0.     0.   1.00   -127.      0.      0.      0.      0.      0.
  309  72      0.      0.      0.      0.      0.      0.   0.00   0.00   1.00   0.40   0.00    120.   2588.    158.   1013.    783.    638.    259.    482.    242.      0.      0.    126.     0.     0.   1.00   -127.      0.      0.      0.      0.      0.
  319  72      0.      0.      0.      0.      0.      0.   0.00   0.00   1.00   0.42   0.00    120.   2633.    158.   1013.    786.    654.    263.    504.    264.      0.      0.    126.     0.     0.   1.00   -127.      0.      0.      0.      0.      0.
  329  72      0.      0.      0.      0.      0.      0.   0.00   0.00   1.00   0.42   0.00    120.   2663.    158.   1013.    788.    679.    266.    504.    264.      0.      0.    126.     0.     0.   1.00   -127.      0.      0.      0.      0.      0.
  339  72      0.      0.      0.      0.      0.      0.   0.00   0.00   1.00   0.42   0.00    120.   2666.    158.   1013.    789.    681.    267.    504.    264.      0.      0.    126.     0.     0.   1.00   -127.      0.      0.      0.      0.      0.
  349  72      0.      0.      0.      0.      0.      0.   0.00   0.00   1.00   0.42   0.00    120.   2685.    158.   1013.    791.    696.    269.    504.    264.      0.      0.    126.     0.     0.   1.00   -127.      0.      0.      0.      0.      0.
  359  72      0.      0.      0.      0.      0.      0.   0.00   0.00   1.00   0.42   0.00    120.   2685.    158.   1013.    791.    696.    269.    504.    264.      0.      0.    126.     0.     0.   1.00   -127.      0.      0.      0.      0.      0.
    1  73      0.      0.      0.      0.      0.      0.   0.00   0.00   1.00   0.42   0.00    120.   2685.    158.   1013.    791.    696.    269.    503.    263.      0.      0.    126.     0.     0.   1.00   -127.      0.      0.      0.      0.      0.


DATA-FILE  WARO1PTS.OUT


Name of run: WARO5


Station=  WAGE , Soil=  2, Manage=  1, Rotat=  6 YrRot=  1 , NYear=  4 , NRot=  3 , Crop=  2, Irr.=  2, IOPT=  2,     Runof=0.10, CO2=550. , StYear=1969, StDay=  1

 DAY  YEAR  WLVG    WLVD    WST    WSO     TAGB    TSUML    DVS    LAI  TRANRF  SMACT  SMACTL   RD    TRAIN   TIRR   TTRANS  TESOIL  TDRAIN  TRUNOF    WTOT   WAVT    WTOTL      WAVTL WTOTLX  PARAB    PAR    NNI   NMINT  NMIN    NUPT       NFIX   NLIV   NLOSS  
    1  69      0.      0.      0.      0.      0.      0.   0.00   0.00   1.00   0.37   0.37     10.   2685.    158.   1013.    791.    696.    269.    503.    263.      0.      0.    126.     0.     0.   1.00   -127.      0.      0.      0.      0.      0.
    3  69      0.      0.      0.      0.      0.      0.   0.00   0.00   1.00   0.40   0.37     10.      3.      0.      0.      0.      0.      0.     40.     20.    407.    187.    111.     0.     0.   1.00   -127.      0.      0.      0.      0.      0.
   13  69      0.      0.      0.      0.      0.      0.   0.00   0.00   1.00   0.40   0.37     10.      5.      0.      0.      1.      0.      0.     40.     20.    407.    187.    111.     0.     0.   1.00   -127.      0.      0.      0.      0.      0.
   23  69      0.      0.      0.      0.      0.      0.   0.00   0.00   1.00   0.42   0.39     10.     28.      0.      0.      3.      0.      3.     42.     22.    424.    204.    111.     0.     0.   1.00   -127.      0.      0.      0.      0.      0.
   33  69      0.      0.      0.      0.      0.      0.   0.00   0.00   1.00   0.42   0.39     10.     37.      0.      0.      6.      0.      4.     42.     22.    430.    210.    111.     0.     0.   1.00   -127.      0.      0.      0.      0.      0.
   43  69      0.      0.      0.      0.      0.      0.   0.00   0.00   1.00   0.42   0.40     10.     58.      0.      0.      9.      0.      6.     42.     22.    445.    225.    111.     0.     0.   1.00   -127.      0.      0.      0.      0.      0.
   53  69      0.      0.      0.      0.      0.      0.   0.00   0.00   1.00   0.42   0.42     10.     79.      0.      0.     10.      0.      8.     42.     22.    462.    242.    111.     0.     0.   1.00   -127.      0.      0.      0.      0.      0.
   63  69      0.      0.      0.      0.      0.      0.   0.00   0.00   1.00   0.40   0.42     10.     80.      0.      0.     13.      0.      8.     40.     20.    462.    242.    111.     0.     0.   1.00   -127.      0.      0.      0.      0.      0.
   73  69      0.      0.      0.      0.      0.      0.   0.00   0.00   1.00   0.42   0.42     10.    108.      0.      0.     17.      6.     11.     42.     22.    462.    242.    126.     0.     0.   1.00   -127.      0.      0.      0.      0.      0.
   83  69      0.      0.      0.      0.      0.      0.   0.00   0.00   1.00   0.39   0.42     10.    120.      0.      0.     24.     12.     12.     39.     19.    462.    242.    126.     0.     0.   1.00   -127.      0.      0.      0.      0.      0.
   93  69      0.      0.      0.      0.      0.      0.   0.00   0.00   1.00   0.40   0.42     10.    138.      0.      0.     30.     21.     14.     40.     20.    462.    242.    126.     0.     0.   1.00   -127.      0.      0.      0.      0.      0.


Station=  WAGE , Soil=  2, Manage=  1, Rotat=  6 YrRot=  1 , NYear=  4 , NRot=  3 , Crop=  2, Irr.=  2, IOPT=  2,     Runof=0.10, CO2=550. , StYear=1969, StDay=  1

 Planting on day 100, 1969
 Crop emergence on day   0, 1969
 Wageningen, rotation 6, soil2, future                                           

 DAY  YEAR  WLVG    WLVD    WST    WSO     TAGB    TSUML    DVS    LAI  TRANRF  SMACT  SMACTL   RD    TRAIN   TIRR   TTRANS  TESOIL  TDRAIN  TRUNOF    WTOT   WAVT    WTOTL     WAVTL  WTOTLX  PARAB    PAR    NNI   NMINT  NMIN    NUPT     NFIX   NLIV   NLOSS  
  100  69      0.      0.      0.      0.      0.      0.   0.00   0.00   1.00   0.31   0.42     10.    138.      0.      0.     39.     21.     14.     31.     11.    462.    242.    126.     0.     0.   1.00      0.     30.      0.      0.      0.      0.
  110  69      0.      0.      0.      0.      0.      0.   0.00   0.00   1.00   0.39   0.42     10.    184.      0.      0.     59.     35.     18.     39.     19.    462.    242.    126.     0.    60.   1.00      0.     30.      0.      0.      0.      0.
  116  69      0.      0.      0.      0.      0.      0.   0.00   0.00   1.00   0.39   0.42     10.    204.      0.      0.     69.     43.     20.     39.     19.    462.    242.    126.     0.    98.   1.00      0.     30.      0.      0.      0.      0.
  120  69      1.      0.      0.      0.      1.     36.   0.05   0.00   1.00   0.38   0.42     15.    212.      0.      0.     76.     46.     21.     51.     24.    447.    234.    126.     0.   131.   1.00      3.     27.      0.      0.      0.      0.
  130  69      3.      0.      1.      0.      4.    148.   0.23   0.01   1.00   0.37   0.42     27.    218.      0.      0.     90.     46.     22.     94.     42.    396.    208.    126.     0.   203.   1.00     10.     20.      0.      0.      0.      0.
  140  69     15.      0.      5.      0.     20.    273.   0.42   0.03   1.00   0.40   0.42     39.    257.      0.      0.    118.     46.     26.    151.     75.    346.    181.    126.     1.   271.   1.00    101.     12.      1.      0.      1.      0.
  150  69     85.      0.     40.      0.    125.    391.   0.60   0.17   1.00   0.39   0.42     51.    275.      0.      1.    141.     46.     28.    193.     94.    296.    155.    126.     5.   357.   1.00    105.      4.      5.      0.      5.      0.
  160  69    344.      0.    210.      0.    554.    500.   0.77   0.69   1.00   0.40   0.42     63.    316.      0.      6.    163.     54.     32.    245.    122.    245.    128.    126.    22.   434.   1.00     95.      0.     19.      0.     19.      0.
  170  69   1424.      0.   1132.      1.   2557.    668.   1.01   2.85   1.00   0.39   0.42     75.    331.     20.     30.    178.     54.     33.    289.    142.    195.    102.    126.    94.   552.   1.00     18.      0.     96.      0.     96.      0.
  180  69   2306.     19.   2053.    342.   4722.    809.   1.11   4.61   1.00   0.38   0.42     87.    346.     20.     56.    182.     54.     35.    323.    152.    144.     76.    126.   164.   628.   1.00    -18.      0.    160.      0.    160.      0.
  190  69   2806.    263.   2873.   1653.   7596.    961.   1.22   5.61   1.00   0.37   0.42     99.    365.     20.     87.    184.     54.     37.    358.    163.     94.     49.    126.   247.   713.   1.00    -78.      0.    220.      0.    214.      6.
  200  69   2612.    729.   3269.   3762.  10373.   1108.   1.33   5.22   1.00   0.35   0.42    111.    376.     20.    117.    185.     54.     38.    387.    167.     44.     23.    126.   325.   794.   1.00   -108.      0.    250.      0.    233.     17.
  210  69   1863.   1630.   3574.   6354.  13422.   1286.   1.46   3.73   0.87   0.35   0.00    120.    389.     40.    155.    188.     54.     39.    422.    182.      0.      0.    126.   415.   887.   1.00   -130.      0.    272.      0.    233.     39.
  220  69   1346.   2285.   3422.   8693.  16173.   1463.   1.58   2.69   0.83   0.33   0.00    120.    406.     40.    191.    193.     54.     41.    396.    156.      0.      0.    126.   501.   985.   1.00   -139.      0.    281.      0.    217.     64.
  230  69    980.   2741.   2944.  10241.  17977.   1637.   1.71   1.96   1.00   0.33   0.00    120.    436.     60.    220.    205.     54.     44.    402.    162.      0.      0.    126.   568.  1067.   1.00   -139.      0.    281.      0.    192.     89.
  240  69    758.   3025.   2489.  11327.  19217.   1776.   1.81   1.52   1.00   0.37   0.00    120.    512.     60.    235.    216.     54.     51.    445.    205.      0.      0.    126.   606.  1122.   1.00   -139.      0.    281.      0.    174.    107.
  250  69    603.   3243.   2103.  12457.  20486.   1910.   1.90   1.21   1.00   0.36   0.00    120.    518.     60.    246.    221.     54.     52.    433.    193.      0.      0.    126.   646.  1187.   1.00   -139.      0.    281.      0.    158.    123.
  260  69    475.   3422.   1800.  13370.  21502.   2058.   2.01   0.95   1.00   0.35   0.00    120.    519.     60.    256.    225.     54.     52.    420.    180.      0.      0.    126.   677.  1246.   1.00   -139.      0.    281.      0.    147.    134.
  269  69      0.      0.      0.      0.      0.      0.   0.00   0.00   1.00   0.35   0.00    120.    525.     60.    256.    231.     54.     52.    420.    180.      0.      0.    126.     0.     0.   1.00   -139.      0.      0.      0.      0.      0.
  279  69      0.      0.      0.      0.      0.      0.   0.00   0.00   1.00   0.35   0.00    120.    532.     60.    256.    237.     54.     53.    421.    181.      0.      0.    126.     0.     0.   1.00   -139.      0.      0.      0.      0.      0.
  289  69      0.      0.      0.      0.      0.      0.   0.00   0.00   1.00   0.35   0.00    120.    533.     60.    256.    239.     54.     53.    420.    180.      0.      0.    126.     0.     0.   1.00   -139.      0.      0.      0.      0.      0.
  299  69      0.      0.      0.      0.      0.      0.   0.00   0.00   1.00   0.36   0.00    120.    546.     60.    256.    243.     54.     55.    427.    187.      0.      0.    126.     0.     0.   1.00   -139.      0.      0.      0.      0.      0.
  309  69      0.      0.      0.      0.      0.      0.   0.00   0.00   1.00   0.36   0.00    120.    555.     60.    256.    247.     54.     55.    431.    191.      0.      0.    126.     0.     0.   1.00   -139.      0.      0.      0.      0.      0.
  319  69      0.      0.      0.      0.      0.      0.   0.00   0.00   1.00   0.38   0.00    120.    593.     60.    256.    251.     54.     59.    461.    221.      0.      0.    126.     0.     0.   1.00   -139.      0.      0.      0.      0.      0.
  329  69      0.      0.      0.      0.      0.      0.   0.00   0.00   1.00   0.39   0.00    120.    600.     60.    256.    254.     54.     60.    464.    224.      0.      0.    126.     0.     0.   1.00   -139.      0.      0.      0.      0.      0.
  339  69      0.      0.      0.      0.      0.      0.   0.00   0.00   1.00   0.40   0.00    120.    612.     60.    256.    254.     54.     61.    475.    235.      0.      0.    126.     0.     0.   1.00   -139.      0.      0.      0.      0.      0.
  349  69      0.      0.      0.      0.      0.      0.   0.00   0.00   1.00   0.40   0.00    120.    623.     60.    256.    255.     54.     62.    484.    244.      0.      0.    126.     0.     0.   1.00   -139.      0.      0.      0.      0.      0.
  359  69      0.      0.      0.      0.      0.      0.   0.00   0.00   1.00   0.42   0.00    120.    644.     60.    256.    255.     54.     64.    503.    263.      0.      0.    126.     0.     0.   1.00   -139.      0.      0.      0.      0.      0.
    4  70      0.      0.      0.      0.      0.      0.   0.00   0.00   1.00   0.42   0.00    120.    649.     60.    256.    256.     57.     65.    504.    264.      0.      0.    126.     0.     0.   1.00   -139.      0.      0.      0.      0.      0.
   14  70      0.      0.      0.      0.      0.      0.   0.00   0.00   1.00   0.42   0.00    120.    659.     60.    256.    257.     65.     66.    504.    264.      0.      0.    126.     0.     0.   1.00   -139.      0.      0.      0.      0.      0.
   24  70      0.      0.      0.      0.      0.      0.   0.00   0.00   1.00   0.42   0.00    120.    669.     60.    256.    257.     74.     67.    504.    264.      0.      0.    126.     0.     0.   1.00   -139.      0.      0.      0.      0.      0.
   34  70      0.      0.      0.      0.      0.      0.   0.00   0.00   1.00   0.42   0.00    120.    701.     60.    256.    258.    102.     70.    504.    264.      0.      0.    126.     0.     0.   1.00   -139.      0.      0.      0.      0.      0.
   44  70      0.      0.      0.      0.      0.      0.   0.00   0.00   1.00   0.42   0.00    120.    728.     60.    256.    260.    124.     73.    504.    264.      0.      0.    126.     0.     0.   1.00   -139.      0.      0.      0.      0.      0.
   54  70      0.      0.      0.      0.      0.      0.   0.00   0.00   1.00   0.42   0.00    120.    778.     60.    256.    262.    167.     78.    504.    264.      0.      0.    126.     0.     0.   1.00   -139.      0.      0.      0.      0.      0.
   64  70      0.      0.      0.      0.      0.      0.   0.00   0.00   1.00   0.42   0.00    120.    796.     60.    256.    266.    180.     80.    504.    264.      0.      0.    126.     0.     0.   1.00   -139.      0.      0.      0.      0.      0.
   74  70      0.      0.      0.      0.      0.      0.   0.00   0.00   1.00   0.42   0.00    120.    800.     60.    256.    268.    183.     80.    503.    263.      0.      0.    126.     0.     0.   1.00   -139.      0.      0.      0.      0.      0.
   84  70      0.      0.      0.      0.      0.      0.   0.00   0.00   1.00   0.42   0.00    120.    823.     60.    256.    272.    198.     82.    504.    264.      0.      0.    126.     0.     0.   1.00   -139.      0.      0.      0.      0.      0.
   94  70      0.      0.      0.      0.      0.      0.   0.00   0.00   1.00   0.42   0.00    120.    855.     60.    256.    280.    219.     85.    503.    263.      0.      0.    126.     0.     0.   1.00   -139.      0.      0.      0.      0.      0.
  104  70      0.      0.      0.      0.      0.      0.   0.00   0.00   1.00   0.42   0.00    120.    894.     60.    256.    288.    246.     89.    503.    263.      0.      0.    126.     0.     0.   1.00   -139.      0.      0.      0.      0.      0.
  114  70      0.      0.      0.      0.      0.      0.   0.00   0.00   1.00   0.42   0.00    120.    906.     60.    256.    295.    250.     91.    504.    264.      0.      0.    126.     0.     0.   1.00   -139.      0.      0.      0.      0.      0.
  116  70      0.      0.      0.      0.      0.      0.   0.00   0.00   1.00   0.42   0.00    120.    916.     60.    256.    298.    255.     92.    504.    264.      0.      0.    126.     0.     0.   1.00   -139.      0.      0.      0.      0.      0.


Station=  WAGE , Soil=  2, Manage=  1, Rotat=  6 YrRot=  2 , NYear=  4 , NRot=  3 , Crop=  3, Irr.=  2, IOPT=  2,     Runof=0.10, CO2=550. , StYear=1969, StDay=  1

 Planting on day 120, 1970
 Crop emergence on day   0, 1970
 Wageningen, rotation 6, soil2, future                                           

 DAY  YEAR  WLVG    WLVD    WST    WSO     TAGB    TSUML    DVS    LAI  TRANRF  SMACT  SMACTL   RD    TRAIN   TIRR   TTRANS  TESOIL  TDRAIN  TRUNOF    WTOT   WAVT    WTOTL     WAVTL  WTOTLX  PARAB    PAR    NNI   NMINT  NMIN    NUPT     NFIX   NLIV   NLOSS  
  120  70     19.      0.     11.      0.     30.      0.   0.00   0.05   1.00   0.42   0.42     10.    930.     60.    256.    303.    263.     93.     42.     22.    378.    198.    210.     0.     0.   1.00      0.     30.      0.      0.      2.      0.
  130  70     19.      0.     11.      0.     30.      0.   0.00   0.05   1.00   0.33   0.42     10.    936.     60.    257.    316.    263.     94.     33.     13.    378.    198.    210.     0.    84.   1.00      0.     30.      0.      0.      2.      0.
  131  70     19.      0.     11.      0.     30.      0.   0.00   0.05   1.00   0.32   0.42     10.    936.     60.    257.    317.    263.     94.     32.     12.    378.    198.    210.     0.    91.   1.00      0.     30.      0.      0.      2.      0.
  140  70     81.      0.     50.      0.    131.     89.   0.13   0.23   1.00   0.34   0.42     21.    943.     60.    258.    327.    263.     94.     67.     28.    338.    177.    210.     5.   163.   1.00     85.     23.      5.      0.      7.      0.
  150  70    289.      0.    177.      0.    465.    166.   0.24   0.65   1.00   0.35   0.42     33.    951.     60.    262.    338.    263.     95.    110.     47.    287.    150.    210.    20.   243.   1.00     78.     16.     20.      0.     22.      0.
  160  70   1142.      0.    730.      0.   1872.    283.   0.41   2.38   1.00   0.32   0.42     45.    952.     60.    280.    344.    263.     95.    138.     51.    237.    124.    210.    76.   355.   1.00     41.      8.     65.      0.     67.      0.
  170  70   2679.     32.   2455.      0.   5166.    415.   0.60   5.00   1.00   0.31   0.42     57.    961.     80.    315.    352.    263.     96.    174.     63.    186.     98.    210.   179.   473.   1.00    -36.      1.    150.      0.    152.      0.
  180  70   3419.    408.   4883.      0.   8711.    560.   0.81   5.88   1.00   0.29   0.42     69.    969.     80.    351.    354.    263.     97.    193.     58.    136.     71.    210.   270.   567.   1.00    -51.      0.    193.      0.    193.      2.
  190  70   3410.    839.   7066.      9.  11323.    683.   0.98   5.65   1.00   0.32   0.42     81.   1019.     80.    379.    356.    263.    102.    258.     99.     86.     45.    210.   333.   632.   1.00    -58.      0.    200.      0.    198.      4.
  200  70   2817.   1812.   8881.   1059.  14569.    799.   1.12   4.52   1.00   0.36   0.42     93.   1072.     80.    407.    358.    263.    107.    327.    143.     35.     18.    210.   406.   708.   1.00    -74.      0.    216.      0.    209.     10.
  210  70   2054.   2635.   9121.   3142.  16952.    914.   1.26   3.28   1.00   0.38   0.09    100.   1101.    100.    429.    363.    263.    110.    381.    181.      0.      0.    210.   459.   767.   1.00    -82.      0.    224.      0.    212.     14.
  220  70   1390.   3299.   9121.   6466.  20276.   1067.   1.43   2.22   1.00   0.36   0.09    100.   1108.    100.    453.    367.    263.    111.    359.    159.      0.      0.    210.   532.   857.   1.00    -85.      0.    227.      0.    212.     17.
  230  70    985.   3704.   8244.   8372.  22182.   1185.   1.57   1.57   1.00   0.38   0.09    100.   1131.    120.    468.    376.    263.    113.    376.    176.      0.      0.    210.   578.   925.   1.00    -85.      0.    227.      0.    206.     23.
  240  70    697.   3992.   6736.   9815.  23625.   1305.   1.71   1.11   1.00   0.36   0.09    100.   1140.    120.    480.    384.    263.    114.    364.    164.      0.      0.    210.   617.   996.   1.00    -85.      0.    227.      0.    200.     29.
  250  70    498.   4191.   5504.  10786.  24596.   1418.   1.84   0.79   1.00   0.35   0.09    100.   1143.    120.    489.    392.    263.    114.    350.    150.      0.      0.    210.   648.  1066.   1.00    -85.      0.    227.      0.    194.     35.
  260  70    358.   4331.   4497.  11084.  24894.   1526.   1.97   0.57   1.00   0.40   0.09    100.   1217.    120.    495.    405.    263.    122.    396.    196.      0.      0.    210.   662.  1107.   1.00    -85.      0.    227.      0.    190.     39.
  264  70    325.   4364.   4233.  11158.  24968.   1558.   2.00   0.52   1.00   0.39   0.09    100.   1217.    120.    496.    408.    263.    122.    393.    193.      0.      0.    210.   667.  1125.   1.00    -85.      0.    227.      0.    189.     40.
  269  70      0.      0.      0.      0.      0.      0.   0.00   0.00   1.00   0.39   0.09    100.   1217.    120.    496.    410.    263.    122.    390.    190.      0.      0.    210.     0.     0.   1.00    -85.      0.      0.      0.      0.      0.
  279  70      0.      0.      0.      0.      0.      0.   0.00   0.00   1.00   0.41   0.09    100.   1251.    120.    496.    419.    263.    125.    412.    212.      0.      0.    210.     0.     0.   1.00    -85.      0.      0.      0.      0.      0.
  289  70      0.      0.      0.      0.      0.      0.   0.00   0.00   1.00   0.41   0.09    100.   1254.    120.    496.    423.    263.    125.    412.    212.      0.      0.    210.     0.     0.   1.00    -85.      0.      0.      0.      0.      0.
  299  70      0.      0.      0.      0.      0.      0.   0.00   0.00   1.00   0.42   0.09    100.   1286.    120.    496.    427.    279.    129.    420.    220.      0.      0.    210.     0.     0.   1.00    -85.      0.      0.      0.      0.      0.
  309  70      0.      0.      0.      0.      0.      0.   0.00   0.00   1.00   0.42   0.09    100.   1349.    120.    496.    433.    330.    135.    420.    220.      0.      0.    210.     0.     0.   1.00    -85.      0.      0.      0.      0.      0.
  319  70      0.      0.      0.      0.      0.      0.   0.00   0.00   1.00   0.42   0.09    100.   1362.    120.    496.    437.    338.    136.    420.    220.      0.      0.    210.     0.     0.   1.00    -85.      0.      0.      0.      0.      0.
  329  70      0.      0.      0.      0.      0.      0.   0.00   0.00   1.00   0.42   0.09    100.   1385.    120.    496.    441.    354.    138.    420.    220.      0.      0.    210.     0.     0.   1.00    -85.      0.      0.      0.      0.      0.
  339  70      0.      0.      0.      0.      0.      0.   0.00   0.00   1.00   0.42   0.09    100.   1423.    120.    496.    443.    387.    142.    420.    220.      0.      0.    210.     0.     0.   1.00    -85.      0.      0.      0.      0.      0.
  349  70      0.      0.      0.      0.      0.      0.   0.00   0.00   1.00   0.42   0.09    100.   1432.    120.    496.    443.    394.    143.    420.    220.      0.      0.    210.     0.     0.   1.00    -85.      0.      0.      0.      0.      0.
  359  70      0.      0.      0.      0.      0.      0.   0.00   0.00   1.00   0.42   0.09    100.   1437.    120.    496.    444.    398.    144.    420.    220.      0.      0.    210.     0.     0.   1.00    -85.      0.      0.      0.      0.      0.
    4  71      0.      0.      0.      0.      0.      0.   0.00   0.00   1.00   0.42   0.09    100.   1443.    120.    496.    444.    404.    144.    420.    220.      0.      0.    210.     0.     0.   1.00    -85.      0.      0.      0.      0.      0.
   14  71      0.      0.      0.      0.      0.      0.   0.00   0.00   1.00   0.42   0.09    100.   1445.    120.    496.    444.    405.    144.    420.    220.      0.      0.    210.     0.     0.   1.00    -85.      0.      0.      0.      0.      0.
   24  71      0.      0.      0.      0.      0.      0.   0.00   0.00   1.00   0.42   0.09    100.   1470.    120.    496.    445.    427.    147.    420.    220.      0.      0.    210.     0.     0.   1.00    -85.      0.      0.      0.      0.      0.
   34  71      0.      0.      0.      0.      0.      0.   0.00   0.00   1.00   0.42   0.09    100.   1503.    120.    496.    449.    453.    150.    420.    220.      0.      0.    210.     0.     0.   1.00    -85.      0.      0.      0.      0.      0.
   44  71      0.      0.      0.      0.      0.      0.   0.00   0.00   1.00   0.42   0.09    100.   1510.    120.    496.    450.    458.    151.    420.    220.      0.      0.    210.     0.     0.   1.00    -85.      0.      0.      0.      0.      0.
   54  71      0.      0.      0.      0.      0.      0.   0.00   0.00   1.00   0.42   0.09    100.   1534.    120.    496.    453.    476.    153.    420.    220.      0.      0.    210.     0.     0.   1.00    -85.      0.      0.      0.      0.      0.
   64  71      0.      0.      0.      0.      0.      0.   0.00   0.00   1.00   0.42   0.09    100.   1538.    120.    496.    456.    478.    154.    420.    220.      0.      0.    210.     0.     0.   1.00    -85.      0.      0.      0.      0.      0.
   74  71      0.      0.      0.      0.      0.      0.   0.00   0.00   1.00   0.42   0.09    100.   1551.    120.    496.    460.    485.    155.    419.    219.      0.      0.    210.     0.     0.   1.00    -85.      0.      0.      0.      0.      0.
   84  71      0.      0.      0.      0.      0.      0.   0.00   0.00   1.00   0.42   0.09    100.   1571.    120.    496.    469.    494.    157.    420.    220.      0.      0.    210.     0.     0.   1.00    -85.      0.      0.      0.      0.      0.
   94  71      0.      0.      0.      0.      0.      0.   0.00   0.00   1.00   0.42   0.09    100.   1574.    120.    496.    474.    494.    157.    417.    217.      0.      0.    210.     0.     0.   1.00    -85.      0.      0.      0.      0.      0.


Station=  WAGE , Soil=  2, Manage=  1, Rotat=  6 YrRot=  3 , NYear=  4 , NRot=  3 , Crop=  6, Irr.=  2, IOPT=  2,     Runof=0.10, CO2=550. , StYear=1969, StDay=  1

 Planting on day 100, 1971
 Crop emergence on day   0, 1971
 Wageningen, rotation 6, soil2, future                                           

 DAY  YEAR  WLVG    WLVD    WST    WSO     TAGB    TSUML    DVS    LAI  TRANRF  SMACT  SMACTL   RD    TRAIN   TIRR   TTRANS  TESOIL  TDRAIN  TRUNOF    WTOT   WAVT    WTOTL     WAVTL  WTOTLX  PARAB    PAR    NNI   NMINT  NMIN    NUPT     NFIX   NLIV   NLOSS  
  100  71     11.      0.     11.      0.     22.      0.   0.00   0.03   1.00   0.41   0.42     10.   1574.    120.    496.    475.    494.    157.     41.     21.    376.    196.    209.     0.     0.   1.00      0.     30.      0.      0.      2.      0.
  110  71     11.      0.     11.      0.     22.      0.   0.00   0.03   1.00   0.39   0.42     10.   1578.    120.    497.    480.    494.    158.     39.     19.    376.    196.    209.     0.    79.   1.00      0.     30.      0.      0.      2.      0.
  120  71     29.      0.     28.      0.     58.    110.   0.13   0.12   1.00   0.40   0.42     22.   1593.    120.    498.    494.    494.    159.     83.     41.    331.    172.    209.     4.   152.   1.00      7.     22.      0.      1.      3.      0.
  130  71    143.      0.    125.      0.    268.    240.   0.29   0.50   1.00   0.38   0.42     34.   1600.    120.    502.    506.    494.    160.    124.     58.    281.    146.    209.    19.   256.   1.00     13.     15.      2.      9.     13.      0.
  140  71    859.      0.    659.      0.   1517.    416.   0.50   3.40   1.00   0.41   0.42     46.   1643.    120.    518.    520.    494.    164.    182.     92.    231.    120.    209.    78.   348.   1.00     95.      8.     11.     45.     58.      0.
  150  71   1671.    133.   1353.     44.   3202.    568.   0.68   6.83   1.00   0.39   0.42     58.   1661.    120.    543.    522.    494.    166.    222.    109.    180.     94.    209.   156.   428.   1.00     91.      0.     23.     94.    118.      1.
  160  71   2118.    792.   2520.    367.   5797.    750.   0.90   8.76   1.00   0.34   0.42     70.   1661.    120.    584.    522.    494.    166.    231.     94.    130.     68.    209.   259.   532.   1.00     78.      0.     36.    143.    172.      8.
  170  71   1855.   1445.   3223.    740.   7263.    900.   1.05   7.69   1.00   0.41   0.42     82.   1721.    140.    609.    522.    494.    172.    329.    168.     80.     42.    209.   320.   593.   1.00     74.      0.     40.    160.    186.     15.
  180  71   1586.   1991.   3962.   1740.   9278.   1063.   1.17   6.59   1.00   0.41   0.42     94.   1759.    140.    638.    522.    494.    176.    385.    199.     30.     16.    209.   391.   664.   1.00     95.      0.     47.    190.    217.     21.
  190  71   1238.   2493.   4836.   4384.  12952.   1251.   1.31   5.15   1.00   0.38   0.09    100.   1761.    140.    678.    523.    494.    176.    376.    176.      0.      0.    209.   502.   776.   1.00     81.      0.     61.    243.    279.     27.
  200  71    934.   2867.   5305.   6684.  15790.   1434.   1.45   3.89   1.00   0.34   0.09    100.   1761.    140.    713.    524.    494.    176.    341.    141.      0.      0.    209.   597.   873.   1.00     81.      0.     61.    243.    275.     31.
  210  71    656.   3154.   4858.   8203.  17386.   1627.   1.59   2.73   1.00   0.36   0.09    100.   1790.    160.    736.    527.    494.    179.    360.    160.      0.      0.    209.   660.   941.   1.00     81.      0.     61.    243.    268.     38.
  220  71    447.   3362.   3973.   9554.  18742.   1834.   1.74   1.86   1.00   0.35   0.09    100.   1814.    160.    763.    533.    494.    181.    349.    149.      0.      0.    209.   729.  1023.   1.00     81.      0.     61.    243.    258.     48.
  230  71    317.   3493.   3246.  10077.  19265.   2014.   1.88   1.32   1.00   0.36   0.09    100.   1825.    180.    778.    540.    494.    182.    357.    157.      0.      0.    209.   773.  1084.   1.00     81.      0.     61.    243.    251.     55.
  240  71    227.   3582.   2707.  10386.  19574.   2191.   2.01   0.95   1.00   0.36   0.09    100.   1853.    180.    792.    552.    494.    185.    356.    156.      0.      0.    209.   815.  1155.   1.00     81.      0.     61.    243.    245.     61.
  249  71      0.      0.      0.      0.      0.      0.   0.00   0.00   1.00   0.35   0.09    100.   1858.    180.    792.    558.    494.    186.    354.    154.      0.      0.    209.     0.     0.   1.00     81.      0.      0.      0.      0.      0.
  259  71      0.      0.      0.      0.      0.      0.   0.00   0.00   1.00   0.35   0.09    100.   1859.    180.    792.    562.    494.    186.    352.    152.      0.      0.    209.     0.     0.   1.00     81.      0.      0.      0.      0.      0.
  269  71      0.      0.      0.      0.      0.      0.   0.00   0.00   1.00   0.36   0.09    100.   1870.    180.    792.    565.    494.    187.    358.    158.      0.      0.    209.     0.     0.   1.00     81.      0.      0.      0.      0.      0.
  279  71      0.      0.      0.      0.      0.      0.   0.00   0.00   1.00   0.36   0.09    100.   1876.    180.    792.    569.    494.    188.    360.    160.      0.      0.    209.     0.     0.   1.00     81.      0.      0.      0.      0.      0.
  289  71      0.      0.      0.      0.      0.      0.   0.00   0.00   1.00   0.36   0.09    100.   1879.    180.    792.    571.    494.    188.    361.    161.      0.      0.    209.     0.     0.   1.00     81.      0.      0.      0.      0.      0.
  299  71      0.      0.      0.      0.      0.      0.   0.00   0.00   1.00   0.37   0.09    100.   1899.    180.    792.    575.    494.    190.    375.    175.      0.      0.    209.     0.     0.   1.00     81.      0.      0.      0.      0.      0.
  309  71      0.      0.      0.      0.      0.      0.   0.00   0.00   1.00   0.37   0.09    100.   1899.    180.    792.    576.    494.    190.    374.    174.      0.      0.    209.     0.     0.   1.00     81.      0.      0.      0.      0.      0.
  319  71      0.      0.      0.      0.      0.      0.   0.00   0.00   1.00   0.38   0.09    100.   1910.    180.    792.    578.    494.    191.    382.    182.      0.      0.    209.     0.     0.   1.00     81.      0.      0.      0.      0.      0.
  329  71      0.      0.      0.      0.      0.      0.   0.00   0.00   1.00   0.41   0.09    100.   1946.    180.    792.    580.    494.    195.    412.    212.      0.      0.    209.     0.     0.   1.00     81.      0.      0.      0.      0.      0.
  339  71      0.      0.      0.      0.      0.      0.   0.00   0.00   1.00   0.42   0.09    100.   1958.    180.    792.    581.    495.    196.    420.    220.      0.      0.    210.     0.     0.   1.00     81.      0.      0.      0.      0.      0.
  349  71      0.      0.      0.      0.      0.      0.   0.00   0.00   1.00   0.42   0.09    100.   1964.    180.    792.    581.    500.    196.    420.    220.      0.      0.    210.     0.     0.   1.00     81.      0.      0.      0.      0.      0.
  359  71      0.      0.      0.      0.      0.      0.   0.00   0.00   1.00   0.42   0.09    100.   1985.    180.    792.    582.    519.    199.    420.    220.      0.      0.    210.     0.     0.   1.00     81.      0.      0.      0.      0.      0.
    4  72      0.      0.      0.      0.      0.      0.   0.00   0.00   1.00   0.42   0.09    100.   1987.    180.    792.    582.    520.    199.    420.    220.      0.      0.    210.     0.     0.   1.00     81.      0.      0.      0.      0.      0.
   14  72      0.      0.      0.      0.      0.      0.   0.00   0.00   1.00   0.42   0.09    100.   1992.    180.    792.    582.    524.    199.    420.    220.      0.      0.    210.     0.     0.   1.00     81.      0.      0.      0.      0.      0.
   24  72      0.      0.      0.      0.      0.      0.   0.00   0.00   1.00   0.42   0.09    100.   2006.    180.    792.    583.    536.    201.    420.    220.      0.      0.    210.     0.     0.   1.00     81.      0.      0.      0.      0.      0.
   34  72      0.      0.      0.      0.      0.      0.   0.00   0.00   1.00   0.42   0.09    100.   2020.    180.    792.    585.    546.    202.    420.    220.      0.      0.    210.     0.     0.   1.00     81.      0.      0.      0.      0.      0.
   44  72      0.      0.      0.      0.      0.      0.   0.00   0.00   1.00   0.42   0.09    100.   2041.    180.    792.    587.    563.    204.    420.    220.      0.      0.    210.     0.     0.   1.00     81.      0.      0.      0.      0.      0.
   54  72      0.      0.      0.      0.      0.      0.   0.00   0.00   1.00   0.42   0.09    100.   2046.    180.    792.    589.    566.    205.    420.    220.      0.      0.    210.     0.     0.   1.00     81.      0.      0.      0.      0.      0.
   64  72      0.      0.      0.      0.      0.      0.   0.00   0.00   1.00   0.42   0.09    100.   2051.    180.    792.    591.    569.    205.    420.    220.      0.      0.    210.     0.     0.   1.00     81.      0.      0.      0.      0.      0.
   74  72      0.      0.      0.      0.      0.      0.   0.00   0.00   1.00   0.42   0.09    100.   2062.    180.    792.    594.    577.    206.    418.    218.      0.      0.    210.     0.     0.   1.00     81.      0.      0.      0.      0.      0.
   84  72      0.      0.      0.      0.      0.      0.   0.00   0.00   1.00   0.41   0.09    100.   2062.    180.    792.    598.    577.    206.    414.    214.      0.      0.    210.     0.     0.   1.00     81.      0.      0.      0.      0.      0.
   94  72      0.      0.      0.      0.      0.      0.   0.00   0.00   1.00   0.42   0.09    100.   2102.    180.    792.    605.    600.    210.    420.    220.      0.      0.    210.     0.     0.   1.00     81.      0.      0.      0.      0.      0.


Station=  WAGE , Soil=  2, Manage=  1, Rotat=  6 YrRot=  1 , NYear=  4 , NRot=  3 , Crop=  2, Irr.=  2, IOPT=  2,     Runof=0.10, CO2=550. , StYear=1969, StDay=  1

 Planting on day 100, 1972
 Crop emergence on day   0, 1972
 Wageningen, rotation 6, soil2, future                                           

 DAY  YEAR  WLVG    WLVD    WST    WSO     TAGB    TSUML    DVS    LAI  TRANRF  SMACT  SMACTL   RD    TRAIN   TIRR   TTRANS  TESOIL  TDRAIN  TRUNOF    WTOT   WAVT    WTOTL     WAVTL  WTOTLX  PARAB    PAR    NNI   NMINT  NMIN    NUPT     NFIX   NLIV   NLOSS  
  100  72      0.      0.      0.      0.      0.      0.   0.00   0.00   1.00   0.42   0.42     10.   2138.    180.    792.    612.    625.    214.     42.     22.    462.    242.    126.     0.     0.   1.00      0.     30.      0.      0.      0.      0.
  110  72      0.      0.      0.      0.      0.      0.   0.00   0.00   1.00   0.39   0.42     10.   2169.    180.    792.    626.    641.    217.     39.     19.    462.    242.    126.     0.    61.   1.00      0.     30.      0.      0.      0.      0.
  116  72      0.      0.      0.      0.      0.      0.   0.00   0.00   1.00   0.35   0.42     10.   2176.    180.    792.    635.    643.    218.     35.     15.    462.    242.    126.     0.   108.   1.00      0.     30.      0.      0.      0.      0.
  120  72      0.      0.      0.      0.      1.     16.   0.02   0.00   1.00   0.34   0.42     15.   2178.    180.    792.    640.    643.    218.     47.     19.    447.    234.    126.     0.   137.   1.00      3.     27.      0.      0.      0.      0.
  130  72      3.      0.      1.      0.      3.    131.   0.20   0.01   1.00   0.36   0.42     27.   2189.    180.    792.    654.    643.    219.     93.     42.    396.    208.    126.     0.   213.   1.00     10.     20.      0.      0.      0.      0.
  140  72      7.      0.      2.      0.     10.    213.   0.33   0.02   1.00   0.42   0.42     39.   2247.    180.    793.    673.    661.    225.    158.     83.    346.    181.    126.     0.   264.   1.00    102.     12.      0.      0.      0.      0.
  150  72     48.      0.     19.      0.     67.    335.   0.52   0.10   1.00   0.42   0.42     51.   2276.    180.    793.    698.    662.    228.    208.    109.    296.    155.    126.     3.   354.   1.00    107.      4.      3.      0.      3.      0.
  160  72    188.      0.    100.      0.    288.    458.   0.70   0.38   1.00   0.42   0.42     63.   2299.    180.    796.    719.    663.    230.    256.    132.    245.    128.    126.    12.   425.   1.00    103.      0.     11.      0.     11.      0.
  170  72    822.      0.    580.      0.   1402.    572.   0.88   1.64   1.00   0.41   0.42     75.   2315.    200.    805.    740.    669.    232.    304.    157.    195.    102.    126.    52.   521.   1.00     65.      0.     49.      0.     49.      0.
  180  72   1667.      0.   1387.     55.   3108.    709.   1.05   3.33   1.00   0.41   0.42     87.   2356.    200.    826.    749.    681.    236.    350.    178.    144.     76.    126.   111.   595.   1.00     32.      0.    110.      0.    110.      0.
  190  72   2341.     22.   2114.    589.   5067.    852.   1.15   4.68   1.00   0.41   0.42     99.   2386.    200.    849.    753.    685.    239.    396.    201.     94.     49.    126.   171.   660.   1.00    -23.      0.    165.      0.    164.      1.
  200  72   2797.    235.   2899.   2568.   8499.    997.   1.26   5.59   1.00   0.39   0.42    111.   2397.    200.    881.    754.    685.    240.    423.    204.     44.     23.    126.   269.   760.   1.00    -80.      0.    222.      0.    216.      6.
  210  72   2287.    924.   3194.   4540.  10944.   1164.   1.37   4.57   1.00   0.42   0.00    120.   2462.    220.    910.    756.    695.    246.    504.    264.      0.      0.    126.   340.   833.   1.00   -107.      0.    249.      0.    227.     22.
  220  72   1708.   1614.   3416.   6424.  13162.   1317.   1.48   3.42   1.00   0.40   0.00    120.   2471.    220.    932.    758.    697.    247.    485.    245.      0.      0.    126.   404.   902.   1.00   -122.      0.    264.      0.    226.     39.
  230  72   1286.   2149.   3114.   8362.  15440.   1475.   1.60   2.57   1.00   0.41   0.00    120.   2498.    240.    954.    763.    707.    250.    493.    253.      0.      0.    126.   473.   980.   1.00   -127.      0.    269.      0.    206.     63.
  240  72   1015.   2507.   2686.   9852.  17174.   1602.   1.69   2.03   1.00   0.41   0.00    120.   2519.    240.    969.    768.    707.    252.    492.    252.      0.      0.    126.   525.  1046.   1.00   -127.      0.    269.      0.    185.     84.
  250  72    827.   2793.   2333.  11571.  19145.   1730.   1.78   1.65   1.00   0.40   0.00    120.   2519.    240.    984.    771.    707.    252.    474.    234.      0.      0.    126.   586.  1131.   1.00   -127.      0.    269.      0.    167.    102.
  260  72    658.   3013.   1966.  12465.  20154.   1851.   1.87   1.32   1.00   0.41   0.00    120.   2554.    240.    992.    777.    707.    255.    491.    251.      0.      0.    126.   618.  1180.   1.00   -127.      0.    269.      0.    152.    116.
  270  72    567.   3161.   1661.  13475.  21281.   1941.   1.93   1.13   1.00   0.41   0.00    120.   2563.    240.    997.    781.    707.    256.    491.    251.      0.      0.    126.   653.  1241.   1.00   -127.      0.    269.      0.    141.    128.
  280  72    484.   3284.   1394.  14193.  22079.   2028.   1.99   0.97   1.00   0.40   0.00    120.   2564.    240.   1002.    783.    707.    256.    484.    244.      0.      0.    126.   678.  1291.   1.00   -127.      0.    269.      0.    132.    137.
  283  72    465.   3311.   1348.  14351.  22255.   2050.   2.01   0.93   1.00   0.40   0.00    120.   2564.    240.   1004.    784.    707.    256.    482.    242.      0.      0.    126.   684.  1302.   1.00   -127.      0.    269.      0.    130.    139.
  289  72      0.      0.      0.      0.      0.      0.   0.00   0.00   1.00   0.40   0.00    120.   2564.    240.   1004.    784.    707.    256.    482.    242.      0.      0.    126.     0.     0.   1.00   -127.      0.      0.      0.      0.      0.
  299  72      0.      0.      0.      0.      0.      0.   0.00   0.00   1.00   0.41   0.00    120.   2580.    240.   1004.    786.    707.    258.    494.    254.      0.      0.    126.     0.     0.   1.00   -127.      0.      0.      0.      0.      0.
  309  72      0.      0.      0.      0.      0.      0.   0.00   0.00   1.00   0.42   0.00    120.   2588.    240.   1004.    788.    707.    259.    499.    259.      0.      0.    126.     0.     0.   1.00   -127.      0.      0.      0.      0.      0.
  319  72      0.      0.      0.      0.      0.      0.   0.00   0.00   1.00   0.42   0.00    120.   2633.    240.   1004.    791.    740.    263.    504.    264.      0.      0.    126.     0.     0.   1.00   -127.      0.      0.      0.      0.      0.
  329  72      0.      0.      0.      0.      0.      0.   0.00   0.00   1.00   0.42   0.00    120.   2663.    240.   1004.    793.    765.    266.    504.    264.      0.      0.    126.     0.     0.   1.00   -127.      0.      0.      0.      0.      0.
  339  72      0.      0.      0.      0.      0.      0.   0.00   0.00   1.00   0.42   0.00    120.   2666.    240.   1004.    793.    767.    267.    504.    264.      0.      0.    126.     0.     0.   1.00   -127.      0.      0.      0.      0.      0.
  349  72      0.      0.      0.      0.      0.      0.   0.00   0.00   1.00   0.42   0.00    120.   2685.    240.   1004.    795.    782.    269.    504.    264.      0.      0.    126.     0.     0.   1.00   -127.      0.      0.      0.      0.      0.
  359  72      0.      0.      0.      0.      0.      0.   0.00   0.00   1.00   0.42   0.00    120.   2685.    240.   1004.    795.    782.    269.    504.    264.      0.      0.    126.     0.     0.   1.00   -127.      0.      0.      0.      0.      0.
    1  73      0.      0.      0.      0.      0.      0.   0.00   0.00   1.00   0.42   0.00    120.   2685.    240.   1004.    796.    782.    269.    503.    263.      0.      0.    126.     0.     0.   1.00   -127.      0.      0.      0.      0.      0.


DATA-FILE  WARO1PTS.OUT


Name of run: WARO6


Station=  WAGE , Soil=  2, Manage=  2, Rotat=  7 YrRot=  1 , NYear=  4 , NRot=  3 , Crop=  2, Irr.=  0, IOPT=  3,     Runof=0.10, CO2=550. , StYear=1969, StDay=  1

 DAY  YEAR  WLVG    WLVD    WST    WSO     TAGB    TSUML    DVS    LAI  TRANRF  SMACT  SMACTL   RD    TRAIN   TIRR   TTRANS  TESOIL  TDRAIN  TRUNOF    WTOT   WAVT    WTOTL      WAVTL WTOTLX  PARAB    PAR    NNI   NMINT  NMIN    NUPT       NFIX   NLIV   NLOSS  
    1  69      0.      0.      0.      0.      0.      0.   0.00   0.00   1.00   0.37   0.37     10.   2685.    240.   1004.    796.    782.    269.    503.    263.      0.      0.    126.     0.     0.   1.00   -127.      0.      0.      0.      0.      0.
    3  69      0.      0.      0.      0.      0.      0.   0.00   0.00   1.00   0.40   0.37     10.      3.      0.      0.      0.      0.      0.     40.     20.    407.    187.    111.     0.     0.   1.00   -127.      0.      0.      0.      0.      0.
   13  69      0.      0.      0.      0.      0.      0.   0.00   0.00   1.00   0.40   0.37     10.      5.      0.      0.      1.      0.      0.     40.     20.    407.    187.    111.     0.     0.   1.00   -127.      0.      0.      0.      0.      0.
   23  69      0.      0.      0.      0.      0.      0.   0.00   0.00   1.00   0.42   0.39     10.     28.      0.      0.      3.      0.      3.     42.     22.    424.    204.    111.     0.     0.   1.00   -127.      0.      0.      0.      0.      0.
   33  69      0.      0.      0.      0.      0.      0.   0.00   0.00   1.00   0.42   0.39     10.     37.      0.      0.      6.      0.      4.     42.     22.    430.    210.    111.     0.     0.   1.00   -127.      0.      0.      0.      0.      0.
   43  69      0.      0.      0.      0.      0.      0.   0.00   0.00   1.00   0.42   0.40     10.     58.      0.      0.      9.      0.      6.     42.     22.    445.    225.    111.     0.     0.   1.00   -127.      0.      0.      0.      0.      0.
   53  69      0.      0.      0.      0.      0.      0.   0.00   0.00   1.00   0.42   0.42     10.     79.      0.      0.     10.      0.      8.     42.     22.    462.    242.    111.     0.     0.   1.00   -127.      0.      0.      0.      0.      0.
   63  69      0.      0.      0.      0.      0.      0.   0.00   0.00   1.00   0.40   0.42     10.     80.      0.      0.     13.      0.      8.     40.     20.    462.    242.    111.     0.     0.   1.00   -127.      0.      0.      0.      0.      0.
   73  69      0.      0.      0.      0.      0.      0.   0.00   0.00   1.00   0.42   0.42     10.    108.      0.      0.     17.      6.     11.     42.     22.    462.    242.    126.     0.     0.   1.00   -127.      0.      0.      0.      0.      0.
   83  69      0.      0.      0.      0.      0.      0.   0.00   0.00   1.00   0.39   0.42     10.    120.      0.      0.     24.     12.     12.     39.     19.    462.    242.    126.     0.     0.   1.00   -127.      0.      0.      0.      0.      0.
   93  69      0.      0.      0.      0.      0.      0.   0.00   0.00   1.00   0.40   0.42     10.    138.      0.      0.     30.     21.     14.     40.     20.    462.    242.    126.     0.     0.   1.00   -127.      0.      0.      0.      0.      0.


Station=  WAGE , Soil=  2, Manage=  2, Rotat=  7 YrRot=  1 , NYear=  4 , NRot=  3 , Crop=  2, Irr.=  0, IOPT=  3,     Runof=0.10, CO2=550. , StYear=1969, StDay=  1

 Planting on day 100, 1969
 Crop emergence on day   0, 1969
 Wageningen, rotation 7, soil2, future                                           

 DAY  YEAR  WLVG    WLVD    WST    WSO     TAGB    TSUML    DVS    LAI  TRANRF  SMACT  SMACTL   RD    TRAIN   TIRR   TTRANS  TESOIL  TDRAIN  TRUNOF    WTOT   WAVT    WTOTL     WAVTL  WTOTLX  PARAB    PAR    NNI   NMINT  NMIN    NUPT     NFIX   NLIV   NLOSS  
  100  69      0.      0.      0.      0.      0.      0.   0.00   0.00   1.00   0.31   0.42     10.    138.      0.      0.     39.     21.     14.     31.     11.    462.    242.    126.     0.     0.   0.00      0.     30.      0.      0.      0.      0.
  110  69      0.      0.      0.      0.      0.      0.   0.00   0.00   1.00   0.39   0.42     10.    184.      0.      0.     59.     35.     18.     39.     19.    462.    242.    126.     0.    60.   0.00      0.     30.      0.      0.      0.      0.
  116  69      0.      0.      0.      0.      0.      0.   0.00   0.00   1.00   0.39   0.42     10.    204.      0.      0.     69.     43.     20.     39.     19.    462.    242.    126.     0.    98.   1.00      0.     30.      0.      0.      0.      0.
  120  69      1.      0.      0.      0.      1.     36.   0.05   0.00   1.00   0.38   0.42     15.    212.      0.      0.     76.     46.     21.     51.     24.    447.    234.    126.     0.   131.   0.76      3.     27.      0.      0.      0.      0.
  130  69      2.      0.      1.      0.      3.    148.   0.23   0.01   1.00   0.37   0.42     27.    218.      0.      0.     90.     46.     22.     94.     42.    396.    208.    126.     0.   203.   0.64     10.     20.      0.      0.      0.      0.
  140  69      6.      0.      4.      0.     10.    273.   0.42   0.01   1.00   0.40   0.42     39.    257.      0.      0.    118.     46.     26.    151.     76.    346.    181.    126.     1.   271.   0.89    130.     12.      0.      0.      0.      0.
  150  69     19.      2.     17.      0.     38.    391.   0.60   0.04   1.00   0.39   0.42     51.    275.      0.      0.    141.     46.     28.    193.     94.    296.    155.    126.     2.   357.   0.72    136.      4.      1.      0.      1.      0.
  160  69     53.      5.     56.      0.    114.    500.   0.77   0.10   1.00   0.40   0.42     63.    316.      0.      1.    166.     55.     32.    246.    123.    245.    128.    126.     5.   434.   0.63    138.      0.      4.      0.      4.      0.
  170  69    166.     19.    244.      0.    429.    668.   1.01   0.29   1.00   0.38   0.42     75.    331.      0.      5.    191.     55.     33.    281.    133.    195.    102.    126.    17.   552.   0.89    183.      0.     15.      0.     14.      0.
  180  69    340.     40.    519.     98.    998.    809.   1.11   0.61   1.00   0.37   0.42     87.    346.      0.     11.    211.     55.     35.    319.    148.    144.     76.    126.    36.   628.   0.80    168.      0.     30.      0.     29.      1.
  190  69    566.     75.    905.    663.   2208.    961.   1.22   1.03   1.00   0.37   0.42     99.    365.      0.     22.    226.     55.     37.    361.    166.     94.     49.    126.    72.   713.   0.90    145.      0.     53.      0.     52.      2.
  200  69    631.    147.   1134.   1833.   3744.   1108.   1.33   1.16   1.00   0.36   0.42    111.    376.      0.     36.    238.     55.     38.    395.    176.     44.     23.    126.   116.   794.   0.93    127.      0.     71.      0.     68.      4.
  210  69    466.    387.   1300.   3205.   5358.   1286.   1.46   0.86   0.86   0.35   0.00    120.    389.      0.     53.    251.     55.     39.    421.    181.      0.      0.    126.   164.   887.   0.92    111.      0.     87.      0.     78.      9.
  220  69    322.    582.   1269.   4209.   6540.   1463.   1.58   0.60   0.87   0.34   0.00    120.    406.      0.     68.    270.     55.     41.    402.    162.      0.      0.    126.   203.   985.   0.55    105.      0.     93.      0.     76.     17.
  230  69    163.    754.   1083.   4602.   6998.   1637.   1.71   0.32   1.00   0.33   0.00    120.    436.      0.     78.    294.     55.     44.    395.    155.      0.      0.    126.   226.  1067.   0.22    105.      0.     93.      0.     67.     26.
  240  69     76.    843.    891.   4658.   7063.   1776.   1.81   0.18   1.00   0.37   0.00    120.    512.      0.     81.    316.     55.     51.    439.    199.      0.      0.    126.   235.  1122.   0.09    105.      0.     93.      0.     61.     32.
  250  69     34.    885.    729.   4666.   7072.   1910.   1.90   0.10   1.00   0.36   0.00    120.    518.      0.     82.    328.     55.     52.    431.    191.      0.      0.    126.   241.  1187.   0.04    105.      0.     93.      0.     57.     37.
  256  69     20.    899.    646.   4666.   7072.   2007.   1.97   0.07   1.00   0.35   0.00    120.    518.      0.     83.    332.     55.     52.    426.    186.      0.      0.    126.   244.  1229.   0.03    105.      0.     93.      0.     54.     39.
  256  69      0.      0.      0.      0.      0.      0.   0.00   0.00   1.00   0.35   0.00    120.    518.      0.     83.    333.     55.     52.    425.    185.      0.      0.    126.     0.     0.   1.00    105.      0.      0.      0.      0.      0.
  258  69      0.      0.      0.      0.      0.      0.   0.00   0.00   1.00   0.35   0.00    120.    518.      0.     83.    335.     55.     52.    423.    183.      0.      0.    126.     0.     0.   1.00    105.      0.      0.      0.      0.      0.
  268  69      0.      0.      0.      0.      0.      0.   0.00   0.00   1.00   0.35   0.00    120.    524.      0.     83.    341.     55.     52.    421.    181.      0.      0.    126.     0.     0.   1.00    105.      0.      0.      0.      0.      0.
  278  69      0.      0.      0.      0.      0.      0.   0.00   0.00   1.00   0.35   0.00    120.    531.      0.     83.    349.     55.     53.    420.    180.      0.      0.    126.     0.     0.   1.00    105.      0.      0.      0.      0.      0.
  288  69      0.      0.      0.      0.      0.      0.   0.00   0.00   1.00   0.35   0.00    120.    532.      0.     83.    351.     55.     53.    418.    178.      0.      0.    126.     0.     0.   1.00    105.      0.      0.      0.      0.      0.
  298  69      0.      0.      0.      0.      0.      0.   0.00   0.00   1.00   0.35   0.00    120.    544.      0.     83.    358.     55.     54.    423.    183.      0.      0.    126.     0.     0.   1.00    105.      0.      0.      0.      0.      0.
  308  69      0.      0.      0.      0.      0.      0.   0.00   0.00   1.00   0.35   0.00    120.    546.      0.     83.    362.     55.     55.    420.    180.      0.      0.    126.     0.     0.   1.00    105.      0.      0.      0.      0.      0.
  318  69      0.      0.      0.      0.      0.      0.   0.00   0.00   1.00   0.38   0.00    120.    592.      0.     83.    371.     55.     59.    453.    213.      0.      0.    126.     0.     0.   1.00    105.      0.      0.      0.      0.      0.
  328  69      0.      0.      0.      0.      0.      0.   0.00   0.00   1.00   0.38   0.00    120.    598.      0.     83.    375.     55.     60.    455.    215.      0.      0.    126.     0.     0.   1.00    105.      0.      0.      0.      0.      0.
  338  69      0.      0.      0.      0.      0.      0.   0.00   0.00   1.00   0.39   0.00    120.    611.      0.     83.    375.     55.     61.    466.    226.      0.      0.    126.     0.     0.   1.00    105.      0.      0.      0.      0.      0.
  348  69      0.      0.      0.      0.      0.      0.   0.00   0.00   1.00   0.39   0.00    120.    615.      0.     83.    375.     55.     62.    470.    230.      0.      0.    126.     0.     0.   1.00    105.      0.      0.      0.      0.      0.
  358  69      0.      0.      0.      0.      0.      0.   0.00   0.00   1.00   0.41   0.00    120.    640.      0.     83.    377.     55.     64.    490.    250.      0.      0.    126.     0.     0.   1.00    105.      0.      0.      0.      0.      0.
    3  70      0.      0.      0.      0.      0.      0.   0.00   0.00   1.00   0.41   0.00    120.    647.      0.     83.    377.     55.     65.    496.    256.      0.      0.    126.     0.     0.   1.00    105.      0.      0.      0.      0.      0.
   13  70      0.      0.      0.      0.      0.      0.   0.00   0.00   1.00   0.42   0.00    120.    658.      0.     83.    379.     55.     66.    504.    264.      0.      0.    126.     0.     0.   1.00    105.      0.      0.      0.      0.      0.
   23  70      0.      0.      0.      0.      0.      0.   0.00   0.00   1.00   0.42   0.00    120.    665.      0.     83.    380.     61.     67.    504.    264.      0.      0.    126.     0.     0.   1.00    105.      0.      0.      0.      0.      0.
   33  70      0.      0.      0.      0.      0.      0.   0.00   0.00   1.00   0.42   0.00    120.    690.      0.     83.    381.     82.     69.    504.    264.      0.      0.    126.     0.     0.   1.00    105.      0.      0.      0.      0.      0.
   43  70      0.      0.      0.      0.      0.      0.   0.00   0.00   1.00   0.42   0.00    120.    725.      0.     83.    384.    110.     72.    504.    264.      0.      0.    126.     0.     0.   1.00    105.      0.      0.      0.      0.      0.
   53  70      0.      0.      0.      0.      0.      0.   0.00   0.00   1.00   0.42   0.00    120.    766.      0.     83.    387.    144.     77.    504.    264.      0.      0.    126.     0.     0.   1.00    105.      0.      0.      0.      0.      0.
   63  70      0.      0.      0.      0.      0.      0.   0.00   0.00   1.00   0.42   0.00    120.    795.      0.     83.    392.    165.     80.    504.    264.      0.      0.    126.     0.     0.   1.00    105.      0.      0.      0.      0.      0.
   73  70      0.      0.      0.      0.      0.      0.   0.00   0.00   1.00   0.42   0.00    120.    799.      0.     83.    396.    167.     80.    503.    263.      0.      0.    126.     0.     0.   1.00    105.      0.      0.      0.      0.      0.
   83  70      0.      0.      0.      0.      0.      0.   0.00   0.00   1.00   0.42   0.00    120.    822.      0.     83.    401.    180.     82.    504.    264.      0.      0.    126.     0.     0.   1.00    105.      0.      0.      0.      0.      0.
   93  70      0.      0.      0.      0.      0.      0.   0.00   0.00   1.00   0.42   0.00    120.    853.      0.     83.    412.    198.     85.    503.    263.      0.      0.    126.     0.     0.   1.00    105.      0.      0.      0.      0.      0.
  103  70      0.      0.      0.      0.      0.      0.   0.00   0.00   1.00   0.42   0.00    120.    892.      0.     83.    425.    220.     89.    504.    264.      0.      0.    126.     0.     0.   1.00    105.      0.      0.      0.      0.      0.
  113  70      0.      0.      0.      0.      0.      0.   0.00   0.00   1.00   0.42   0.00    120.    901.      0.     83.    436.    220.     90.    501.    261.      0.      0.    126.     0.     0.   1.00    105.      0.      0.      0.      0.      0.
  116  70      0.      0.      0.      0.      0.      0.   0.00   0.00   1.00   0.42   0.00    120.    915.      0.     83.    442.    223.     91.    504.    264.      0.      0.    126.     0.     0.   1.00    105.      0.      0.      0.      0.      0.


Station=  WAGE , Soil=  2, Manage=  2, Rotat=  7 YrRot=  2 , NYear=  4 , NRot=  3 , Crop=  3, Irr.=  0, IOPT=  3,     Runof=0.10, CO2=550. , StYear=1969, StDay=  1

 Planting on day 120, 1970
 Crop emergence on day   0, 1970
 Wageningen, rotation 7, soil2, future                                           

 DAY  YEAR  WLVG    WLVD    WST    WSO     TAGB    TSUML    DVS    LAI  TRANRF  SMACT  SMACTL   RD    TRAIN   TIRR   TTRANS  TESOIL  TDRAIN  TRUNOF    WTOT   WAVT    WTOTL     WAVTL  WTOTLX  PARAB    PAR    NNI   NMINT  NMIN    NUPT     NFIX   NLIV   NLOSS  
  120  70     19.      0.     11.      0.     30.      0.   0.00   0.05   1.00   0.41   0.42     10.    929.      0.     83.    451.    229.     93.     41.     21.    378.    198.    210.     0.     0.   0.00      0.     30.      0.      0.      2.      0.
  130  70     19.      0.     11.      0.     30.      0.   0.00   0.05   1.00   0.32   0.42     10.    935.      0.     84.    465.    229.     94.     32.     12.    378.    198.    210.     0.    84.   0.00      0.     30.      0.      0.      2.      0.
  131  70     19.      0.     11.      0.     30.      0.   0.00   0.05   1.00   0.31   0.42     10.    935.      0.     84.    465.    229.     94.     31.     11.    378.    198.    210.     0.    91.   1.00      0.     30.      0.      0.      2.      0.
  140  70     65.      2.     52.      0.    119.     89.   0.13   0.19   1.00   0.34   0.42     21.    942.      0.     85.    475.    229.     94.     66.     27.    338.    177.    210.     4.   163.   0.93    114.     23.      4.      0.      6.      0.
  150  70    201.      9.    165.      0.    375.    166.   0.24   0.46   1.00   0.35   0.42     33.    950.      0.     88.    487.    229.     95.    110.     46.    287.    150.    210.    16.   243.   0.92    111.     16.     15.      0.     17.      0.
  160  70    728.     30.    640.      0.   1399.    283.   0.41   1.46   1.00   0.32   0.42     45.    951.      0.    101.    494.    229.     95.    141.     54.    237.    124.    210.    58.   355.   0.85     88.      8.     46.      0.     48.      0.
  170  70   1816.     94.   2159.      0.   4069.    415.   0.60   3.22   1.00   0.29   0.42     57.    960.      0.    127.    504.    229.     96.    162.     51.    186.     98.    210.   144.   473.   0.91     86.      1.    111.      0.    113.      0.
  180  70   2707.    174.   4426.      0.   7307.    560.   0.81   4.41   1.00   0.27   0.42     69.    968.      0.    158.    508.    229.     97.    185.     50.    136.     71.    210.   228.   567.   1.00     41.      0.    157.      0.    158.      1.
  190  70   3007.    281.   6537.      9.   9833.    683.   0.98   4.73   1.00   0.31   0.42     81.   1018.      0.    185.    511.    229.    102.    250.     91.     86.     45.    210.   289.   632.   1.00     33.      0.    165.      0.    166.      1.
  200  70   2528.   1129.   8303.   1028.  12988.    799.   1.12   3.86   1.00   0.35   0.42     93.   1071.      0.    212.    514.    229.    107.    319.    136.     35.     18.    210.   360.   708.   1.00     17.      0.    181.      0.    177.      6.
  210  70   1846.   1868.   8533.   3020.  15268.    914.   1.26   2.80   1.00   0.35   0.09    100.   1100.      0.    233.    520.    229.    110.    354.    154.      0.      0.    210.   410.   767.   1.00      8.      0.    190.      0.    182.     10.
  220  70   1249.   2465.   8533.   6135.  18383.   1067.   1.43   1.90   1.00   0.33   0.09    100.   1107.      0.    255.    525.    229.    111.    333.    133.      0.      0.    210.   479.   857.   1.00      5.      0.    193.      0.    182.     13.
  230  70    845.   2870.   7713.   7854.  20101.   1185.   1.57   1.30   1.00   0.33   0.09    100.   1130.      0.    268.    534.    229.    113.    331.    131.      0.      0.    210.   521.   925.   0.78      5.      0.    193.      0.    177.     18.
  240  70    504.   3211.   6302.   8932.  21179.   1305.   1.71   0.82   1.00   0.32   0.09    100.   1139.      0.    278.    544.    229.    114.    319.    119.      0.      0.    210.   554.   996.   0.55      5.      0.    193.      0.    170.     25.
  250  70    267.   3448.   5149.   9433.  21681.   1418.   1.84   0.51   1.00   0.31   0.09    100.   1142.      0.    285.    552.    229.    114.    307.    107.      0.      0.    210.   578.  1066.   0.29      5.      0.    193.      0.    165.     30.
  260  70    127.   3588.   4207.   9501.  21749.   1526.   1.97   0.31   1.00   0.35   0.09    100.   1216.      0.    289.    568.    229.    122.    354.    154.      0.      0.    210.   587.  1107.   0.13      5.      0.    193.      0.    161.     34.
  264  70    100.   3615.   3960.   9508.  21756.   1558.   2.00   0.27   1.00   0.35   0.09    100.   1216.      0.    290.    571.    229.    122.    350.    150.      0.      0.    210.   590.  1125.   0.11      5.      0.    193.      0.    160.     35.
  269  70      0.      0.      0.      0.      0.      0.   0.00   0.00   1.00   0.35   0.09    100.   1216.      0.    290.    573.    229.    122.    348.    148.      0.      0.    210.     0.     0.   1.00      5.      0.      0.      0.      0.      0.
  279  70      0.      0.      0.      0.      0.      0.   0.00   0.00   1.00   0.37   0.09    100.   1250.      0.    290.    583.    229.    125.    368.    168.      0.      0.    210.     0.     0.   1.00      5.      0.      0.      0.      0.      0.
  289  70      0.      0.      0.      0.      0.      0.   0.00   0.00   1.00   0.37   0.09    100.   1253.      0.    290.    587.    229.    125.    367.    167.      0.      0.    210.     0.     0.   1.00      5.      0.      0.      0.      0.      0.
  299  70      0.      0.      0.      0.      0.      0.   0.00   0.00   1.00   0.39   0.09    100.   1285.      0.    290.    591.    229.    128.    391.    191.      0.      0.    210.     0.     0.   1.00      5.      0.      0.      0.      0.      0.
  309  70      0.      0.      0.      0.      0.      0.   0.00   0.00   1.00   0.42   0.09    100.   1348.      0.    290.    598.    250.    135.    420.    220.      0.      0.    210.     0.     0.   1.00      5.      0.      0.      0.      0.      0.
  319  70      0.      0.      0.      0.      0.      0.   0.00   0.00   1.00   0.42   0.09    100.   1361.      0.    290.    603.    257.    136.    420.    220.      0.      0.    210.     0.     0.   1.00      5.      0.      0.      0.      0.      0.
  329  70      0.      0.      0.      0.      0.      0.   0.00   0.00   1.00   0.42   0.09    100.   1384.      0.    290.    607.    273.    138.    420.    220.      0.      0.    210.     0.     0.   1.00      5.      0.      0.      0.      0.      0.
  339  70      0.      0.      0.      0.      0.      0.   0.00   0.00   1.00   0.42   0.09    100.   1422.      0.    290.    609.    306.    142.    420.    220.      0.      0.    210.     0.     0.   1.00      5.      0.      0.      0.      0.      0.
  349  70      0.      0.      0.      0.      0.      0.   0.00   0.00   1.00   0.42   0.09    100.   1431.      0.    290.    610.    313.    143.    420.    220.      0.      0.    210.     0.     0.   1.00      5.      0.      0.      0.      0.      0.
  359  70      0.      0.      0.      0.      0.      0.   0.00   0.00   1.00   0.42   0.09    100.   1436.      0.    290.    610.    317.    144.    420.    220.      0.      0.    210.     0.     0.   1.00      5.      0.      0.      0.      0.      0.
    4  71      0.      0.      0.      0.      0.      0.   0.00   0.00   1.00   0.42   0.09    100.   1442.      0.    290.    610.    323.    144.    420.    220.      0.      0.    210.     0.     0.   1.00      5.      0.      0.      0.      0.      0.
   14  71      0.      0.      0.      0.      0.      0.   0.00   0.00   1.00   0.42   0.09    100.   1444.      0.    290.    610.    324.    144.    420.    220.      0.      0.    210.     0.     0.   1.00      5.      0.      0.      0.      0.      0.
   24  71      0.      0.      0.      0.      0.      0.   0.00   0.00   1.00   0.42   0.09    100.   1469.      0.    290.    612.    345.    147.    420.    220.      0.      0.    210.     0.     0.   1.00      5.      0.      0.      0.      0.      0.
   34  71      0.      0.      0.      0.      0.      0.   0.00   0.00   1.00   0.42   0.09    100.   1502.      0.    290.    616.    371.    150.    420.    220.      0.      0.    210.     0.     0.   1.00      5.      0.      0.      0.      0.      0.
   44  71      0.      0.      0.      0.      0.      0.   0.00   0.00   1.00   0.42   0.09    100.   1509.      0.    290.    618.    376.    151.    420.    220.      0.      0.    210.     0.     0.   1.00      5.      0.      0.      0.      0.      0.
   54  71      0.      0.      0.      0.      0.      0.   0.00   0.00   1.00   0.42   0.09    100.   1532.      0.    290.    621.    394.    153.    420.    220.      0.      0.    210.     0.     0.   1.00      5.      0.      0.      0.      0.      0.
   64  71      0.      0.      0.      0.      0.      0.   0.00   0.00   1.00   0.42   0.09    100.   1537.      0.    290.    623.    396.    154.    420.    220.      0.      0.    210.     0.     0.   1.00      5.      0.      0.      0.      0.      0.
   74  71      0.      0.      0.      0.      0.      0.   0.00   0.00   1.00   0.42   0.09    100.   1550.      0.    290.    629.    403.    155.    419.    219.      0.      0.    210.     0.     0.   1.00      5.      0.      0.      0.      0.      0.
   84  71      0.      0.      0.      0.      0.      0.   0.00   0.00   1.00   0.42   0.09    100.   1570.      0.    290.    638.    410.    157.    420.    220.      0.      0.    210.     0.     0.   1.00      5.      0.      0.      0.      0.      0.
   94  71      0.      0.      0.      0.      0.      0.   0.00   0.00   1.00   0.42   0.09    100.   1573.      0.    290.    644.    410.    157.    417.    217.      0.      0.    210.     0.     0.   1.00      5.      0.      0.      0.      0.      0.


Station=  WAGE , Soil=  2, Manage=  2, Rotat=  7 YrRot=  3 , NYear=  4 , NRot=  3 , Crop=  6, Irr.=  0, IOPT=  3,     Runof=0.10, CO2=550. , StYear=1969, StDay=  1

 Planting on day 100, 1971
 Crop emergence on day   0, 1971
 Wageningen, rotation 7, soil2, future                                           

 DAY  YEAR  WLVG    WLVD    WST    WSO     TAGB    TSUML    DVS    LAI  TRANRF  SMACT  SMACTL   RD    TRAIN   TIRR   TTRANS  TESOIL  TDRAIN  TRUNOF    WTOT   WAVT    WTOTL     WAVTL  WTOTLX  PARAB    PAR    NNI   NMINT  NMIN    NUPT     NFIX   NLIV   NLOSS  
  100  71     11.      0.     11.      0.     22.      0.   0.00   0.03   1.00   0.41   0.42     10.   1573.      0.    290.    645.    410.    157.     41.     21.    376.    196.    209.     0.     0.   0.00      0.     30.      0.      0.      2.      0.
  110  71     11.      0.     11.      0.     22.      0.   0.00   0.03   1.00   0.39   0.42     10.   1577.      0.    291.    650.    410.    158.     39.     19.    376.    196.    209.     0.    79.   1.00      0.     30.      0.      0.      2.      0.
  120  71     27.      1.     28.      0.     55.    110.   0.13   0.10   1.00   0.40   0.42     22.   1592.      0.    292.    665.    410.    159.     83.     41.    331.    172.    209.     4.   152.   0.88      7.     22.      0.      1.      3.      0.
  130  71     97.      5.    115.      0.    216.    240.   0.29   0.32   1.00   0.38   0.42     34.   1599.      0.    295.    677.    410.    160.    124.     58.    280.    146.    209.    16.   256.   0.93     13.     15.      2.      7.     10.      0.
  140  71    487.     26.    550.      0.   1062.    416.   0.50   1.78   1.00   0.41   0.42     46.   1642.      0.    305.    696.    410.    164.    183.     93.    230.    120.    209.    57.   348.   0.84    127.      8.      7.     30.     38.      0.
  150  71   1194.     71.   1255.     42.   2562.    568.   0.68   4.60   1.00   0.39   0.42     58.   1660.      0.    326.    700.    410.    166.    224.    111.    180.     94.    209.   128.   428.   0.87    124.      0.     18.     71.     89.      1.
  160  71   1846.    413.   2493.    360.   5112.    750.   0.90   7.26   1.00   0.34   0.42     70.   1660.      0.    366.    700.    410.    166.    234.     96.    130.     68.    209.   231.   532.   0.97    111.      0.     31.    125.    153.      4.
  170  71   1736.    902.   3204.    732.   6574.    900.   1.05   6.89   1.00   0.39   0.42     82.   1720.      0.    391.    701.    410.    172.    312.    150.     80.     42.    209.   291.   593.   0.97    161.      0.     37.    147.    175.     10.
  180  71   1464.   1440.   3949.   1727.   8580.   1063.   1.17   5.84   1.00   0.40   0.42     94.   1758.      0.    420.    701.    410.    176.    368.    182.     30.     16.    209.   362.   664.   0.96    154.      0.     44.    176.    206.     15.
  190  71   1104.   1943.   4822.   4336.  12205.   1251.   1.31   4.41   1.00   0.36   0.09    100.   1760.      0.    459.    702.    410.    176.    359.    159.      0.      0.    209.   472.   776.   0.90    141.      0.     57.    229.    267.     21.
  200  71    659.   2431.   5222.   6169.  14480.   1434.   1.45   2.73   1.00   0.32   0.09    100.   1760.      0.    492.    703.    410.    176.    325.    125.      0.      0.    209.   564.   873.   0.32    141.      0.     57.    229.    262.     26.
  210  71    304.   2787.   4745.   6628.  14969.   1627.   1.59   1.46   1.00   0.32   0.09    100.   1789.      0.    512.    710.    410.    179.    324.    124.      0.      0.    209.   619.   941.   0.14    141.      0.     57.    229.    254.     34.
  220  71    129.   2963.   3878.   6739.  15081.   1834.   1.74   0.78   1.00   0.32   0.09    100.   1813.      0.    530.    723.    410.    181.    316.    116.      0.      0.    209.   668.  1023.   0.06    141.      0.     57.    229.    245.     43.
  230  71     55.   3036.   3168.   6743.  15084.   2014.   1.88   0.46   1.00   0.31   0.09    100.   1823.      0.    537.    734.    410.    182.    306.    106.      0.      0.    209.   691.  1084.   0.03    141.      0.     57.    229.    239.     49.
  240  71     25.   3067.   2642.   6743.  15084.   2191.   2.01   0.29   1.00   0.31   0.09    100.   1852.      0.    543.    751.    410.    185.    309.    109.      0.      0.    209.   709.  1155.   0.01    141.      0.     57.    229.    234.     54.
  249  71      0.      0.      0.      0.      0.      0.   0.00   0.00   1.00   0.30   0.09    100.   1857.      0.    543.    761.    410.    186.    304.    104.      0.      0.    209.     0.     0.   1.00    141.      0.      0.      0.      0.      0.
  259  71      0.      0.      0.      0.      0.      0.   0.00   0.00   1.00   0.30   0.09    100.   1858.      0.    543.    765.    410.    186.    300.    100.      0.      0.    209.     0.     0.   1.00    141.      0.      0.      0.      0.      0.
  269  71      0.      0.      0.      0.      0.      0.   0.00   0.00   1.00   0.31   0.09    100.   1869.      0.    543.    770.    410.    187.    305.    105.      0.      0.    209.     0.     0.   1.00    141.      0.      0.      0.      0.      0.
  279  71      0.      0.      0.      0.      0.      0.   0.00   0.00   1.00   0.31   0.09    100.   1875.      0.    543.    775.    410.    187.    305.    105.      0.      0.    209.     0.     0.   1.00    141.      0.      0.      0.      0.      0.
  289  71      0.      0.      0.      0.      0.      0.   0.00   0.00   1.00   0.31   0.09    100.   1878.      0.    543.    778.    410.    188.    305.    105.      0.      0.    209.     0.     0.   1.00    141.      0.      0.      0.      0.      0.
  299  71      0.      0.      0.      0.      0.      0.   0.00   0.00   1.00   0.32   0.09    100.   1898.      0.    543.    785.    410.    190.    317.    117.      0.      0.    209.     0.     0.   1.00    141.      0.      0.      0.      0.      0.
  309  71      0.      0.      0.      0.      0.      0.   0.00   0.00   1.00   0.32   0.09    100.   1898.      0.    543.    786.    410.    190.    316.    116.      0.      0.    209.     0.     0.   1.00    141.      0.      0.      0.      0.      0.
  319  71      0.      0.      0.      0.      0.      0.   0.00   0.00   1.00   0.32   0.09    100.   1909.      0.    543.    788.    410.    191.    323.    123.      0.      0.    209.     0.     0.   1.00    141.      0.      0.      0.      0.      0.
  329  71      0.      0.      0.      0.      0.      0.   0.00   0.00   1.00   0.35   0.09    100.   1945.      0.    543.    792.    410.    195.    352.    152.      0.      0.    209.     0.     0.   1.00    141.      0.      0.      0.      0.      0.
  339  71      0.      0.      0.      0.      0.      0.   0.00   0.00   1.00   0.36   0.09    100.   1957.      0.    543.    792.    410.    196.    363.    163.      0.      0.    209.     0.     0.   1.00    141.      0.      0.      0.      0.      0.
  349  71      0.      0.      0.      0.      0.      0.   0.00   0.00   1.00   0.37   0.09    100.   1963.      0.    543.    793.    410.    196.    367.    167.      0.      0.    209.     0.     0.   1.00    141.      0.      0.      0.      0.      0.
  359  71      0.      0.      0.      0.      0.      0.   0.00   0.00   1.00   0.39   0.09    100.   1984.      0.    543.    794.    410.    198.    385.    185.      0.      0.    209.     0.     0.   1.00    141.      0.      0.      0.      0.      0.
    4  72      0.      0.      0.      0.      0.      0.   0.00   0.00   1.00   0.39   0.09    100.   1986.      0.    543.    794.    410.    199.    386.    186.      0.      0.    209.     0.     0.   1.00    141.      0.      0.      0.      0.      0.
   14  72      0.      0.      0.      0.      0.      0.   0.00   0.00   1.00   0.39   0.09    100.   1991.      0.    543.    795.    410.    199.    390.    190.      0.      0.    209.     0.     0.   1.00    141.      0.      0.      0.      0.      0.
   24  72      0.      0.      0.      0.      0.      0.   0.00   0.00   1.00   0.40   0.09    100.   2005.      0.    543.    796.    410.    200.    402.    202.      0.      0.    209.     0.     0.   1.00    141.      0.      0.      0.      0.      0.
   34  72      0.      0.      0.      0.      0.      0.   0.00   0.00   1.00   0.41   0.09    100.   2018.      0.    543.    798.    410.    202.    412.    212.      0.      0.    209.     0.     0.   1.00    141.      0.      0.      0.      0.      0.
   44  72      0.      0.      0.      0.      0.      0.   0.00   0.00   1.00   0.42   0.09    100.   2040.      0.    543.    802.    416.    204.    420.    220.      0.      0.    210.     0.     0.   1.00    141.      0.      0.      0.      0.      0.
   54  72      0.      0.      0.      0.      0.      0.   0.00   0.00   1.00   0.42   0.09    100.   2045.      0.    543.    804.    418.    204.    420.    220.      0.      0.    210.     0.     0.   1.00    141.      0.      0.      0.      0.      0.
   64  72      0.      0.      0.      0.      0.      0.   0.00   0.00   1.00   0.42   0.09    100.   2050.      0.    543.    807.    420.    205.    420.    220.      0.      0.    210.     0.     0.   1.00    141.      0.      0.      0.      0.      0.
   74  72      0.      0.      0.      0.      0.      0.   0.00   0.00   1.00   0.42   0.09    100.   2061.      0.    543.    812.    427.    206.    417.    217.      0.      0.    210.     0.     0.   1.00    141.      0.      0.      0.      0.      0.
   84  72      0.      0.      0.      0.      0.      0.   0.00   0.00   1.00   0.41   0.09    100.   2061.      0.    543.    818.    427.    206.    412.    212.      0.      0.    210.     0.     0.   1.00    141.      0.      0.      0.      0.      0.
   94  72      0.      0.      0.      0.      0.      0.   0.00   0.00   1.00   0.42   0.09    100.   2101.      0.    543.    828.    445.    210.    420.    220.      0.      0.    210.     0.     0.   1.00    141.      0.      0.      0.      0.      0.


Station=  WAGE , Soil=  2, Manage=  2, Rotat=  7 YrRot=  1 , NYear=  4 , NRot=  3 , Crop=  2, Irr.=  0, IOPT=  3,     Runof=0.10, CO2=550. , StYear=1969, StDay=  1

 Planting on day 100, 1972
 Crop emergence on day   0, 1972
 Wageningen, rotation 7, soil2, future                                           

 DAY  YEAR  WLVG    WLVD    WST    WSO     TAGB    TSUML    DVS    LAI  TRANRF  SMACT  SMACTL   RD    TRAIN   TIRR   TTRANS  TESOIL  TDRAIN  TRUNOF    WTOT   WAVT    WTOTL     WAVTL  WTOTLX  PARAB    PAR    NNI   NMINT  NMIN    NUPT     NFIX   NLIV   NLOSS  
  100  72      0.      0.      0.      0.      0.      0.   0.00   0.00   1.00   0.42   0.42     10.   2137.      0.    543.    839.    466.    214.     42.     22.    462.    242.    126.     0.     0.   0.00      0.     30.      0.      0.      0.      0.
  110  72      0.      0.      0.      0.      0.      0.   0.00   0.00   1.00   0.39   0.42     10.   2168.      0.    543.    853.    483.    217.     39.     19.    462.    242.    126.     0.    61.   0.00      0.     30.      0.      0.      0.      0.
  116  72      0.      0.      0.      0.      0.      0.   0.00   0.00   1.00   0.35   0.42     10.   2175.      0.    543.    862.    484.    217.     35.     15.    462.    242.    126.     0.   108.   1.00      0.     30.      0.      0.      0.      0.
  120  72      0.      0.      0.      0.      1.     16.   0.02   0.00   1.00   0.34   0.42     15.   2176.      0.    543.    867.    484.    218.     47.     19.    447.    234.    126.     0.   137.   0.90      3.     27.      0.      0.      0.      0.
  130  72      2.      0.      1.      0.      2.    131.   0.20   0.00   1.00   0.36   0.42     27.   2188.      0.    544.    881.    484.    219.     93.     42.    396.    208.    126.     0.   213.   0.69     10.     20.      0.      0.      0.      0.
  140  72      4.      0.      2.      0.      6.    213.   0.33   0.01   1.00   0.42   0.42     39.   2246.      0.    544.    900.    502.    225.    158.     83.    346.    181.    126.     0.   264.   0.82    130.     12.      0.      0.      0.      0.
  150  72     13.      1.     10.      0.     25.    335.   0.52   0.02   1.00   0.42   0.42     51.   2275.      0.    544.    925.    504.    228.    208.    109.    296.    155.    126.     1.   354.   0.83    137.      4.      1.      0.      1.      0.
  160  72     37.      3.     32.      0.     72.    458.   0.70   0.07   1.00   0.42   0.42     63.   2298.      0.    544.    947.    504.    230.    256.    133.    245.    128.    126.     3.   425.   0.70    139.      0.      3.      0.      2.      0.
  170  72    114.     11.    135.      0.    260.    572.   0.88   0.21   1.00   0.40   0.42     75.   2314.      0.    546.    969.    504.    231.    297.    150.    195.    102.    126.    10.   521.   0.64    190.      0.      8.      0.      8.      0.
  180  72    251.     28.    350.     14.    643.    709.   1.05   0.46   1.00   0.41   0.42     87.   2355.      0.    550.    991.    512.    236.    352.    181.    144.     76.    126.    24.   595.   0.79    177.      0.     21.      0.     20.      1.
  190  72    431.     53.    635.    208.   1326.    852.   1.15   0.79   1.00   0.41   0.42     99.   2385.      0.    557.   1006.    519.    238.    400.    204.     94.     49.    126.    46.   660.   0.82    161.      0.     37.      0.     36.      1.
  200  72    672.     93.   1070.   1202.   3037.    997.   1.26   1.24   1.00   0.40   0.42    111.   2396.      0.    570.   1019.    519.    240.    434.    215.     44.     23.    126.    96.   760.   0.90    134.      0.     64.      0.     62.      2.
  210  72    599.    262.   1253.   2369.   4483.   1164.   1.37   1.11   1.00   0.42   0.00    120.   2461.      0.    585.   1028.    526.    246.    504.    264.      0.      0.    126.   139.   833.   0.96    115.      0.     83.      0.     76.      6.
  220  72    458.    458.   1372.   3357.   5645.   1317.   1.48   0.85   1.00   0.41   0.00    120.   2470.      0.    596.   1039.    528.    247.    489.    249.      0.      0.    126.   172.   902.   0.94    103.      0.     95.      0.     84.     11.
  230  72    321.    638.   1264.   4201.   6637.   1475.   1.60   0.60   1.00   0.41   0.00    120.   2496.      0.    605.   1054.    528.    250.    489.    249.      0.      0.    126.   204.   980.   0.55    101.      0.     97.      0.     78.     20.
  240  72    176.    793.   1070.   4516.   7005.   1602.   1.69   0.35   1.00   0.41   0.00    120.   2518.      0.    610.   1067.    528.    252.    490.    250.      0.      0.    126.   223.  1046.   0.22    101.      0.     97.      0.     69.     28.
  250  72     84.    887.    884.   4607.   7109.   1730.   1.78   0.20   1.00   0.40   0.00    120.   2518.      0.    613.   1073.    528.    252.    481.    241.      0.      0.    126.   237.  1131.   0.09    101.      0.     97.      0.     63.     34.
  260  72     38.    933.    723.   4614.   7117.   1851.   1.87   0.12   1.00   0.42   0.00    120.   2553.      0.    614.   1085.    528.    255.    499.    259.      0.      0.    126.   242.  1180.   0.04    101.      0.     97.      0.     59.     39.
  270  72     18.    953.    591.   4614.   7117.   1941.   1.93   0.08   1.00   0.42   0.00    120.   2562.      0.    615.   1091.    528.    256.    501.    261.      0.      0.    126.   246.  1241.   0.02    101.      0.     97.      0.     55.     42.
  272  72     15.    956.    568.   4614.   7117.   1957.   1.94   0.07   1.00   0.42   0.00    120.   2563.      0.    615.   1093.    528.    256.    500.    260.      0.      0.    126.   247.  1250.   0.02    101.      0.     97.      0.     55.     42.
  272  72      0.      0.      0.      0.      0.      0.   0.00   0.00   1.00   0.42   0.00    120.   2563.      0.    615.   1093.    528.    256.    500.    260.      0.      0.    126.     0.     0.   1.00    101.      0.      0.      0.      0.      0.
  278  72      0.      0.      0.      0.      0.      0.   0.00   0.00   1.00   0.42   0.00    120.   2563.      0.    615.   1095.    528.    256.    498.    258.      0.      0.    126.     0.     0.   1.00    101.      0.      0.      0.      0.      0.
  288  72      0.      0.      0.      0.      0.      0.   0.00   0.00   1.00   0.41   0.00    120.   2563.      0.    615.   1097.    528.    256.    496.    256.      0.      0.    126.     0.     0.   1.00    101.      0.      0.      0.      0.      0.
  298  72      0.      0.      0.      0.      0.      0.   0.00   0.00   1.00   0.42   0.00    120.   2579.      0.    615.   1099.    532.    258.    504.    264.      0.      0.    126.     0.     0.   1.00    101.      0.      0.      0.      0.      0.
  308  72      0.      0.      0.      0.      0.      0.   0.00   0.00   1.00   0.42   0.00    120.   2586.      0.    615.   1102.    537.    259.    503.    263.      0.      0.    126.     0.     0.   1.00    101.      0.      0.      0.      0.      0.
  318  72      0.      0.      0.      0.      0.      0.   0.00   0.00   1.00   0.42   0.00    120.   2629.      0.    615.   1106.    571.    263.    504.    264.      0.      0.    126.     0.     0.   1.00    101.      0.      0.      0.      0.      0.
  328  72      0.      0.      0.      0.      0.      0.   0.00   0.00   1.00   0.42   0.00    120.   2657.      0.    615.   1109.    592.    266.    504.    264.      0.      0.    126.     0.     0.   1.00    101.      0.      0.      0.      0.      0.
  338  72      0.      0.      0.      0.      0.      0.   0.00   0.00   1.00   0.42   0.00    120.   2665.      0.    615.   1111.    598.    266.    504.    264.      0.      0.    126.     0.     0.   1.00    101.      0.      0.      0.      0.      0.
  348  72      0.      0.      0.      0.      0.      0.   0.00   0.00   1.00   0.42   0.00    120.   2684.      0.    615.   1113.    613.    268.    504.    264.      0.      0.    126.     0.     0.   1.00    101.      0.      0.      0.      0.      0.
  358  72      0.      0.      0.      0.      0.      0.   0.00   0.00   1.00   0.42   0.00    120.   2684.      0.    615.   1114.    613.    268.    504.    264.      0.      0.    126.     0.     0.   1.00    101.      0.      0.      0.      0.      0.
    1  73      0.      0.      0.      0.      0.      0.   0.00   0.00   1.00   0.42   0.00    120.   2684.      0.    615.   1114.    613.    268.    503.    263.      0.      0.    126.     0.     0.   1.00    101.      0.      0.      0.      0.      0.
