
 CROP PRODUCTION AND SOIL WATER STATUS FROM LINTUL6 ROTATION MODEL 
 =======================================


DATA-FILE  WARO1PTS.OUT


Name of run: WARO1


Station=  WAGE , Soil=  1, Manage=  1, Rotat=  2 YrRot=  1 , NYear=  7 , NRot=  6 , Crop=  1, Irr.=  1, IOPT=  1,                  Runof=0.00, CO2=370. , StYear=1969, StDay=  1

 DAY  YEAR  WLVG    WLVD    WST    WSO     TAGB    TSUML    DVS    LAI  TRANRF  SMACT  SMACTL   RD    TRAIN   TIRR   TTRANS  TESOIL  TDRAIN  TRUNOF    WTOT   WAVT    WTOTL      WAVTL WTOTLX  PARAB    PAR    NNI   NMINT  NMIN    NUPT       NFIX   NLIV   NLOSS  
    1  69      0.      0.      0.      0.      0.      0.   0.00   0.00   1.00   0.30   0.30     10.      0.      0.      0.      0.      0.      0.      0.      0.      0.      0.      0.     0.     0.   0.00      0.      0.      0.      0.      0.      0.
   10  69      0.      0.      0.      0.      0.      0.   0.00   0.00   1.00   0.33   0.30     10.      3.      0.      0.      1.      0.      0.     33.     13.    345.    115.     75.     0.     0.   0.00      0.      0.      0.      0.      0.      0.


Station=  WAGE , Soil=  1, Manage=  1, Rotat=  2 YrRot=  1 , NYear=  7 , NRot=  6 , Crop=  1, Irr.=  1, IOPT=  1,                  Runof=0.00, CO2=370. , StYear=1969, StDay=  1

 Planting on day   0, 1969
 Crop emergence on day  20, 1969
 Wageningen, long rotation 2, soil1, current                                     

 DAY  YEAR  WLVG    WLVD    WST    WSO     TAGB    TSUML    DVS    LAI  TRANRF  SMACT  SMACTL   RD    TRAIN   TIRR   TTRANS  TESOIL  TDRAIN  TRUNOF    WTOT   WAVT    WTOTL     WAVTL  WTOTLX  PARAB    PAR    NNI   NMINT  NMIN    NUPT     NFIX   NLIV   NLOSS  
   20  69     68.      0.     37.      0.    105.      0.   0.00   0.14   1.00   0.35   0.31     10.     18.      0.      0.      3.      0.      0.     35.     15.    354.    124.     77.     0.     0.   1.00      0.     30.      0.      0.      8.      0.
   30  69     72.      0.     39.      0.    111.      0.   0.00   0.24   1.00   0.34   0.32     22.     34.      0.      0.      4.      0.      0.     72.     30.    331.    123.     77.     1.    10.   1.00      7.     22.      0.      0.      9.      0.
   40  69     74.      0.     40.      0.    115.      0.   0.00   0.31   1.00   0.35   0.33     34.     50.      0.      1.      8.      0.      0.    114.     49.    301.    116.     77.     4.    27.   1.00     14.     15.      1.      0.      9.      0.
   50  69     74.      0.     40.      0.    115.      0.   0.00   0.31   1.00   0.35   0.34     46.     69.      0.      1.      8.      0.      0.    157.     67.    276.    116.     77.     8.    53.   1.00     22.      8.      1.      0.      9.      0.
   60  69     80.      0.     43.      0.    123.      1.   0.00   0.36   1.00   0.35   0.35     58.     80.      0.      2.     11.      0.      0.    197.     84.    239.    102.     81.    12.    75.   1.00     29.      0.      1.      0.     10.      0.
   70  69     81.      0.     43.      0.    124.      2.   0.00   0.43   1.00   0.35   0.35     70.     83.      0.      3.     14.      0.      0.    239.    101.    197.     84.     81.    21.   119.   1.00     28.      0.      2.      0.     10.      0.
   80  69     86.      0.     46.      0.    132.      7.   0.01   0.55   1.00   0.35   0.35     82.    119.      0.      4.     18.     23.      0.    282.    120.    155.     66.     88.    27.   140.   1.00     28.      0.      2.      0.     10.      0.
   90  69     86.      0.     46.      0.    132.     14.   0.02   0.65   1.00   0.35   0.35     94.    126.      0.      7.     22.     23.      0.    324.    139.    113.     48.     88.    42.   190.   1.00     28.      0.      2.      0.     10.      0.
  100  69    250.      0.    135.      0.    384.     59.   0.08   1.09   1.00   0.34   0.35    106.    138.      0.     14.     30.     33.      0.    352.    143.     71.     30.     88.    71.   266.   1.00     14.      0.     16.      0.     24.      0.
  110  69    329.      0.    177.      0.    506.     97.   0.14   1.26   1.00   0.35   0.35    118.    184.      0.     22.     41.     48.      0.    407.    173.     29.     12.     88.   102.   326.   1.00      3.      0.     27.      0.     36.      0.
  120  69    631.      0.    318.      0.    949.    175.   0.24   1.90   1.00   0.34   0.01    125.    212.      0.     31.     50.     62.      0.    431.    181.      0.      0.     88.   144.   397.   1.00    -18.      0.     48.      0.     56.      0.
  130  69   1228.      0.    658.      0.   1886.    293.   0.41   3.16   1.00   0.33   0.01    125.    218.      0.     46.     56.     62.      0.    416.    166.      0.      0.     88.   197.   469.   1.00    -43.      0.     73.      0.     81.      0.
  140  69   1910.     29.   1389.      0.   3327.    432.   0.60   4.60   1.00   0.34   0.01    125.    257.      0.     71.     61.     62.      0.    426.    176.      0.      0.     88.   259.   537.   1.00     13.      0.    101.      0.    110.      0.
  150  69   2309.    184.   2899.      0.   5391.    560.   0.78   5.41   1.00   0.33   0.01    125.    275.      0.     98.     64.     62.      0.    413.    163.      0.      0.     88.   341.   623.   1.00     -5.      0.    119.      0.    126.      1.
  160  69   2240.    415.   4697.      0.   7351.    680.   0.94   5.21   1.00   0.34   0.01    125.    316.      0.    126.     66.     67.      0.    420.    170.      0.      0.     88.   415.   700.   1.00    -15.      0.    129.      0.    136.      2.
  170  69   1712.    945.   5496.   2499.  10651.    858.   1.15   3.98   1.00   0.31   0.01    125.    331.      0.    170.     69.     67.      0.    387.    137.      0.      0.     88.   526.   818.   1.00    -24.      0.    138.      0.    143.      4.
  180  69   1267.   1390.   5496.   4508.  12661.   1009.   1.31   2.95   1.00   0.30   0.01    125.    346.      0.    194.     74.     67.      0.    373.    123.      0.      0.     88.   592.   894.   1.00     -7.      0.    149.      0.    152.      6.
  190  69    922.   1735.   5496.   6342.  14495.   1171.   1.48   2.14   1.00   0.29   0.01    125.    365.      0.    217.     81.     67.      0.    363.    113.      0.      0.     88.   660.   979.   1.00     -7.      0.    149.      0.    151.      7.
  200  69    672.   1985.   4676.   7456.  15609.   1333.   1.65   1.56   1.00   0.28   0.01    125.    376.      0.    235.     90.     67.      0.    347.     97.      0.      0.     88.   714.  1060.   1.00     -7.      0.    149.      0.    148.     10.
  210  69    459.   2197.   3820.   8180.  16332.   1537.   1.86   1.07   1.00   0.28   0.01    125.    389.     20.    253.    105.     67.      0.    347.     97.      0.      0.     88.   765.  1153.   1.00     -7.      0.    149.      0.    145.     13.
  217  69    361.   2295.   3384.   8345.  16497.   1669.   2.00   0.84   1.00   0.28   0.01    125.    406.     40.    265.    120.     67.      0.    356.    106.      0.      0.     88.   789.  1207.   1.00     -7.      0.    149.      0.    143.     15.
  219  69      0.      0.      0.      0.      0.      0.   0.00   0.00   1.00   0.28   0.01    125.    406.     40.    265.    124.     67.      0.    352.    102.      0.      0.     88.     0.     0.   1.00     -7.      0.      0.      0.      0.      0.
  229  69      0.      0.      0.      0.      0.      0.   0.00   0.00   1.00   0.29   0.01    125.    434.     40.    265.    145.     67.      0.    360.    110.      0.      0.     88.     0.     0.   1.00     -7.      0.      0.      0.      0.      0.
  239  69      0.      0.      0.      0.      0.      0.   0.00   0.00   1.00   0.33   0.01    125.    506.     40.    265.    161.     67.      0.    417.    167.      0.      0.     88.     0.     0.   1.00     -7.      0.      0.      0.      0.      0.
  249  69      0.      0.      0.      0.      0.      0.   0.00   0.00   1.00   0.33   0.01    125.    518.     40.    265.    170.     67.      0.    419.    169.      0.      0.     88.     0.     0.   1.00     -7.      0.      0.      0.      0.      0.
  259  69      0.      0.      0.      0.      0.      0.   0.00   0.00   1.00   0.33   0.01    125.    518.     40.    265.    175.     67.      0.    414.    164.      0.      0.     88.     0.     0.   1.00     -7.      0.      0.      0.      0.      0.
  269  69      0.      0.      0.      0.      0.      0.   0.00   0.00   1.00   0.33   0.01    125.    524.     40.    265.    180.     67.      0.    415.    165.      0.      0.     88.     0.     0.   1.00     -7.      0.      0.      0.      0.      0.
  279  69      0.      0.      0.      0.      0.      0.   0.00   0.00   1.00   0.33   0.01    125.    531.     40.    265.    186.     67.      0.    416.    166.      0.      0.     88.     0.     0.   1.00     -7.      0.      0.      0.      0.      0.
  289  69      0.      0.      0.      0.      0.      0.   0.00   0.00   1.00   0.33   0.01    125.    532.     40.    265.    188.     67.      0.    415.    165.      0.      0.     88.     0.     0.   1.00     -7.      0.      0.      0.      0.      0.
  299  69      0.      0.      0.      0.      0.      0.   0.00   0.00   1.00   0.34   0.01    125.    545.     40.    265.    193.     67.      0.    423.    173.      0.      0.     88.     0.     0.   1.00     -7.      0.      0.      0.      0.      0.
  309  69      0.      0.      0.      0.      0.      0.   0.00   0.00   1.00   0.34   0.01    125.    554.     40.    265.    196.     67.      0.    428.    178.      0.      0.     88.     0.     0.   1.00     -7.      0.      0.      0.      0.      0.
  319  69      0.      0.      0.      0.      0.      0.   0.00   0.00   1.00   0.35   0.01    125.    592.     40.    265.    201.     91.      0.    438.    187.      0.      0.     88.     0.     0.   1.00     -7.      0.      0.      0.      0.      0.
  329  69      0.      0.      0.      0.      0.      0.   0.00   0.00   1.00   0.35   0.01    125.    599.     40.    265.    204.     95.      0.    438.    187.      0.      0.     88.     0.     0.   1.00     -7.      0.      0.      0.      0.      0.
  339  69      0.      0.      0.      0.      0.      0.   0.00   0.00   1.00   0.35   0.01    125.    611.     40.    265.    204.    107.      0.    438.    187.      0.      0.     88.     0.     0.   1.00     -7.      0.      0.      0.      0.      0.
  349  69      0.      0.      0.      0.      0.      0.   0.00   0.00   1.00   0.35   0.01    125.    621.     40.    265.    205.    117.      0.    438.    187.      0.      0.     88.     0.     0.   1.00     -7.      0.      0.      0.      0.      0.
  359  69      0.      0.      0.      0.      0.      0.   0.00   0.00   1.00   0.35   0.01    125.    643.     40.    265.    205.    138.      0.    438.    187.      0.      0.     88.     0.     0.   1.00     -7.      0.      0.      0.      0.      0.
    4  70      0.      0.      0.      0.      0.      0.   0.00   0.00   1.00   0.35   0.01    125.    648.     40.    265.    206.    143.      0.    438.    187.      0.      0.     88.     0.     0.   1.00     -7.      0.      0.      0.      0.      0.
   14  70      0.      0.      0.      0.      0.      0.   0.00   0.00   1.00   0.35   0.01    125.    658.     40.    265.    207.    151.      0.    437.    187.      0.      0.     88.     0.     0.   1.00     -7.      0.      0.      0.      0.      0.
   20  70      0.      0.      0.      0.      0.      0.   0.00   0.00   1.00   0.35   0.01    125.    663.     40.    265.    207.    156.      0.    437.    187.      0.      0.     88.     0.     0.   1.00     -7.      0.      0.      0.      0.      0.
   24  70      0.      0.      0.      0.      0.      0.   0.00   0.00   1.00   0.35   0.01    125.    668.     40.    265.    207.    162.      0.    438.    187.      0.      0.     88.     0.     0.   1.00     -7.      0.      0.      0.      0.      0.
   34  70      0.      0.      0.      0.      0.      0.   0.00   0.00   1.00   0.35   0.01    125.    700.     40.    265.    208.    193.      0.    438.    187.      0.      0.     88.     0.     0.   1.00     -7.      0.      0.      0.      0.      0.
   44  70      0.      0.      0.      0.      0.      0.   0.00   0.00   1.00   0.35   0.01    125.    727.     40.    265.    210.    217.      0.    438.    187.      0.      0.     88.     0.     0.   1.00     -7.      0.      0.      0.      0.      0.
   54  70      0.      0.      0.      0.      0.      0.   0.00   0.00   1.00   0.35   0.01    125.    777.     40.    265.    212.    265.      0.    438.    187.      0.      0.     88.     0.     0.   1.00     -7.      0.      0.      0.      0.      0.
   64  70      0.      0.      0.      0.      0.      0.   0.00   0.00   1.00   0.35   0.01    125.    795.     40.    265.    216.    280.      0.    437.    187.      0.      0.     88.     0.     0.   1.00     -7.      0.      0.      0.      0.      0.
   74  70      0.      0.      0.      0.      0.      0.   0.00   0.00   1.00   0.35   0.01    125.    799.     40.    265.    218.    283.      0.    437.    187.      0.      0.     88.     0.     0.   1.00     -7.      0.      0.      0.      0.      0.
   84  70      0.      0.      0.      0.      0.      0.   0.00   0.00   1.00   0.35   0.01    125.    822.     40.    265.    223.    300.      0.    437.    187.      0.      0.     88.     0.     0.   1.00     -7.      0.      0.      0.      0.      0.
   94  70      0.      0.      0.      0.      0.      0.   0.00   0.00   1.00   0.35   0.01    125.    854.     40.    265.    231.    324.      0.    437.    187.      0.      0.     88.     0.     0.   1.00     -7.      0.      0.      0.      0.      0.


Station=  WAGE , Soil=  1, Manage=  1, Rotat=  2 YrRot=  2 , NYear=  7 , NRot=  6 , Crop=  2, Irr.=  1, IOPT=  1,                  Runof=0.00, CO2=370. , StYear=1969, StDay=  1

 Planting on day 100, 1970
 Crop emergence on day   0, 1970
 Wageningen, long rotation 2, soil1, current                                     

 DAY  YEAR  WLVG    WLVD    WST    WSO     TAGB    TSUML    DVS    LAI  TRANRF  SMACT  SMACTL   RD    TRAIN   TIRR   TTRANS  TESOIL  TDRAIN  TRUNOF    WTOT   WAVT    WTOTL     WAVTL  WTOTLX  PARAB    PAR    NNI   NMINT  NMIN    NUPT     NFIX   NLIV   NLOSS  
  100  70      0.      0.      0.      0.      0.      0.   0.00   0.00   1.00   0.35   0.35     10.    883.     40.    265.    235.    348.      0.     35.     15.    385.    165.    105.     0.     0.   1.00      0.     30.      0.      0.      0.      0.
  110  70      0.      0.      0.      0.      0.      0.   0.00   0.00   1.00   0.33   0.35     10.    898.     40.    265.    248.    353.      0.     33.     13.    385.    165.    105.     0.    48.   1.00      0.     30.      0.      0.      0.      0.
  117  70      0.      0.      0.      0.      0.      0.   0.00   0.00   1.00   0.34   0.35     10.    915.     40.    265.    257.    359.      0.     34.     14.    385.    165.    105.     0.    77.   1.00      0.     30.      0.      0.      0.      0.
  120  70      0.      0.      0.      0.      0.      7.   0.01   0.00   1.00   0.34   0.35     14.    929.     40.    265.    264.    366.      0.     42.     18.    377.    161.    105.     0.   102.   1.00      2.     28.      0.      0.      0.      0.
  130  70      2.      0.      0.      0.      2.     99.   0.15   0.00   1.00   0.32   0.35     26.    935.     40.    265.    278.    366.      0.     77.     28.    335.    143.    105.     0.   186.   1.00     10.     20.      0.      0.      0.      0.
  140  70      8.      0.      2.      0.     10.    210.   0.32   0.02   1.00   0.32   0.35     38.    942.     40.    265.    289.    366.      0.    115.     42.    293.    125.    105.     1.   266.   1.00    101.     13.      0.      0.      0.      0.
  150  70     30.      0.     11.      0.     42.    297.   0.46   0.06   1.00   0.32   0.35     50.    950.     40.    266.    300.    366.      0.    153.     56.    251.    107.    105.     2.   346.   1.00    107.      5.      2.      0.      2.      0.
  160  70    168.      0.     84.      0.    253.    421.   0.65   0.34   1.00   0.32   0.35     62.    951.     60.    269.    322.    366.      0.    191.     70.    209.     89.    105.    13.   457.   1.00    104.      0.     10.      0.     10.      0.
  170  70    795.      0.    535.      0.   1330.    561.   0.86   1.59   1.00   0.31   0.35     74.    960.     80.    281.    344.    366.      0.    227.     83.    167.     71.    105.    60.   575.   1.00     66.      0.     48.      0.     48.      0.
  180  70   1711.      0.   1397.     46.   3155.    715.   1.05   3.42   1.00   0.32   0.35     86.    968.    110.    307.    356.    366.      0.    270.    101.    125.     53.    105.   135.   669.   1.00     25.      0.    117.      0.    117.      0.
  190  70   2296.     11.   2020.    516.   4842.    845.   1.14   4.59   1.00   0.34   0.35     98.   1018.    110.    332.    359.    376.      0.    323.    130.     83.     35.    105.   196.   734.   1.00    -16.      0.    158.      0.    158.      0.
  200  70   2605.    193.   2578.   1656.   7031.    971.   1.23   5.21   1.00   0.34   0.35    110.   1071.    110.    360.    361.    393.      0.    371.    155.     41.     17.    105.   269.   810.   1.00    -60.      0.    202.      0.    197.      5.
  210  70   2411.    548.   2817.   2997.   8772.   1096.   1.32   4.82   1.00   0.34   0.00    120.   1100.    110.    384.    363.    397.      0.    412.    172.      0.     -0.    105.   326.   869.   1.00    -80.      0.    222.      0.    209.     13.
  220  70   1783.   1301.   3070.   5144.  11298.   1258.   1.44   3.57   1.00   0.32   0.00    120.   1107.    110.    413.    364.    397.      0.    389.    149.      0.     -0.    105.   412.   959.   1.00    -96.      0.    238.      0.    207.     31.
  230  70   1379.   1792.   3054.   6618.  13032.   1387.   1.53   2.76   1.00   0.32   0.00    120.   1130.    110.    432.    368.    397.      0.    389.    149.      0.     -0.    105.   472.  1027.   1.00   -108.      0.    250.      0.    203.     47.
  240  70   1075.   2178.   2642.   8010.  14665.   1517.   1.62   2.15   1.00   0.31   0.00    120.   1139.    110.    450.    372.    397.      0.    375.    135.      0.     -0.    105.   529.  1098.   1.00   -108.      0.    250.      0.    182.     69.
  250  70    854.   2471.   2272.   9256.  16110.   1640.   1.71   1.71   1.00   0.31   0.00    120.   1142.    120.    466.    377.    397.      0.    367.    127.      0.     -0.    105.   581.  1168.   1.00   -108.      0.    250.      0.    164.     86.
  260  70    667.   2695.   1907.   9906.  16853.   1758.   1.79   1.33   1.00   0.35   0.00    120.   1216.    120.    477.    385.    398.      0.    420.    180.      0.     -0.    105.   608.  1209.   1.00   -108.      0.    250.      0.    149.    101.
  270  70    542.   2860.   1604.  10609.  17646.   1863.   1.87   1.08   1.00   0.34   0.00    120.   1216.    120.    483.    388.    398.      0.    412.    172.      0.     -0.    105.   641.  1267.   1.00   -108.      0.    250.      0.    138.    112.
  280  70    433.   2993.   1333.  11046.  18134.   1970.   1.95   0.87   1.00   0.35   0.00    120.   1252.    120.    489.    395.    413.      0.    420.    180.      0.     -0.    105.   659.  1303.   1.00   -108.      0.    250.      0.    128.    122.
  290  70    363.   3078.   1125.  11308.  18424.   2047.   2.00   0.73   1.00   0.35   0.00    120.   1253.    120.    491.    397.    413.      0.    416.    176.      0.     -0.    105.   671.  1332.   1.00   -108.      0.    250.      0.    122.    129.
  299  70      0.      0.      0.      0.      0.      0.   0.00   0.00   1.00   0.35   0.00    120.   1285.    120.    491.    401.    438.      0.    420.    180.      0.     -0.    105.     0.     0.   1.00   -108.      0.      0.      0.      0.      0.
  309  70      0.      0.      0.      0.      0.      0.   0.00   0.00   1.00   0.35   0.00    120.   1348.    120.    491.    406.    497.      0.    420.    180.      0.     -0.    105.     0.     0.   1.00   -108.      0.      0.      0.      0.      0.
  319  70      0.      0.      0.      0.      0.      0.   0.00   0.00   1.00   0.35   0.00    120.   1361.    120.    491.    409.    506.      0.    420.    180.      0.     -0.    105.     0.     0.   1.00   -108.      0.      0.      0.      0.      0.
  329  70      0.      0.      0.      0.      0.      0.   0.00   0.00   1.00   0.35   0.00    120.   1384.    120.    491.    412.    526.      0.    420.    180.      0.     -0.    105.     0.     0.   1.00   -108.      0.      0.      0.      0.      0.
  339  70      0.      0.      0.      0.      0.      0.   0.00   0.00   1.00   0.35   0.00    120.   1422.    120.    491.    413.    562.      0.    420.    180.      0.     -0.    105.     0.     0.   1.00   -108.      0.      0.      0.      0.      0.
  349  70      0.      0.      0.      0.      0.      0.   0.00   0.00   1.00   0.35   0.00    120.   1431.    120.    491.    414.    571.      0.    420.    180.      0.     -0.    105.     0.     0.   1.00   -108.      0.      0.      0.      0.      0.
  359  70      0.      0.      0.      0.      0.      0.   0.00   0.00   1.00   0.35   0.00    120.   1436.    120.    491.    414.    576.      0.    420.    180.      0.     -0.    105.     0.     0.   1.00   -108.      0.      0.      0.      0.      0.
    4  71      0.      0.      0.      0.      0.      0.   0.00   0.00   1.00   0.35   0.00    120.   1442.    120.    491.    414.    582.      0.    420.    180.      0.     -0.    105.     0.     0.   1.00   -108.      0.      0.      0.      0.      0.
   14  71      0.      0.      0.      0.      0.      0.   0.00   0.00   1.00   0.35   0.00    120.   1444.    120.    491.    414.    584.      0.    420.    180.      0.     -0.    105.     0.     0.   1.00   -108.      0.      0.      0.      0.      0.
   24  71      0.      0.      0.      0.      0.      0.   0.00   0.00   1.00   0.35   0.00    120.   1469.    120.    491.    416.    608.      0.    420.    180.      0.     -0.    105.     0.     0.   1.00   -108.      0.      0.      0.      0.      0.
   34  71      0.      0.      0.      0.      0.      0.   0.00   0.00   1.00   0.35   0.00    120.   1502.    120.    491.    418.    638.      0.    420.    180.      0.     -0.    105.     0.     0.   1.00   -108.      0.      0.      0.      0.      0.
   44  71      0.      0.      0.      0.      0.      0.   0.00   0.00   1.00   0.35   0.00    120.   1509.    120.    491.    419.    644.      0.    420.    180.      0.     -0.    105.     0.     0.   1.00   -108.      0.      0.      0.      0.      0.
   54  71      0.      0.      0.      0.      0.      0.   0.00   0.00   1.00   0.35   0.00    120.   1533.    120.    491.    422.    665.      0.    420.    180.      0.     -0.    105.     0.     0.   1.00   -108.      0.      0.      0.      0.      0.
   64  71      0.      0.      0.      0.      0.      0.   0.00   0.00   1.00   0.35   0.00    120.   1537.    120.    491.    424.    667.      0.    420.    180.      0.     -0.    105.     0.     0.   1.00   -108.      0.      0.      0.      0.      0.
   74  71      0.      0.      0.      0.      0.      0.   0.00   0.00   1.00   0.35   0.00    120.   1550.    120.    491.    428.    677.      0.    420.    180.      0.     -0.    105.     0.     0.   1.00   -108.      0.      0.      0.      0.      0.
   84  71      0.      0.      0.      0.      0.      0.   0.00   0.00   1.00   0.35   0.00    120.   1570.    120.    491.    435.    689.      0.    420.    180.      0.     -0.    105.     0.     0.   1.00   -108.      0.      0.      0.      0.      0.
   94  71      0.      0.      0.      0.      0.      0.   0.00   0.00   1.00   0.35   0.00    120.   1573.    120.    491.    439.    690.      0.    418.    178.      0.     -0.    105.     0.     0.   1.00   -108.      0.      0.      0.      0.      0.
  104  71      0.      0.      0.      0.      0.      0.   0.00   0.00   1.00   0.35   0.00    120.   1573.    120.    491.    442.    690.      0.    415.    175.      0.     -0.    105.     0.     0.   1.00   -108.      0.      0.      0.      0.      0.
  114  71      0.      0.      0.      0.      0.      0.   0.00   0.00   1.00   0.35   0.00    120.   1581.    120.    491.    448.    690.      0.    417.    177.      0.     -0.    105.     0.     0.   1.00   -108.      0.      0.      0.      0.      0.
  117  71      0.      0.      0.      0.      0.      0.   0.00   0.00   1.00   0.35   0.00    120.   1592.    120.    491.    452.    695.      0.    420.    180.      0.     -0.    105.     0.     0.   1.00   -108.      0.      0.      0.      0.      0.


Station=  WAGE , Soil=  1, Manage=  1, Rotat=  2 YrRot=  3 , NYear=  7 , NRot=  6 , Crop=  3, Irr.=  1, IOPT=  1,                  Runof=0.00, CO2=370. , StYear=1969, StDay=  1

 Planting on day 120, 1971
 Crop emergence on day   0, 1971
 Wageningen, long rotation 2, soil1, current                                     

 DAY  YEAR  WLVG    WLVD    WST    WSO     TAGB    TSUML    DVS    LAI  TRANRF  SMACT  SMACTL   RD    TRAIN   TIRR   TTRANS  TESOIL  TDRAIN  TRUNOF    WTOT   WAVT    WTOTL     WAVTL  WTOTLX  PARAB    PAR    NNI   NMINT  NMIN    NUPT     NFIX   NLIV   NLOSS  
  120  71     19.      0.     11.      0.     30.      0.   0.00   0.05   1.00   0.34   0.35     10.   1592.    120.    491.    455.    695.      0.     34.     14.    314.    134.    174.     0.     0.   1.00      0.     30.      0.      0.      2.      0.
  130  71     19.      0.     11.      0.     30.      0.   0.00   0.05   1.00   0.35   0.35     10.   1600.    139.    492.    478.    695.      0.     35.     15.    315.    135.    174.     0.   104.   1.00      0.     30.      0.      0.      2.      0.
  134  71     19.      0.     11.      0.     30.      0.   0.00   0.05   1.00   0.27   0.35     10.   1603.    139.    493.    489.    695.      0.     27.      7.    315.    135.    174.     0.   150.   1.00     84.     30.      0.      0.      2.      0.
  140  71     52.      0.     32.      0.     83.     57.   0.08   0.13   1.00   0.32   0.35     17.   1642.    139.    493.    504.    713.      0.     51.     19.    294.    126.    175.     2.   196.   1.00     86.     26.      2.      0.      4.      0.
  150  71    145.      0.     89.      0.    234.    129.   0.19   0.33   1.00   0.32   0.35     29.   1660.    139.    495.    523.    713.      0.     91.     35.    252.    108.    175.    11.   276.   1.00     86.     18.     10.      0.     12.      0.
  160  71    715.      0.    438.      0.   1153.    231.   0.33   1.49   1.00   0.28   0.35     41.   1660.    139.    505.    536.    713.      0.    111.     31.    210.     90.    175.    46.   380.   1.00     57.     10.     47.      0.     49.      0.
  170  71   1192.      0.    779.      0.   1971.    301.   0.43   2.41   1.00   0.35   0.35     53.   1720.    139.    518.    545.    720.      0.    182.     78.    168.     72.    175.    88.   441.   1.00     36.      3.     75.      0.     77.      0.
  180  71   2010.      0.   1648.      0.   3658.    383.   0.55   3.83   1.00   0.35   0.35     65.   1758.    139.    539.    552.    732.      0.    224.     96.    126.     54.    175.   147.   512.   1.00     21.      0.    121.      0.    123.      0.
  190  71   3100.    111.   3691.      0.   6902.    492.   0.71   5.41   1.00   0.30   0.35     77.   1760.    139.    573.    555.    732.      0.    230.     78.     84.     36.    175.   251.   624.   1.00    -30.      0.    172.      0.    173.      1.
  200  71   3364.    522.   5769.      0.   9655.    595.   0.86   5.57   1.00   0.27   0.35     89.   1760.    139.    606.    556.    732.      0.    239.     63.     42.     18.    175.   345.   721.   1.00    -55.      0.    197.      0.    196.      3.
  210  71   3338.    886.   7649.     62.  11935.    708.   1.02   5.38   1.00   0.28   0.23    100.   1789.    139.    629.    558.    732.      0.    284.     84.      0.      0.    175.   410.   789.   1.00    -58.      0.    200.      0.    197.      5.
  220  71   2631.   1944.   9213.   1648.  15436.    835.   1.17   4.12   1.00   0.28   0.07    100.   1813.    139.    660.    560.    732.      0.    275.     75.      0.      0.    175.   488.   871.   1.00    -74.      0.    216.      0.    208.     10.
  230  71   1932.   2660.   9281.   3354.  17226.    935.   1.28   3.02   1.00   0.26   0.07    100.   1824.    139.    678.    564.    732.      0.    264.     64.      0.      0.    175.   542.   932.   1.00    -82.      0.    224.      0.    212.     14.
  240  71   1376.   3215.   9281.   5600.  19472.   1051.   1.42   2.15   1.00   0.29   0.07    100.   1852.    159.    697.    571.    732.      0.    286.     86.      0.      0.    175.   600.  1006.   1.00    -84.      0.    226.      0.    211.     17.
  250  71   1012.   3580.   8735.   6866.  20738.   1145.   1.53   1.58   1.00   0.27   0.07    100.   1857.    159.    710.    576.    732.      0.    273.     73.      0.      0.    175.   642.  1069.   1.00    -84.      0.    226.      0.    207.     21.
  260  71    791.   3801.   7137.   7332.  21205.   1205.   1.60   1.24   1.00   0.26   0.07    100.   1858.    159.    719.    579.    732.      0.    262.     62.      0.      0.    175.   680.  1136.   1.00    -84.      0.    226.      0.    200.     28.
  270  71    611.   3981.   5832.   7516.  21389.   1272.   1.67   0.95   1.00   0.26   0.07    100.   1869.    159.    724.    583.    732.      0.    265.     65.      0.      0.    175.   706.  1189.   1.00    -84.      0.    226.      0.    195.     33.
  280  71    478.   4114.   4765.   7721.  21594.   1330.   1.74   0.75   1.00   0.26   0.07    100.   1875.    159.    727.    586.    732.      0.    264.     64.      0.      0.    175.   724.  1234.   1.00    -84.      0.    226.      0.    190.     37.
  290  71    386.   4205.   3973.   7856.  21729.   1380.   1.80   0.60   1.00   0.26   0.07    100.   1878.    159.    730.    589.    732.      0.    262.     62.      0.      0.    175.   735.  1268.   1.00    -84.      0.    226.      0.    187.     41.
  299  71      0.      0.      0.      0.      0.      0.   0.00   0.00   1.00   0.28   0.07    100.   1899.    159.    730.    595.    732.      0.    277.     77.      0.      0.    175.     0.     0.   1.00    -84.      0.      0.      0.      0.      0.
  309  71      0.      0.      0.      0.      0.      0.   0.00   0.00   1.00   0.28   0.07    100.   1899.    159.    730.    596.    732.      0.    276.     76.      0.      0.    175.     0.     0.   1.00    -84.      0.      0.      0.      0.      0.
  319  71      0.      0.      0.      0.      0.      0.   0.00   0.00   1.00   0.28   0.07    100.   1910.    159.    730.    598.    732.      0.    285.     85.      0.      0.    175.     0.     0.   1.00    -84.      0.      0.      0.      0.      0.
  329  71      0.      0.      0.      0.      0.      0.   0.00   0.00   1.00   0.32   0.07    100.   1946.    159.    730.    601.    732.      0.    318.    118.      0.      0.    175.     0.     0.   1.00    -84.      0.      0.      0.      0.      0.
  339  71      0.      0.      0.      0.      0.      0.   0.00   0.00   1.00   0.33   0.07    100.   1958.    159.    730.    601.    732.      0.    330.    130.      0.      0.    175.     0.     0.   1.00    -84.      0.      0.      0.      0.      0.
  349  71      0.      0.      0.      0.      0.      0.   0.00   0.00   1.00   0.33   0.07    100.   1964.    159.    730.    602.    732.      0.    335.    135.      0.      0.    175.     0.     0.   1.00    -84.      0.      0.      0.      0.      0.
  359  71      0.      0.      0.      0.      0.      0.   0.00   0.00   1.00   0.35   0.07    100.   1985.    159.    730.    603.    737.      0.    350.    150.      0.      0.    175.     0.     0.   1.00    -84.      0.      0.      0.      0.      0.
    4  72      0.      0.      0.      0.      0.      0.   0.00   0.00   1.00   0.35   0.07    100.   1987.    159.    730.    603.    738.      0.    350.    150.      0.      0.    175.     0.     0.   1.00    -84.      0.      0.      0.      0.      0.
   14  72      0.      0.      0.      0.      0.      0.   0.00   0.00   1.00   0.35   0.07    100.   1992.    159.    730.    603.    743.      0.    350.    150.      0.      0.    175.     0.     0.   1.00    -84.      0.      0.      0.      0.      0.
   24  72      0.      0.      0.      0.      0.      0.   0.00   0.00   1.00   0.35   0.07    100.   2006.    159.    730.    604.    756.      0.    350.    150.      0.      0.    175.     0.     0.   1.00    -84.      0.      0.      0.      0.      0.
   34  72      0.      0.      0.      0.      0.      0.   0.00   0.00   1.00   0.35   0.07    100.   2020.    159.    730.    606.    768.      0.    350.    150.      0.      0.    175.     0.     0.   1.00    -84.      0.      0.      0.      0.      0.
   44  72      0.      0.      0.      0.      0.      0.   0.00   0.00   1.00   0.35   0.07    100.   2041.    159.    730.    609.    786.      0.    350.    150.      0.      0.    175.     0.     0.   1.00    -84.      0.      0.      0.      0.      0.
   54  72      0.      0.      0.      0.      0.      0.   0.00   0.00   1.00   0.35   0.07    100.   2046.    159.    730.    611.    789.      0.    350.    150.      0.      0.    175.     0.     0.   1.00    -84.      0.      0.      0.      0.      0.
   64  72      0.      0.      0.      0.      0.      0.   0.00   0.00   1.00   0.35   0.07    100.   2051.    159.    730.    613.    792.      0.    350.    150.      0.      0.    175.     0.     0.   1.00    -84.      0.      0.      0.      0.      0.
   74  72      0.      0.      0.      0.      0.      0.   0.00   0.00   1.00   0.35   0.07    100.   2062.    159.    730.    619.    800.      0.    348.    148.      0.      0.    175.     0.     0.   1.00    -84.      0.      0.      0.      0.      0.
   84  72      0.      0.      0.      0.      0.      0.   0.00   0.00   1.00   0.34   0.07    100.   2063.    159.    730.    624.    800.      0.    343.    143.      0.      0.    175.     0.     0.   1.00    -84.      0.      0.      0.      0.      0.
   94  72      0.      0.      0.      0.      0.      0.   0.00   0.00   1.00   0.35   0.07    100.   2102.    159.    730.    633.    824.      0.    350.    150.      0.      0.    175.     0.     0.   1.00    -84.      0.      0.      0.      0.      0.


Station=  WAGE , Soil=  1, Manage=  1, Rotat=  2 YrRot=  4 , NYear=  7 , NRot=  6 , Crop=  4, Irr.=  1, IOPT=  1,                  Runof=0.00, CO2=370. , StYear=1969, StDay=  1

 Planting on day 100, 1972
 Crop emergence on day   0, 1972
 Wageningen, long rotation 2, soil1, current                                     

 DAY  YEAR  WLVG    WLVD    WST    WSO     TAGB    TSUML    DVS    LAI  TRANRF  SMACT  SMACTL   RD    TRAIN   TIRR   TTRANS  TESOIL  TDRAIN  TRUNOF    WTOT   WAVT    WTOTL     WAVTL  WTOTLX  PARAB    PAR    NNI   NMINT  NMIN    NUPT     NFIX   NLIV   NLOSS  
  100  72     48.      0.     12.      0.     60.      0.   0.00   0.14   1.00   0.35   0.35     10.   2138.    159.    730.    642.    850.      0.     35.     15.    140.     60.    350.     0.     0.   1.00      0.     30.      0.      0.      4.      0.
  110  72     48.      0.     12.      0.     60.      0.   0.00   0.14   1.00   0.32   0.35     10.   2169.    159.    732.    654.    870.      0.     32.     12.    140.     60.    350.     0.    61.   1.00      0.     30.      0.      0.      4.      0.
  120  72     48.      0.     12.      0.     60.      0.   0.00   0.14   1.00   0.30   0.35     10.   2178.    165.    734.    666.    873.      0.     30.     10.    140.     60.    350.     0.   137.   1.00      0.     30.      0.      0.      4.      0.
  130  72     48.      0.     12.      0.     60.      0.   0.00   0.14   1.00   0.26   0.35     10.   2189.    172.    736.    682.    877.      0.     26.      6.    140.     60.    350.     0.   213.   1.00      0.     30.      0.      0.      4.      0.
  131  72     48.      0.     12.      0.     60.      0.   0.00   0.14   1.00   0.35   0.35     10.   2200.    178.    737.    684.    882.      0.     35.     15.    140.     60.    350.     0.   219.   1.00      0.     30.      0.      0.      4.      0.
  140  72    185.      0.     46.      0.    231.     61.   0.41   0.50   1.00   0.35   0.35     21.   2247.    178.    739.    697.    913.      0.     69.     29.    106.     46.    350.    10.   264.   1.00     84.     23.      7.      0.     10.      0.
  150  72   1334.      0.    340.     21.   1695.    173.   1.05   3.94   1.00   0.35   0.35     33.   2276.    188.    761.    706.    923.      0.    111.     47.     64.     28.    350.    77.   354.   1.00     30.     16.     68.      0.     72.      0.
  160  72   2069.    148.    672.    354.   3242.    286.   1.12   6.15   1.00   0.34   0.35     45.   2299.    188.    787.    706.    923.      0.    148.     61.     22.     10.    350.   147.   425.   1.00    -11.      8.    117.      0.    117.      3.
  170  72   2437.    622.   1215.   1350.   5623.    390.   1.19   7.20   1.00   0.31  -0.00     50.   2315.    188.    818.    707.    923.      0.    156.     56.     -0.     -0.    350.   243.   521.   1.00    -54.      1.    167.      0.    159.     12.
  180  72   2187.   1133.   1664.   2503.   7487.    517.   1.27   6.43   1.00   0.33  -0.00     50.   2356.    188.    848.    707.    924.      0.    165.     65.     -0.     -0.    350.   317.   595.   1.00    -52.      0.    194.      0.    175.     23.
  190  72   1883.   1438.   1918.   3939.   9177.    651.   1.35   5.54   1.00   0.32  -0.00     50.   2386.    188.    873.    707.    932.      0.    162.     62.     -0.     -0.    350.   381.   660.   1.00    -66.      0.    208.      0.    183.     29.
  200  72   1709.   1612.   1919.   6680.  11919.    790.   1.44   5.03   1.00   0.30  -0.00     50.   2397.    198.    906.    707.    932.      0.    151.     51.     -0.     -0.    350.   481.   760.   1.00    -83.      0.    225.      0.    197.     32.
  210  72   1357.   1964.   1700.   8125.  13364.    973.   1.56   3.99   1.00   0.35  -0.00     50.   2462.    218.    935.    708.    961.      0.    175.     75.     -0.     -0.    350.   554.   833.   1.00    -99.      0.    241.      0.    202.     43.
  220  72    984.   2337.   1389.   9837.  15076.   1115.   1.65   2.89   1.00   0.31  -0.00     50.   2471.    218.    958.    710.    964.      0.    157.     57.     -0.     -0.    350.   620.   902.   1.00   -103.      0.    245.      0.    194.     55.
  230  72    705.   2616.   1135.  11211.  16451.   1267.   1.75   2.07   1.00   0.32  -0.00     50.   2498.    218.    980.    713.    964.      0.    159.     59.     -0.     -0.    350.   692.   980.   1.00   -103.      0.    245.      0.    184.     65.
  240  72    534.   2787.    927.  12003.  17243.   1384.   1.83   1.57   1.00   0.32  -0.00     50.   2519.    218.    995.    717.    964.      0.    161.     61.     -0.     -0.    350.   747.  1046.   1.00   -103.      0.    245.      0.    177.     72.
  250  72    404.   2917.    758.  12576.  17815.   1503.   1.90   1.19   1.00   0.29  -0.00     50.   2519.    218.   1010.    719.    964.      0.    143.     43.     -0.     -0.    350.   811.  1131.   1.00   -103.      0.    245.      0.    172.     77.
  260  72    317.   3004.    632.  12700.  17939.   1605.   1.97   0.93   1.00   0.33  -0.00     50.   2554.    218.   1018.    725.    964.      0.    165.     65.     -0.     -0.    350.   839.  1174.   1.00   -103.      0.    245.      0.    168.     81.
  269  72      0.      0.      0.      0.      0.      0.   0.00   0.00   1.00   0.35  -0.00     50.   2569.    218.   1018.    729.    966.      0.    173.     73.     -0.     -0.    350.     0.     0.   1.00   -103.      0.      0.      0.      0.      0.


Station=  WAGE , Soil=  1, Manage=  1, Rotat=  2 YrRot=  5 , NYear=  7 , NRot=  6 , Crop=  5, Irr.=  1, IOPT=  1,                  Runof=0.00, CO2=370. , StYear=1969, StDay=  1

 Planting on day 270, 1972
 Crop emergence on day   0, 1972
 Wageningen, long rotation 2, soil1, current                                     

 DAY  YEAR  WLVG    WLVD    WST    WSO     TAGB    TSUML    DVS    LAI  TRANRF  SMACT  SMACTL   RD    TRAIN   TIRR   TTRANS  TESOIL  TDRAIN  TRUNOF    WTOT   WAVT    WTOTL     WAVTL  WTOTLX  PARAB    PAR    NNI   NMINT  NMIN    NUPT     NFIX   NLIV   NLOSS  
  270  72    137.      0.     59.      0.    195.      0.   0.00   0.30   1.00   0.35   0.35     10.   2569.    218.   1018.    729.    966.      0.     35.     15.    401.    171.     87.     0.     0.   1.00      0.     30.      0.      0.     11.      0.
  277  72    137.      0.     59.      0.    195.      0.   0.00   0.30   1.00   0.32   0.35     10.   2570.    218.   1019.    731.    966.      0.     32.     12.    401.    171.     87.     0.    31.   1.00      0.     30.      0.      0.     11.      0.
  280  72    173.      0.     74.      0.    248.      5.   0.02   0.37   1.00   0.32   0.35     14.   2570.    218.   1020.    732.    966.      0.     39.     14.    393.    168.     87.     3.    50.   1.00      1.     28.      1.      0.     13.      0.
  290  72    253.      0.    109.      0.    362.     18.   0.07   0.77   1.00   0.32   0.35     26.   2570.    218.   1021.    733.    966.      0.     78.     30.    351.    150.     87.    13.    91.   1.00      2.     20.      8.      0.     19.      0.
  300  72    326.      0.    140.      0.    466.     22.   0.09   0.93   1.00   0.35   0.35     38.   2585.    218.   1022.    735.    971.      0.    126.     54.    310.    133.     88.    23.   118.   1.00      5.     13.     12.      0.     24.      0.
  310  72    428.      0.    183.      0.    611.     25.   0.10   1.15   1.00   0.35   0.35     50.   2594.    218.   1023.    737.    977.      0.    169.     72.    268.    115.     88.    31.   138.   1.00      4.      5.     21.      0.     32.      0.
  320  72    501.      0.    215.      0.    715.     25.   0.10   1.31   1.00   0.35   0.35     62.   2641.    218.   1026.    740.   1018.      0.    211.     91.    226.     97.     88.    37.   150.   1.00      3.      0.     27.      0.     38.      0.
  330  72    532.      0.    228.      0.    760.     25.   0.10   1.38   1.00   0.35   0.35     74.   2668.    218.   1027.    741.   1043.      0.    253.    109.    184.     79.     88.    45.   165.   1.00      1.      0.     29.      0.     41.      0.
  340  72    577.      0.    247.      0.    825.     25.   0.10   1.48   1.00   0.35   0.35     86.   2673.    218.   1028.    742.   1046.      0.    295.    127.    142.     61.     88.    53.   179.   1.00     -2.      0.     32.      0.     44.      0.
  350  72    629.      0.    269.      0.    898.     25.   0.10   1.59   1.00   0.35   0.35     98.   2691.    218.   1029.    743.   1061.      0.    337.    144.    100.     43.     88.    58.   189.   1.00     -6.      0.     36.      0.     48.      0.
  360  72    638.      0.    273.      0.    911.     25.   0.10   1.61   1.00   0.35   0.35    110.   2691.    218.   1030.    743.   1061.      0.    378.    161.     58.     25.     88.    65.   201.   1.00     -7.      0.     37.      0.     49.      0.
    5  73    639.      0.    274.      0.    913.     25.   0.10   1.61   1.00   0.35   0.35    122.   2691.    218.   1031.    744.   1061.      0.    419.    178.     16.      7.     88.    72.   212.   1.00     -7.      0.     37.      0.     49.      0.
   15  73    641.      0.    275.      0.    916.     25.   0.10   1.62   1.00   0.35   0.00    125.   2693.    218.   1032.    744.   1061.      0.    436.    186.      0.      0.     88.    76.   220.   1.00     -8.      0.     38.      0.     49.      0.
   25  73    648.      0.    278.      0.    926.     25.   0.10   1.63   1.00   0.35   0.00    125.   2699.    218.   1033.    744.   1065.      0.    437.    187.      0.      0.     88.    82.   231.   1.00     -8.      0.     38.      0.     49.      0.
   35  73    685.      0.    294.      0.    978.     25.   0.10   1.71   1.00   0.35   0.00    125.   2717.    218.   1034.    745.   1081.      0.    437.    187.      0.      0.     88.    91.   246.   1.00    -11.      0.     41.      0.     52.      0.
   45  73    712.      0.    305.      0.   1017.     25.   0.11   1.77   1.00   0.35   0.00    125.   2756.    218.   1036.    747.   1115.      0.    438.    187.      0.      0.     88.   100.   259.   1.00    -13.      0.     43.      0.     54.      0.
   55  73    726.      0.    311.      0.   1037.     26.   0.11   1.80   1.00   0.35   0.00    125.   2784.    218.   1038.    749.   1140.      0.    438.    187.      0.      0.     88.   110.   277.   1.00    -14.      0.     44.      0.     55.      0.
   65  73    772.      0.    331.      0.   1102.     28.   0.12   1.90   1.00   0.35   0.00    125.   2792.    218.   1041.    751.   1143.      0.    437.    187.      0.      0.     88.   133.   314.   1.00    -15.      0.     45.      0.     57.      0.
   75  73    816.      0.    350.      0.   1165.     30.   0.13   2.00   1.00   0.35   0.00    125.   2801.    218.   1045.    753.   1149.      0.    433.    183.      0.      0.     88.   168.   366.   1.00    -20.      0.     50.      0.     61.      0.
   85  73    901.      0.    386.      0.   1288.     41.   0.17   2.18   1.00   0.34   0.00    125.   2806.    218.   1051.    756.   1149.      0.    430.    180.      0.      0.     88.   201.   415.   1.00    -24.      0.     54.      0.     66.      0.
   95  73    966.      0.    414.      0.   1380.     49.   0.20   2.32   1.00   0.35   0.00    125.   2848.    218.   1059.    760.   1171.      0.    438.    187.      0.      0.     88.   236.   465.   1.00    -26.      0.     56.      0.     67.      0.
  105  73   1070.      0.    466.      0.   1536.     55.   0.23   2.55   1.00   0.35   0.00    125.   2866.    218.   1067.    766.   1177.      0.    436.    186.      0.      0.     88.   281.   526.   1.00    -31.      0.     61.      0.     73.      0.
  115  73   1380.      0.    715.      0.   2095.     78.   0.32   3.22   1.00   0.35   0.00    125.   2879.    218.   1080.    770.   1179.      0.    431.    181.      0.      0.     88.   336.   596.   1.00    -40.      0.     70.      0.     82.      0.
  125  73   1717.      0.   1126.      0.   2842.    121.   0.50   3.94   1.00   0.35   0.00    125.   2902.    218.   1094.    773.   1181.      0.    435.    185.      0.      0.     88.   390.   659.   1.00    -53.      0.     83.      0.     94.      0.
  135  73   2163.     69.   2142.      0.   4373.    183.   0.76   4.87   1.00   0.35   0.00    125.   2922.    218.   1113.    777.   1181.      0.    432.    182.      0.      0.     88.   452.   728.   1.00     19.      0.     95.      0.    105.      1.
  145  73   2252.    388.   3752.     14.   6407.    273.   1.06   5.00   1.00   0.33   0.00    125.   2932.    218.   1143.    779.   1181.      0.    410.    160.      0.      0.     88.   546.   829.   1.00     13.      0.    101.      0.    110.      3.
  155  73   1907.    992.   5148.    389.   8437.    375.   1.23   4.19   1.00   0.33   0.00    125.   2963.    218.   1167.    783.   1181.      0.    413.    163.      0.      0.     88.   617.   905.   1.00      2.      0.    112.      0.    116.      7.
  165  73   1448.   1451.   6167.   1607.  10673.    472.   1.39   3.19   1.00   0.31   0.00    125.   2963.    218.   1193.    785.   1181.      0.    384.    134.      0.      0.     88.   705.  1007.   1.00     -6.      0.    120.      0.    120.     11.
  175  73   1054.   1846.   6262.   3504.  13053.    596.   1.60   2.32   1.00   0.29   0.00    125.   2963.    228.   1223.    791.   1181.      0.    358.    108.      0.      0.     88.   801.  1130.   1.00     22.      0.    120.      0.    116.     15.
  185  73    727.   2173.   5149.   4601.  14188.    754.   1.86   1.60   1.00   0.28   0.00    125.   2975.    248.   1250.    806.   1181.      0.    349.     99.      0.      0.     88.   880.  1250.   1.00     22.      0.    120.      0.    109.     22.
  192  73    589.   2311.   4561.   4727.  14315.    842.   2.01   1.29   1.00   0.27   0.00    125.   2977.    258.   1262.    818.   1181.      0.    337.     87.      0.      0.     88.   913.  1312.   1.00     22.      0.    120.      0.    105.     26.
  194  73      0.      0.      0.      0.      0.      0.   0.00   0.00   1.00   0.28   0.00    125.   2990.    258.   1262.    821.   1181.      0.    346.     96.      0.      0.     88.     0.     0.   1.00     22.      0.      0.      0.      0.      0.
  204  73      0.      0.      0.      0.      0.      0.   0.00   0.00   1.00   0.29   0.00    125.   3022.    258.   1262.    837.   1181.      0.    362.    112.      0.      0.     88.     0.     0.   1.00     22.      0.      0.      0.      0.      0.
  214  73      0.      0.      0.      0.      0.      0.   0.00   0.00   1.00   0.29   0.00    125.   3037.    258.   1262.    851.   1181.      0.    364.    114.      0.      0.     88.     0.     0.   1.00     22.      0.      0.      0.      0.      0.
  224  73      0.      0.      0.      0.      0.      0.   0.00   0.00   1.00   0.30   0.00    125.   3058.    258.   1262.    864.   1181.      0.    371.    121.      0.      0.     88.     0.     0.   1.00     22.      0.      0.      0.      0.      0.
  234  73      0.      0.      0.      0.      0.      0.   0.00   0.00   1.00   0.29   0.00    125.   3058.    258.   1262.    871.   1181.      0.    365.    115.      0.      0.     88.     0.     0.   1.00     22.      0.      0.      0.      0.      0.
  244  73      0.      0.      0.      0.      0.      0.   0.00   0.00   1.00   0.31   0.00    125.   3081.    258.   1262.    876.   1181.      0.    383.    133.      0.      0.     88.     0.     0.   1.00     22.      0.      0.      0.      0.      0.
  254  73      0.      0.      0.      0.      0.      0.   0.00   0.00   1.00   0.30   0.00    125.   3084.    258.   1262.    883.   1181.      0.    380.    130.      0.      0.     88.     0.     0.   1.00     22.      0.      0.      0.      0.      0.
  264  73      0.      0.      0.      0.      0.      0.   0.00   0.00   1.00   0.32   0.00    125.   3108.    258.   1262.    891.   1181.      0.    395.    145.      0.      0.     88.     0.     0.   1.00     22.      0.      0.      0.      0.      0.
  274  73      0.      0.      0.      0.      0.      0.   0.00   0.00   1.00   0.34   0.00    125.   3145.    258.   1262.    897.   1181.      0.    425.    175.      0.      0.     88.     0.     0.   1.00     22.      0.      0.      0.      0.      0.
  277  73      0.      0.      0.      0.      0.      0.   0.00   0.00   1.00   0.34   0.00    125.   3145.    258.   1262.    898.   1181.      0.    425.    175.      0.      0.     88.     0.     0.   1.00     22.      0.      0.      0.      0.      0.
  284  73      0.      0.      0.      0.      0.      0.   0.00   0.00   1.00   0.35   0.00    125.   3164.    258.   1262.    900.   1185.      0.    438.    187.      0.      0.     88.     0.     0.   1.00     22.      0.      0.      0.      0.      0.
  294  73      0.      0.      0.      0.      0.      0.   0.00   0.00   1.00   0.35   0.00    125.   3224.    258.   1262.    903.   1242.      0.    438.    187.      0.      0.     88.     0.     0.   1.00     22.      0.      0.      0.      0.      0.
  304  73      0.      0.      0.      0.      0.      0.   0.00   0.00   1.00   0.35   0.00    125.   3230.    258.   1262.    905.   1247.      0.    437.    187.      0.      0.     88.     0.     0.   1.00     22.      0.      0.      0.      0.      0.
  314  73      0.      0.      0.      0.      0.      0.   0.00   0.00   1.00   0.35   0.00    125.   3250.    258.   1262.    907.   1264.      0.    437.    187.      0.      0.     88.     0.     0.   1.00     22.      0.      0.      0.      0.      0.
  324  73      0.      0.      0.      0.      0.      0.   0.00   0.00   1.00   0.35   0.00    125.   3284.    258.   1262.    909.   1296.      0.    438.    187.      0.      0.     88.     0.     0.   1.00     22.      0.      0.      0.      0.      0.
  334  73      0.      0.      0.      0.      0.      0.   0.00   0.00   1.00   0.35   0.00    125.   3309.    258.   1262.    909.   1320.      0.    438.    187.      0.      0.     88.     0.     0.   1.00     22.      0.      0.      0.      0.      0.
  344  73      0.      0.      0.      0.      0.      0.   0.00   0.00   1.00   0.35   0.00    125.   3338.    258.   1262.    910.   1348.      0.    438.    187.      0.      0.     88.     0.     0.   1.00     22.      0.      0.      0.      0.      0.
  354  73      0.      0.      0.      0.      0.      0.   0.00   0.00   1.00   0.35   0.00    125.   3367.    258.   1262.    912.   1376.      0.    437.    187.      0.      0.     88.     0.     0.   1.00     22.      0.      0.      0.      0.      0.
  364  73      0.      0.      0.      0.      0.      0.   0.00   0.00   1.00   0.35   0.00    125.   3373.    258.   1262.    912.   1381.      0.    437.    187.      0.      0.     88.     0.     0.   1.00     22.      0.      0.      0.      0.      0.
    9  74      0.      0.      0.      0.      0.      0.   0.00   0.00   1.00   0.35   0.00    125.   3387.    258.   1262.    914.   1394.      0.    438.    187.      0.      0.     88.     0.     0.   1.00     22.      0.      0.      0.      0.      0.
   19  74      0.      0.      0.      0.      0.      0.   0.00   0.00   1.00   0.35   0.00    125.   3416.    258.   1262.    918.   1419.      0.    437.    187.      0.      0.     88.     0.     0.   1.00     22.      0.      0.      0.      0.      0.
   29  74      0.      0.      0.      0.      0.      0.   0.00   0.00   1.00   0.35   0.00    125.   3430.    258.   1262.    920.   1431.      0.    438.    187.      0.      0.     88.     0.     0.   1.00     22.      0.      0.      0.      0.      0.
   39  74      0.      0.      0.      0.      0.      0.   0.00   0.00   1.00   0.35   0.00    125.   3438.    258.   1262.    922.   1437.      0.    438.    187.      0.      0.     88.     0.     0.   1.00     22.      0.      0.      0.      0.      0.
   49  74      0.      0.      0.      0.      0.      0.   0.00   0.00   1.00   0.35   0.00    125.   3457.    258.   1262.    926.   1453.      0.    436.    186.      0.      0.     88.     0.     0.   1.00     22.      0.      0.      0.      0.      0.
   59  74      0.      0.      0.      0.      0.      0.   0.00   0.00   1.00   0.35   0.00    125.   3461.    258.   1262.    927.   1455.      0.    437.    187.      0.      0.     88.     0.     0.   1.00     22.      0.      0.      0.      0.      0.
   69  74      0.      0.      0.      0.      0.      0.   0.00   0.00   1.00   0.35   0.00    125.   3479.    258.   1262.    929.   1472.      0.    437.    187.      0.      0.     88.     0.     0.   1.00     22.      0.      0.      0.      0.      0.
   79  74      0.      0.      0.      0.      0.      0.   0.00   0.00   1.00   0.35   0.00    125.   3508.    258.   1262.    935.   1495.      0.    437.    187.      0.      0.     88.     0.     0.   1.00     22.      0.      0.      0.      0.      0.


Station=  WAGE , Soil=  1, Manage=  1, Rotat=  2 YrRot=  6 , NYear=  7 , NRot=  6 , Crop=  6, Irr.=  1, IOPT=  1,                  Runof=0.00, CO2=370. , StYear=1969, StDay=  1

 Planting on day  80, 1974
 Crop emergence on day   0, 1974
 Wageningen, long rotation 2, soil1, current                                     

 DAY  YEAR  WLVG    WLVD    WST    WSO     TAGB    TSUML    DVS    LAI  TRANRF  SMACT  SMACTL   RD    TRAIN   TIRR   TTRANS  TESOIL  TDRAIN  TRUNOF    WTOT   WAVT    WTOTL     WAVTL  WTOTLX  PARAB    PAR    NNI   NMINT  NMIN    NUPT     NFIX   NLIV   NLOSS  
   80  74     11.      0.     11.      0.     22.      0.   0.00   0.03   1.00   0.35   0.35     10.   3515.    258.   1262.    935.   1501.      0.     35.     15.    315.    135.    175.     0.     0.   1.00      0.     30.      0.      0.      2.      0.
   90  74     11.      0.     11.      0.     22.      0.   0.00   0.03   1.00   0.29   0.35     10.   3516.    258.   1262.    942.   1501.      0.     29.      9.    315.    135.    175.     0.    55.   1.00      0.     30.      0.      0.      2.      0.
   92  74     11.      0.     11.      0.     22.      0.   0.00   0.03   1.00   0.28   0.35     10.   3516.    258.   1263.    943.   1501.      0.     28.      8.    315.    135.    175.     0.    70.   1.00      0.     30.      0.      0.      2.      0.
  100  74     28.      0.     27.      0.     55.     96.   0.12   0.10   1.00   0.28   0.35     20.   3516.    258.   1263.    948.   1501.      0.     51.     15.    285.    122.    175.     3.   141.   1.00      6.     24.      0.      2.      4.      0.
  110  74     41.      0.     39.      0.     79.    172.   0.21   0.23   1.00   0.29   0.35     32.   3516.    258.   1265.    953.   1501.      0.     87.     26.    243.    104.    175.    14.   233.   1.00     13.     16.      1.      3.      5.      0.
  120  74     64.      0.     58.      0.    122.    234.   0.28   0.32   1.00   0.30   0.35     44.   3526.    258.   1267.    960.   1501.      0.    129.     44.    201.     86.    175.    27.   306.   1.00     20.      9.      1.      4.      6.      0.
  130  74    162.      0.    135.      0.    296.    318.   0.38   0.71   1.00   0.30   0.35     56.   3527.    258.   1272.    963.   1501.      0.    164.     56.    159.     68.    175.    45.   362.   1.00     26.      2.      2.      8.     12.      0.
  140  74    827.      0.    601.      0.   1428.    455.   0.55   3.47   1.00   0.32   0.35     68.   3560.    258.   1290.    972.   1501.      0.    212.     79.    118.     50.    175.   111.   458.   1.00    104.      0.     10.     40.     51.      0.
  150  74   1496.     84.   1183.     59.   2823.    576.   0.69   6.28   1.00   0.30   0.35     80.   3570.    258.   1317.    974.   1501.      0.    236.     79.     76.     32.    175.   200.   549.   1.00     93.      0.     21.     84.    105.      1.
  160  74   1685.    402.   1705.    197.   3990.    692.   0.83   7.07   1.00   0.32   0.35     92.   3613.    258.   1347.    974.   1501.      0.    291.    110.     34.     14.    175.   291.   641.   1.00     88.      0.     26.    106.    129.      4.
  170  74   1894.    870.   2720.    621.   6105.    841.   1.01   7.95   1.00   0.30   0.07    100.   3627.    258.   1381.    974.   1501.      0.    304.    104.      0.      0.    175.   398.   747.   1.00     80.      0.     34.    136.    162.      9.
  180  74   1733.   1444.   3649.   1444.   8270.    998.   1.13   7.28   1.00   0.29   0.07    100.   3642.    258.   1412.    975.   1501.      0.    288.     88.      0.      0.    175.   492.   842.   1.00     99.      0.     43.    174.    203.     15.
  190  74   1388.   1910.   4155.   2620.  10073.   1148.   1.24   5.83   1.00   0.30   0.07    100.   3685.    258.   1438.    975.   1501.      0.    304.    104.      0.      0.    175.   566.   916.   1.00     91.      0.     51.    205.    237.     20.
  200  74   1080.   2277.   4538.   4011.  11907.   1297.   1.35   4.54   1.00   0.29   0.07    100.   3700.    258.   1464.    976.   1501.      0.    292.     92.      0.      0.    175.   639.   991.   1.00     84.      0.     58.    231.    266.     24.
  210  74    835.   2558.   4777.   5298.  13468.   1443.   1.46   3.51   1.00   0.28   0.07    100.   3712.    258.   1487.    977.   1501.      0.    279.     79.      0.      0.    175.   708.  1062.   1.00     84.      0.     58.    231.    263.     27.
  220  74    621.   2777.   4274.   6611.  14834.   1597.   1.57   2.61   1.00   0.26   0.07    100.   3721.    258.   1510.    980.   1501.      0.    263.     63.      0.      0.    175.   778.  1139.   1.00     84.      0.     58.    231.    256.     34.
  230  74    446.   2952.   3496.   7552.  15778.   1768.   1.70   1.87   1.00   0.31   0.07    100.   3778.    268.   1528.    985.   1501.      0.    307.    107.      0.      0.    175.   836.  1210.   1.00     84.      0.     58.    231.    248.     43.
  240  74    327.   3071.   2856.   8374.  16601.   1924.   1.81   1.37   1.00   0.30   0.07    100.   3790.    268.   1545.    990.   1501.      0.    297.     97.      0.      0.    175.   904.  1303.   1.00     84.      0.     58.    231.    241.     49.
  250  74    248.   3150.   2382.   8667.  16894.   2062.   1.91   1.04   1.00   0.33   0.07    100.   3841.    268.   1555.    999.   1501.      0.    329.    129.      0.      0.    175.   939.  1358.   1.00     84.      0.     58.    231.    237.     54.
  259  74      0.      0.      0.      0.      0.      0.   0.00   0.00   1.00   0.34   0.07    100.   3860.    268.   1555.   1008.   1501.      0.    339.    139.      0.      0.    175.     0.     0.   1.00     84.      0.      0.      0.      0.      0.
  269  74      0.      0.      0.      0.      0.      0.   0.00   0.00   1.00   0.35   0.07    100.   3901.    268.   1555.   1012.   1526.      0.    350.    150.      0.      0.    175.     0.     0.   1.00     84.      0.      0.      0.      0.      0.
  279  74      0.      0.      0.      0.      0.      0.   0.00   0.00   1.00   0.35   0.07    100.   3932.    268.   1555.   1017.   1553.      0.    350.    150.      0.      0.    175.     0.     0.   1.00     84.      0.      0.      0.      0.      0.
  289  74      0.      0.      0.      0.      0.      0.   0.00   0.00   1.00   0.35   0.07    100.   3952.    268.   1555.   1020.   1570.      0.    350.    150.      0.      0.    175.     0.     0.   1.00     84.      0.      0.      0.      0.      0.
  299  74      0.      0.      0.      0.      0.      0.   0.00   0.00   1.00   0.35   0.07    100.   3996.    268.   1555.   1023.   1611.      0.    350.    150.      0.      0.    175.     0.     0.   1.00     84.      0.      0.      0.      0.      0.
  309  74      0.      0.      0.      0.      0.      0.   0.00   0.00   1.00   0.35   0.07    100.   4045.    268.   1555.   1025.   1658.      0.    350.    150.      0.      0.    175.     0.     0.   1.00     84.      0.      0.      0.      0.      0.
  319  74      0.      0.      0.      0.      0.      0.   0.00   0.00   1.00   0.35   0.07    100.   4061.    268.   1555.   1029.   1670.      0.    350.    150.      0.      0.    175.     0.     0.   1.00     84.      0.      0.      0.      0.      0.
  329  74      0.      0.      0.      0.      0.      0.   0.00   0.00   1.00   0.35   0.07    100.   4103.    268.   1555.   1032.   1709.      0.    350.    150.      0.      0.    175.     0.     0.   1.00     84.      0.      0.      0.      0.      0.
  339  74      0.      0.      0.      0.      0.      0.   0.00   0.00   1.00   0.35   0.07    100.   4138.    268.   1555.   1035.   1740.      0.    350.    150.      0.      0.    175.     0.     0.   1.00     84.      0.      0.      0.      0.      0.
  349  74      0.      0.      0.      0.      0.      0.   0.00   0.00   1.00   0.35   0.07    100.   4180.    268.   1555.   1038.   1779.      0.    350.    150.      0.      0.    175.     0.     0.   1.00     84.      0.      0.      0.      0.      0.
  359  74      0.      0.      0.      0.      0.      0.   0.00   0.00   1.00   0.35   0.07    100.   4204.    268.   1555.   1042.   1799.      0.    350.    150.      0.      0.    175.     0.     0.   1.00     84.      0.      0.      0.      0.      0.
    4  75      0.      0.      0.      0.      0.      0.   0.00   0.00   1.00   0.35   0.07    100.   4243.    268.   1555.   1046.   1834.      0.    350.    150.      0.      0.    175.     0.     0.   1.00     84.      0.      0.      0.      0.      0.
   14  75      0.      0.      0.      0.      0.      0.   0.00   0.00   1.00   0.35   0.07    100.   4267.    268.   1555.   1049.   1857.      0.    349.    149.      0.      0.    175.     0.     0.   1.00     84.      0.      0.      0.      0.      0.


Station=  WAGE , Soil=  1, Manage=  1, Rotat=  2 YrRot=  1 , NYear=  7 , NRot=  6 , Crop=  1, Irr.=  1, IOPT=  1,                  Runof=0.00, CO2=370. , StYear=1969, StDay=  1

 Planting on day   0, 1975
 Crop emergence on day  20, 1975
 Wageningen, long rotation 2, soil1, current                                     

 DAY  YEAR  WLVG    WLVD    WST    WSO     TAGB    TSUML    DVS    LAI  TRANRF  SMACT  SMACTL   RD    TRAIN   TIRR   TTRANS  TESOIL  TDRAIN  TRUNOF    WTOT   WAVT    WTOTL     WAVTL  WTOTLX  PARAB    PAR    NNI   NMINT  NMIN    NUPT     NFIX   NLIV   NLOSS  
   20  75     68.      0.     37.      0.    105.      0.   0.00   0.14   1.00   0.35   0.35     10.   4282.    268.   1555.   1051.   1868.      0.     35.     15.    403.    173.     88.     0.     0.   1.00      0.     30.      0.      0.      8.      0.
   30  75     72.      0.     39.      0.    111.      0.   0.00   0.22   1.00   0.35   0.35     22.   4324.    268.   1556.   1058.   1904.      0.     73.     31.    365.    156.     88.     1.    14.   1.00      7.     22.      0.      0.      9.      0.
   40  75     78.      0.     42.      0.    120.      0.   0.00   0.31   1.00   0.35   0.35     34.   4336.    268.   1556.   1060.   1914.      0.    114.     48.    323.    138.     88.     5.    40.   1.00     14.     15.      1.      0.     10.      0.
   50  75     83.      0.     44.      0.    127.      0.   0.00   0.42   1.00   0.35   0.35     46.   4354.    268.   1557.   1063.   1927.      0.    157.     67.    281.    120.     88.    10.    63.   1.00     21.      8.      1.      0.     10.      0.
   60  75     84.      0.     45.      0.    130.      3.   0.00   0.56   1.00   0.34   0.35     58.   4354.    268.   1558.   1064.   1927.      0.    196.     82.    239.    102.     88.    21.   108.   1.00     28.      0.      2.      0.     10.      0.
   70  75    123.      0.     66.      0.    189.     14.   0.02   0.81   1.00   0.35   0.35     70.   4378.    268.   1561.   1069.   1941.      0.    241.    103.    197.     84.     88.    30.   133.   1.00     24.      0.      6.      0.     14.      0.
   80  75    129.      0.     69.      0.    198.     23.   0.03   0.83   1.00   0.35   0.35     82.   4397.    268.   1562.   1073.   1955.      0.    283.    121.    155.     66.     88.    37.   152.   1.00     23.      0.      7.      0.     15.      0.
   90  75    130.      0.     70.      0.    200.     36.   0.05   0.83   1.00   0.35   0.35     94.   4431.    268.   1565.   1080.   1980.      0.    324.    139.    113.     48.     88.    57.   202.   1.00     23.      0.      7.      0.     15.      0.
  100  75    136.      0.     73.      0.    210.     52.   0.07   0.84   1.00   0.35   0.35    106.   4451.    268.   1569.   1087.   1988.      0.    367.    157.     71.     30.     88.    76.   251.   1.00     23.      0.      7.      0.     16.      0.
  110  75    186.      0.    100.      0.    285.    106.   0.15   0.95   1.00   0.35   0.35    118.   4478.    268.   1572.   1094.   2005.      0.    409.    175.     29.     12.     88.    90.   286.   1.00     19.      0.     11.      0.     19.      0.
  120  75    532.      0.    259.      0.    791.    195.   0.27   1.68   1.00   0.35   0.00    125.   4488.    268.   1580.   1100.   2005.      0.    434.    184.      0.     -0.     88.   130.   364.   1.00     -2.      0.     32.      0.     40.      0.
  130  75   1156.      0.    620.      0.   1776.    290.   0.40   3.00   1.00   0.35   0.00    125.   4514.    268.   1594.   1110.   2008.      0.    433.    183.      0.     -0.     88.   189.   445.   1.00    -34.      0.     64.      0.     73.      0.
  140  75   1930.     13.   1370.      0.   3313.    405.   0.56   4.64   1.00   0.34   0.00    125.   4529.    268.   1611.   1113.   2009.      0.    427.    177.      0.     -0.     88.   260.   525.   1.00     14.      0.    100.      0.    108.      0.
  150  75   2414.    195.   2740.      0.   5350.    510.   0.71   5.62   1.00   0.32   0.00    125.   4529.    268.   1638.   1114.   2009.      0.    399.    149.      0.     -0.     88.   354.   624.   1.00    -11.      0.    125.      0.    132.      1.
  160  75   2441.    471.   4273.      0.   7186.    612.   0.85   5.63   1.00   0.31   0.00    125.   4547.    268.   1665.   1116.   2009.      0.    388.    138.      0.     -0.     88.   450.   724.   1.00    -22.      0.    136.      0.    142.      2.
  170  75   2147.    852.   6033.    883.   9915.    769.   1.05   4.93   1.00   0.30   0.00    125.   4572.    268.   1696.   1118.   2009.      0.    380.    130.      0.     -0.     88.   543.   821.   1.00    -33.      0.    147.      0.    152.      3.
  180  75   1571.   1428.   6033.   3463.  12496.    928.   1.22   3.61   1.00   0.31   0.00    125.   4615.    268.   1722.   1121.   2009.      0.    393.    143.      0.     -0.     88.   630.   915.   1.00    -10.      0.    152.      0.    154.      6.
  190  75   1143.   1856.   6033.   6020.  15053.   1092.   1.39   2.63   1.00   0.31   0.00    125.   4641.    268.   1749.   1127.   2009.      0.    387.    137.      0.     -0.     88.   716.  1017.   1.00    -17.      0.    159.      0.    160.      7.
  200  75    803.   2196.   5565.   7387.  16419.   1277.   1.59   1.84   1.00   0.31   0.00    125.   4674.    268.   1767.   1135.   2009.      0.    393.    143.      0.     -0.     88.   774.  1094.   1.00    -17.      0.    159.      0.    157.     10.
  210  75    586.   2413.   4547.   8135.  17167.   1436.   1.76   1.35   1.00   0.32   0.00    125.   4708.    268.   1780.   1146.   2009.      0.    403.    153.      0.     -0.     88.   819.  1168.   1.00    -17.      0.    159.      0.    154.     13.
  220  75    396.   2603.   3715.   8697.  17730.   1649.   1.98   0.91   1.00   0.30   0.00    125.   4715.    268.   1798.   1161.   2009.      0.    377.    127.      0.     -0.     88.   876.  1283.   1.00    -17.      0.    159.      0.    151.     16.
  222  75    378.   2621.   3641.   8718.  17751.   1676.   2.01   0.87   1.00   0.30   0.00    125.   4719.    268.   1802.   1165.   2009.      0.    373.    123.      0.     -0.     88.   881.  1294.   1.00    -17.      0.    159.      0.    151.     17.
  229  75      0.      0.      0.      0.      0.      0.   0.00   0.00   1.00   0.31   0.00    125.   4740.    268.   1802.   1177.   2009.      0.    383.    133.      0.     -0.     88.     0.     0.   1.00    -17.      0.      0.      0.      0.      0.
  239  75      0.      0.      0.      0.      0.      0.   0.00   0.00   1.00   0.31   0.00    125.   4761.    268.   1802.   1189.   2009.      0.    392.    142.      0.     -0.     88.     0.     0.   1.00    -17.      0.      0.      0.      0.      0.
  249  75      0.      0.      0.      0.      0.      0.   0.00   0.00   1.00   0.31   0.00    125.   4765.    268.   1802.   1195.   2009.      0.    390.    140.      0.     -0.     88.     0.     0.   1.00    -17.      0.      0.      0.      0.      0.
  259  75      0.      0.      0.      0.      0.      0.   0.00   0.00   1.00   0.33   0.00    125.   4803.    268.   1802.   1205.   2009.      0.    418.    168.      0.     -0.     88.     0.     0.   1.00    -17.      0.      0.      0.      0.      0.
  269  75      0.      0.      0.      0.      0.      0.   0.00   0.00   1.00   0.35   0.00    125.   4824.    268.   1802.   1213.   2009.      0.    431.    181.      0.     -0.     88.     0.     0.   1.00    -17.      0.      0.      0.      0.      0.
  279  75      0.      0.      0.      0.      0.      0.   0.00   0.00   1.00   0.35   0.00    125.   4837.    268.   1802.   1221.   2009.      0.    435.    185.      0.     -0.     88.     0.     0.   1.00    -17.      0.      0.      0.      0.      0.
  289  75      0.      0.      0.      0.      0.      0.   0.00   0.00   1.00   0.35   0.00    125.   4846.    268.   1802.   1224.   2013.      0.    437.    187.      0.     -0.     88.     0.     0.   1.00    -17.      0.      0.      0.      0.      0.
  299  75      0.      0.      0.      0.      0.      0.   0.00   0.00   1.00   0.35   0.00    125.   4848.    268.   1802.   1225.   2014.      0.    437.    187.      0.     -0.     88.     0.     0.   1.00    -17.      0.      0.      0.      0.      0.
  309  75      0.      0.      0.      0.      0.      0.   0.00   0.00   1.00   0.35   0.00    125.   4856.    268.   1802.   1227.   2020.      0.    438.    187.      0.     -0.     88.     0.     0.   1.00    -17.      0.      0.      0.      0.      0.
  319  75      0.      0.      0.      0.      0.      0.   0.00   0.00   1.00   0.35   0.00    125.   4862.    268.   1802.   1227.   2026.      0.    437.    187.      0.     -0.     88.     0.     0.   1.00    -17.      0.      0.      0.      0.      0.
  329  75      0.      0.      0.      0.      0.      0.   0.00   0.00   1.00   0.35   0.00    125.   4899.    268.   1802.   1229.   2061.      0.    437.    187.      0.     -0.     88.     0.     0.   1.00    -17.      0.      0.      0.      0.      0.
  339  75      0.      0.      0.      0.      0.      0.   0.00   0.00   1.00   0.35   0.00    125.   4944.    268.   1802.   1231.   2104.      0.    438.    187.      0.     -0.     88.     0.     0.   1.00    -17.      0.      0.      0.      0.      0.
  349  75      0.      0.      0.      0.      0.      0.   0.00   0.00   1.00   0.35   0.00    125.   4948.    268.   1802.   1232.   2107.      0.    438.    187.      0.     -0.     88.     0.     0.   1.00    -17.      0.      0.      0.      0.      0.
  359  75      0.      0.      0.      0.      0.      0.   0.00   0.00   1.00   0.35   0.00    125.   4953.    268.   1802.   1233.   2111.      0.    438.    187.      0.     -0.     88.     0.     0.   1.00    -17.      0.      0.      0.      0.      0.
    1  76      0.      0.      0.      0.      0.      0.   0.00   0.00   1.00   0.35   0.00    125.   4971.    268.   1802.   1234.   2128.      0.    438.    187.      0.     -0.     88.     0.     0.   1.00    -17.      0.      0.      0.      0.      0.


DATA-FILE  WARO1PTS.OUT


Name of run: WAR02


Station=  WAGE , Soil=  1, Manage=  1, Rotat=  3 YrRot=  1 , NYear=  7 , NRot=  6 , Crop=  1, Irr.=  2, IOPT=  2,                  Runof=0.00, CO2=370. , StYear=1969, StDay=  1

 DAY  YEAR  WLVG    WLVD    WST    WSO     TAGB    TSUML    DVS    LAI  TRANRF  SMACT  SMACTL   RD    TRAIN   TIRR   TTRANS  TESOIL  TDRAIN  TRUNOF    WTOT   WAVT    WTOTL      WAVTL WTOTLX  PARAB    PAR    NNI   NMINT  NMIN    NUPT       NFIX   NLIV   NLOSS  
    1  69      0.      0.      0.      0.      0.      0.   0.00   0.00   1.00   0.30   0.30     10.   4971.    268.   1802.   1234.   2128.      0.    438.    187.      0.     -0.     88.     0.     0.   1.00    -17.      0.      0.      0.      0.      0.
    3  69      0.      0.      0.      0.      0.      0.   0.00   0.00   1.00   0.33   0.30     10.      3.      0.      0.      0.      0.      0.     33.     13.    345.    115.     75.     0.     0.   1.00    -17.      0.      0.      0.      0.      0.
   13  69      0.      0.      0.      0.      0.      0.   0.00   0.00   1.00   0.34   0.30     10.      5.      0.      0.      1.      0.      0.     34.     14.    345.    115.     75.     0.     0.   1.00    -17.      0.      0.      0.      0.      0.


Station=  WAGE , Soil=  1, Manage=  1, Rotat=  3 YrRot=  1 , NYear=  7 , NRot=  6 , Crop=  1, Irr.=  2, IOPT=  2,                  Runof=0.00, CO2=370. , StYear=1969, StDay=  1

 Planting on day   0, 1969
 Crop emergence on day  20, 1969
 Wageningen, long rotation 3, soil1, current                                     

 DAY  YEAR  WLVG    WLVD    WST    WSO     TAGB    TSUML    DVS    LAI  TRANRF  SMACT  SMACTL   RD    TRAIN   TIRR   TTRANS  TESOIL  TDRAIN  TRUNOF    WTOT   WAVT    WTOTL     WAVTL  WTOTLX  PARAB    PAR    NNI   NMINT  NMIN    NUPT     NFIX   NLIV   NLOSS  
   20  69     68.      0.     37.      0.    105.      0.   0.00   0.14   1.00   0.35   0.31     10.     18.      0.      0.      3.      0.      0.     35.     15.    354.    124.     77.     0.     0.   1.00      0.     30.      0.      0.      8.      0.
   30  69     72.      0.     39.      0.    111.      0.   0.00   0.24   1.00   0.34   0.32     22.     34.      0.      0.      4.      0.      0.     72.     30.    331.    123.     77.     1.    10.   1.00      7.     22.      0.      0.      9.      0.
   40  69     74.      0.     40.      0.    115.      0.   0.00   0.31   1.00   0.35   0.33     34.     50.      0.      1.      8.      0.      0.    114.     49.    301.    116.     77.     4.    27.   1.00     14.     15.      1.      0.      9.      0.
   50  69     74.      0.     40.      0.    115.      0.   0.00   0.31   1.00   0.35   0.34     46.     69.      0.      1.      8.      0.      0.    157.     67.    276.    116.     77.     8.    53.   1.00     22.      8.      1.      0.      9.      0.
   60  69     80.      0.     43.      0.    123.      1.   0.00   0.36   1.00   0.35   0.35     58.     80.      0.      2.     11.      0.      0.    197.     84.    239.    102.     81.    12.    75.   1.00     29.      0.      1.      0.     10.      0.
   70  69     81.      0.     43.      0.    124.      2.   0.00   0.43   1.00   0.35   0.35     70.     83.      0.      3.     14.      0.      0.    239.    101.    197.     84.     81.    21.   119.   1.00     28.      0.      2.      0.     10.      0.
   80  69     86.      0.     46.      0.    132.      7.   0.01   0.55   1.00   0.35   0.35     82.    119.      0.      4.     18.     23.      0.    282.    120.    155.     66.     88.    27.   140.   1.00     28.      0.      2.      0.     10.      0.
   90  69     86.      0.     46.      0.    132.     14.   0.02   0.65   1.00   0.35   0.35     94.    126.      0.      7.     22.     23.      0.    324.    139.    113.     48.     88.    42.   190.   1.00     28.      0.      2.      0.     10.      0.
  100  69    250.      0.    135.      0.    384.     59.   0.08   1.09   1.00   0.34   0.35    106.    138.      0.     14.     30.     33.      0.    352.    143.     71.     30.     88.    71.   266.   1.00     14.      0.     16.      0.     24.      0.
  110  69    329.      0.    177.      0.    506.     97.   0.14   1.26   1.00   0.35   0.35    118.    184.      0.     22.     41.     48.      0.    407.    173.     29.     12.     88.   102.   326.   1.00      3.      0.     27.      0.     36.      0.
  120  69    631.      0.    318.      0.    949.    175.   0.24   1.90   1.00   0.34   0.01    125.    212.      0.     31.     50.     62.      0.    431.    181.      0.      0.     88.   144.   397.   1.00    -18.      0.     48.      0.     56.      0.
  130  69   1228.      0.    658.      0.   1886.    293.   0.41   3.16   1.00   0.33   0.01    125.    218.      0.     46.     56.     62.      0.    416.    166.      0.      0.     88.   197.   469.   1.00    -43.      0.     73.      0.     81.      0.
  140  69   1910.     29.   1389.      0.   3327.    432.   0.60   4.60   1.00   0.34   0.01    125.    257.      0.     71.     61.     62.      0.    426.    176.      0.      0.     88.   259.   537.   1.00     13.      0.    101.      0.    110.      0.
  150  69   2309.    184.   2899.      0.   5391.    560.   0.78   5.41   1.00   0.33   0.01    125.    275.      0.     98.     64.     62.      0.    413.    163.      0.      0.     88.   341.   623.   1.00     -5.      0.    119.      0.    126.      1.
  160  69   2240.    415.   4697.      0.   7351.    680.   0.94   5.21   1.00   0.34   0.01    125.    316.      0.    126.     66.     67.      0.    420.    170.      0.      0.     88.   415.   700.   1.00    -15.      0.    129.      0.    136.      2.
  170  69   1712.    945.   5496.   2499.  10651.    858.   1.15   3.98   1.00   0.33   0.01    125.    331.     20.    170.     70.     67.      0.    406.    156.      0.      0.     88.   526.   818.   1.00    -24.      0.    138.      0.    143.      4.
  180  69   1267.   1390.   5496.   4508.  12661.   1009.   1.31   2.95   1.00   0.31   0.01    125.    346.     20.    194.     75.     67.      0.    392.    142.      0.      0.     88.   592.   894.   1.00     -7.      0.    149.      0.    152.      6.
  190  69    922.   1735.   5496.   6342.  14495.   1171.   1.48   2.14   1.00   0.31   0.01    125.    365.     20.    217.     81.     67.      0.    383.    133.      0.      0.     88.   660.   979.   1.00     -7.      0.    149.      0.    151.      7.
  200  69    672.   1985.   4676.   7456.  15609.   1333.   1.65   1.56   1.00   0.29   0.01    125.    376.     20.    235.     90.     67.      0.    366.    116.      0.      0.     88.   714.  1060.   1.00     -7.      0.    149.      0.    148.     10.
  210  69    459.   2197.   3820.   8180.  16332.   1537.   1.86   1.07   1.00   0.29   0.01    125.    389.     40.    253.    106.     67.      0.    366.    116.      0.      0.     88.   765.  1153.   1.00     -7.      0.    149.      0.    145.     13.
  217  69    361.   2295.   3384.   8345.  16497.   1669.   2.00   0.84   1.00   0.29   0.01    125.    406.     40.    265.    119.     67.      0.    357.    107.      0.      0.     88.   789.  1207.   1.00     -7.      0.    149.      0.    143.     15.
  219  69      0.      0.      0.      0.      0.      0.   0.00   0.00   1.00   0.28   0.01    125.    406.     40.    265.    123.     67.      0.    353.    103.      0.      0.     88.     0.     0.   1.00     -7.      0.      0.      0.      0.      0.
  229  69      0.      0.      0.      0.      0.      0.   0.00   0.00   1.00   0.29   0.01    125.    434.     40.    265.    143.     67.      0.    362.    112.      0.      0.     88.     0.     0.   1.00     -7.      0.      0.      0.      0.      0.
  239  69      0.      0.      0.      0.      0.      0.   0.00   0.00   1.00   0.33   0.01    125.    506.     40.    265.    159.     67.      0.    418.    168.      0.      0.     88.     0.     0.   1.00     -7.      0.      0.      0.      0.      0.
  249  69      0.      0.      0.      0.      0.      0.   0.00   0.00   1.00   0.34   0.01    125.    518.     40.    265.    169.     67.      0.    420.    170.      0.      0.     88.     0.     0.   1.00     -7.      0.      0.      0.      0.      0.
  259  69      0.      0.      0.      0.      0.      0.   0.00   0.00   1.00   0.33   0.01    125.    518.     40.    265.    173.     67.      0.    416.    166.      0.      0.     88.     0.     0.   1.00     -7.      0.      0.      0.      0.      0.
  269  69      0.      0.      0.      0.      0.      0.   0.00   0.00   1.00   0.33   0.01    125.    524.     40.    265.    179.     67.      0.    416.    166.      0.      0.     88.     0.     0.   1.00     -7.      0.      0.      0.      0.      0.
  279  69      0.      0.      0.      0.      0.      0.   0.00   0.00   1.00   0.33   0.01    125.    531.     40.    265.    185.     67.      0.    417.    167.      0.      0.     88.     0.     0.   1.00     -7.      0.      0.      0.      0.      0.
  289  69      0.      0.      0.      0.      0.      0.   0.00   0.00   1.00   0.33   0.01    125.    532.     40.    265.    187.     67.      0.    416.    166.      0.      0.     88.     0.     0.   1.00     -7.      0.      0.      0.      0.      0.
  299  69      0.      0.      0.      0.      0.      0.   0.00   0.00   1.00   0.34   0.01    125.    545.     40.    265.    192.     67.      0.    424.    174.      0.      0.     88.     0.     0.   1.00     -7.      0.      0.      0.      0.      0.
  309  69      0.      0.      0.      0.      0.      0.   0.00   0.00   1.00   0.34   0.01    125.    554.     40.    265.    195.     67.      0.    429.    179.      0.      0.     88.     0.     0.   1.00     -7.      0.      0.      0.      0.      0.
  319  69      0.      0.      0.      0.      0.      0.   0.00   0.00   1.00   0.35   0.01    125.    592.     40.    265.    199.     92.      0.    438.    187.      0.      0.     88.     0.     0.   1.00     -7.      0.      0.      0.      0.      0.
  329  69      0.      0.      0.      0.      0.      0.   0.00   0.00   1.00   0.35   0.01    125.    599.     40.    265.    203.     96.      0.    438.    187.      0.      0.     88.     0.     0.   1.00     -7.      0.      0.      0.      0.      0.
  339  69      0.      0.      0.      0.      0.      0.   0.00   0.00   1.00   0.35   0.01    125.    611.     40.    265.    203.    108.      0.    438.    187.      0.      0.     88.     0.     0.   1.00     -7.      0.      0.      0.      0.      0.
  349  69      0.      0.      0.      0.      0.      0.   0.00   0.00   1.00   0.35   0.01    125.    621.     40.    265.    203.    119.      0.    438.    187.      0.      0.     88.     0.     0.   1.00     -7.      0.      0.      0.      0.      0.
  359  69      0.      0.      0.      0.      0.      0.   0.00   0.00   1.00   0.35   0.01    125.    643.     40.    265.    204.    140.      0.    438.    187.      0.      0.     88.     0.     0.   1.00     -7.      0.      0.      0.      0.      0.
    4  70      0.      0.      0.      0.      0.      0.   0.00   0.00   1.00   0.35   0.01    125.    648.     40.    265.    204.    144.      0.    438.    187.      0.      0.     88.     0.     0.   1.00     -7.      0.      0.      0.      0.      0.
   14  70      0.      0.      0.      0.      0.      0.   0.00   0.00   1.00   0.35   0.01    125.    658.     40.    265.    205.    152.      0.    437.    187.      0.      0.     88.     0.     0.   1.00     -7.      0.      0.      0.      0.      0.
   20  70      0.      0.      0.      0.      0.      0.   0.00   0.00   1.00   0.35   0.01    125.    663.     40.    265.    205.    158.      0.    437.    187.      0.      0.     88.     0.     0.   1.00     -7.      0.      0.      0.      0.      0.
   24  70      0.      0.      0.      0.      0.      0.   0.00   0.00   1.00   0.35   0.01    125.    668.     40.    265.    206.    163.      0.    438.    187.      0.      0.     88.     0.     0.   1.00     -7.      0.      0.      0.      0.      0.
   34  70      0.      0.      0.      0.      0.      0.   0.00   0.00   1.00   0.35   0.01    125.    700.     40.    265.    206.    194.      0.    438.    187.      0.      0.     88.     0.     0.   1.00     -7.      0.      0.      0.      0.      0.
   44  70      0.      0.      0.      0.      0.      0.   0.00   0.00   1.00   0.35   0.01    125.    727.     40.    265.    209.    218.      0.    438.    187.      0.      0.     88.     0.     0.   1.00     -7.      0.      0.      0.      0.      0.
   54  70      0.      0.      0.      0.      0.      0.   0.00   0.00   1.00   0.35   0.01    125.    777.     40.    265.    211.    267.      0.    438.    187.      0.      0.     88.     0.     0.   1.00     -7.      0.      0.      0.      0.      0.
   64  70      0.      0.      0.      0.      0.      0.   0.00   0.00   1.00   0.35   0.01    125.    795.     40.    265.    214.    282.      0.    437.    187.      0.      0.     88.     0.     0.   1.00     -7.      0.      0.      0.      0.      0.
   74  70      0.      0.      0.      0.      0.      0.   0.00   0.00   1.00   0.35   0.01    125.    799.     40.    265.    216.    284.      0.    437.    187.      0.      0.     88.     0.     0.   1.00     -7.      0.      0.      0.      0.      0.
   84  70      0.      0.      0.      0.      0.      0.   0.00   0.00   1.00   0.35   0.01    125.    822.     40.    265.    221.    301.      0.    437.    187.      0.      0.     88.     0.     0.   1.00     -7.      0.      0.      0.      0.      0.
   94  70      0.      0.      0.      0.      0.      0.   0.00   0.00   1.00   0.35   0.01    125.    854.     40.    265.    230.    325.      0.    437.    187.      0.      0.     88.     0.     0.   1.00     -7.      0.      0.      0.      0.      0.


Station=  WAGE , Soil=  1, Manage=  1, Rotat=  3 YrRot=  2 , NYear=  7 , NRot=  6 , Crop=  2, Irr.=  2, IOPT=  2,                  Runof=0.00, CO2=370. , StYear=1969, StDay=  1

 Planting on day 100, 1970
 Crop emergence on day   0, 1970
 Wageningen, long rotation 3, soil1, current                                     

 DAY  YEAR  WLVG    WLVD    WST    WSO     TAGB    TSUML    DVS    LAI  TRANRF  SMACT  SMACTL   RD    TRAIN   TIRR   TTRANS  TESOIL  TDRAIN  TRUNOF    WTOT   WAVT    WTOTL     WAVTL  WTOTLX  PARAB    PAR    NNI   NMINT  NMIN    NUPT     NFIX   NLIV   NLOSS  
  100  70      0.      0.      0.      0.      0.      0.   0.00   0.00   1.00   0.35   0.35     10.    883.     40.    265.    234.    349.      0.     35.     15.    385.    165.    105.     0.     0.   1.00      0.     30.      0.      0.      0.      0.
  110  70      0.      0.      0.      0.      0.      0.   0.00   0.00   1.00   0.33   0.35     10.    898.     40.    265.    246.    354.      0.     33.     13.    385.    165.    105.     0.    48.   1.00      0.     30.      0.      0.      0.      0.
  117  70      0.      0.      0.      0.      0.      0.   0.00   0.00   1.00   0.34   0.35     10.    915.     40.    265.    256.    360.      0.     34.     14.    385.    165.    105.     0.    77.   1.00      0.     30.      0.      0.      0.      0.
  120  70      0.      0.      0.      0.      0.      7.   0.01   0.00   1.00   0.34   0.35     14.    929.     40.    265.    263.    367.      0.     42.     18.    377.    161.    105.     0.   102.   1.00      2.     28.      0.      0.      0.      0.
  130  70      2.      0.      0.      0.      2.     99.   0.15   0.00   1.00   0.32   0.35     26.    935.     40.    265.    276.    367.      0.     77.     28.    335.    143.    105.     0.   186.   1.00     10.     20.      0.      0.      0.      0.
  140  70      8.      0.      2.      0.     10.    210.   0.32   0.02   1.00   0.32   0.35     38.    942.     40.    265.    287.    367.      0.    115.     42.    293.    125.    105.     1.   266.   1.00    101.     13.      0.      0.      0.      0.
  150  70     30.      0.     11.      0.     42.    297.   0.46   0.06   1.00   0.32   0.35     50.    950.     40.    266.    299.    367.      0.    153.     56.    251.    107.    105.     2.   346.   1.00    107.      5.      2.      0.      2.      0.
  160  70    168.      0.     84.      0.    253.    421.   0.65   0.34   1.00   0.31   0.35     62.    951.     40.    269.    307.    367.      0.    185.     64.    209.     89.    105.    13.   457.   1.00    104.      0.     10.      0.     10.      0.
  170  70    795.      0.    535.      0.   1330.    561.   0.86   1.59   1.00   0.30   0.35     74.    960.     60.    281.    330.    367.      0.    220.     76.    167.     71.    105.    60.   575.   1.00     66.      0.     48.      0.     48.      0.
  180  70   1672.     16.   1373.     44.   3104.    715.   1.05   3.34   1.00   0.28   0.35     86.    968.     60.    306.    337.    367.      0.    239.     70.    125.     53.    105.   135.   669.   1.00     27.      0.    115.      0.    114.      0.
  190  70   2257.     23.   1993.    512.   4784.    845.   1.14   4.52   1.00   0.31   0.35     98.   1018.     60.    331.    340.    367.      0.    301.    109.     83.     35.    105.   195.   734.   1.00    -14.      0.    156.      0.    155.      1.
  200  70   2580.    191.   2550.   1650.   6970.    971.   1.23   5.16   1.00   0.34   0.35    110.   1071.     60.    359.    342.    367.      0.    368.    151.     41.     17.    105.   269.   810.   1.00    -58.      0.    200.      0.    195.      5.
  210  70   2394.    536.   2789.   2990.   8710.   1096.   1.32   4.79   1.00   0.35   0.00    120.   1100.     80.    383.    344.    383.      0.    415.    175.      0.     -0.    105.   326.   869.   1.00    -78.      0.    220.      0.    207.     13.
  220  70   1772.   1285.   3042.   5134.  11233.   1258.   1.44   3.54   1.00   0.33   0.00    120.   1107.     80.    412.    346.    383.      0.    392.    152.      0.     -0.    105.   411.   959.   1.00    -94.      0.    236.      0.    205.     31.
  230  70   1370.   1773.   3027.   6606.  12964.   1387.   1.53   2.74   1.00   0.34   0.00    120.   1130.    100.    431.    349.    385.      0.    410.    170.      0.     -0.    105.   471.  1027.   1.00   -106.      0.    248.      0.    202.     47.
  240  70   1068.   2156.   2620.   7994.  14593.   1517.   1.62   2.14   1.00   0.33   0.00    120.   1139.    100.    449.    354.    385.      0.    396.    156.      0.     -0.    105.   529.  1098.   1.00   -106.      0.    248.      0.    180.     68.
  250  70    849.   2448.   2254.   9237.  16034.   1640.   1.71   1.70   1.00   0.32   0.00    120.   1142.    100.    464.    358.    385.      0.    379.    139.      0.     -0.    105.   580.  1168.   1.00   -106.      0.    248.      0.    163.     86.
  260  70    663.   2671.   1892.   9886.  16775.   1758.   1.79   1.33   1.00   0.35   0.00    120.   1216.    100.    476.    366.    399.      0.    420.    180.      0.     -0.    105.   607.  1209.   1.00   -106.      0.    248.      0.    148.    100.
  270  70    539.   2834.   1591.  10586.  17565.   1863.   1.87   1.08   1.00   0.34   0.00    120.   1216.    100.    481.    369.    399.      0.    412.    172.      0.     -0.    105.   640.  1267.   1.00   -106.      0.    248.      0.    137.    112.
  280  70    431.   2967.   1323.  11022.  18051.   1970.   1.95   0.86   1.00   0.35   0.00    120.   1252.    100.    487.    376.    414.      0.    420.    180.      0.     -0.    105.   658.  1303.   1.00   -106.      0.    248.      0.    128.    121.
  290  70    361.   3051.   1116.  11282.  18340.   2047.   2.00   0.72   1.00   0.35   0.00    120.   1253.    100.    490.    378.    414.      0.    416.    176.      0.     -0.    105.   670.  1332.   1.00   -106.      0.    248.      0.    121.    128.
  299  70      0.      0.      0.      0.      0.      0.   0.00   0.00   1.00   0.35   0.00    120.   1285.    100.    490.    382.    439.      0.    420.    180.      0.     -0.    105.     0.     0.   1.00   -106.      0.      0.      0.      0.      0.
  309  70      0.      0.      0.      0.      0.      0.   0.00   0.00   1.00   0.35   0.00    120.   1348.    100.    490.    387.    497.      0.    420.    180.      0.     -0.    105.     0.     0.   1.00   -106.      0.      0.      0.      0.      0.
  319  70      0.      0.      0.      0.      0.      0.   0.00   0.00   1.00   0.35   0.00    120.   1361.    100.    490.    390.    507.      0.    420.    180.      0.     -0.    105.     0.     0.   1.00   -106.      0.      0.      0.      0.      0.
  329  70      0.      0.      0.      0.      0.      0.   0.00   0.00   1.00   0.35   0.00    120.   1384.    100.    490.    393.    526.      0.    420.    180.      0.     -0.    105.     0.     0.   1.00   -106.      0.      0.      0.      0.      0.
  339  70      0.      0.      0.      0.      0.      0.   0.00   0.00   1.00   0.35   0.00    120.   1422.    100.    490.    394.    563.      0.    420.    180.      0.     -0.    105.     0.     0.   1.00   -106.      0.      0.      0.      0.      0.
  349  70      0.      0.      0.      0.      0.      0.   0.00   0.00   1.00   0.35   0.00    120.   1431.    100.    490.    395.    572.      0.    420.    180.      0.     -0.    105.     0.     0.   1.00   -106.      0.      0.      0.      0.      0.
  359  70      0.      0.      0.      0.      0.      0.   0.00   0.00   1.00   0.35   0.00    120.   1436.    100.    490.    395.    576.      0.    420.    180.      0.     -0.    105.     0.     0.   1.00   -106.      0.      0.      0.      0.      0.
    4  71      0.      0.      0.      0.      0.      0.   0.00   0.00   1.00   0.35   0.00    120.   1442.    100.    490.    395.    582.      0.    420.    180.      0.     -0.    105.     0.     0.   1.00   -106.      0.      0.      0.      0.      0.
   14  71      0.      0.      0.      0.      0.      0.   0.00   0.00   1.00   0.35   0.00    120.   1444.    100.    490.    395.    584.      0.    420.    180.      0.     -0.    105.     0.     0.   1.00   -106.      0.      0.      0.      0.      0.
   24  71      0.      0.      0.      0.      0.      0.   0.00   0.00   1.00   0.35   0.00    120.   1469.    100.    490.    397.    608.      0.    420.    180.      0.     -0.    105.     0.     0.   1.00   -106.      0.      0.      0.      0.      0.
   34  71      0.      0.      0.      0.      0.      0.   0.00   0.00   1.00   0.35   0.00    120.   1502.    100.    490.    399.    639.      0.    420.    180.      0.     -0.    105.     0.     0.   1.00   -106.      0.      0.      0.      0.      0.
   44  71      0.      0.      0.      0.      0.      0.   0.00   0.00   1.00   0.35   0.00    120.   1509.    100.    490.    400.    644.      0.    420.    180.      0.     -0.    105.     0.     0.   1.00   -106.      0.      0.      0.      0.      0.
   54  71      0.      0.      0.      0.      0.      0.   0.00   0.00   1.00   0.35   0.00    120.   1533.    100.    490.    403.    665.      0.    420.    180.      0.     -0.    105.     0.     0.   1.00   -106.      0.      0.      0.      0.      0.
   64  71      0.      0.      0.      0.      0.      0.   0.00   0.00   1.00   0.35   0.00    120.   1537.    100.    490.    405.    668.      0.    420.    180.      0.     -0.    105.     0.     0.   1.00   -106.      0.      0.      0.      0.      0.
   74  71      0.      0.      0.      0.      0.      0.   0.00   0.00   1.00   0.35   0.00    120.   1550.    100.    490.    409.    677.      0.    420.    180.      0.     -0.    105.     0.     0.   1.00   -106.      0.      0.      0.      0.      0.
   84  71      0.      0.      0.      0.      0.      0.   0.00   0.00   1.00   0.35   0.00    120.   1570.    100.    490.    416.    689.      0.    420.    180.      0.     -0.    105.     0.     0.   1.00   -106.      0.      0.      0.      0.      0.
   94  71      0.      0.      0.      0.      0.      0.   0.00   0.00   1.00   0.35   0.00    120.   1573.    100.    490.    420.    690.      0.    418.    178.      0.     -0.    105.     0.     0.   1.00   -106.      0.      0.      0.      0.      0.
  104  71      0.      0.      0.      0.      0.      0.   0.00   0.00   1.00   0.35   0.00    120.   1573.    100.    490.    423.    690.      0.    415.    175.      0.     -0.    105.     0.     0.   1.00   -106.      0.      0.      0.      0.      0.
  114  71      0.      0.      0.      0.      0.      0.   0.00   0.00   1.00   0.35   0.00    120.   1581.    100.    490.    429.    690.      0.    417.    177.      0.     -0.    105.     0.     0.   1.00   -106.      0.      0.      0.      0.      0.
  117  71      0.      0.      0.      0.      0.      0.   0.00   0.00   1.00   0.35   0.00    120.   1592.    100.    490.    433.    695.      0.    420.    180.      0.     -0.    105.     0.     0.   1.00   -106.      0.      0.      0.      0.      0.


Station=  WAGE , Soil=  1, Manage=  1, Rotat=  3 YrRot=  3 , NYear=  7 , NRot=  6 , Crop=  3, Irr.=  2, IOPT=  2,                  Runof=0.00, CO2=370. , StYear=1969, StDay=  1

 Planting on day 120, 1971
 Crop emergence on day   0, 1971
 Wageningen, long rotation 3, soil1, current                                     

 DAY  YEAR  WLVG    WLVD    WST    WSO     TAGB    TSUML    DVS    LAI  TRANRF  SMACT  SMACTL   RD    TRAIN   TIRR   TTRANS  TESOIL  TDRAIN  TRUNOF    WTOT   WAVT    WTOTL     WAVTL  WTOTLX  PARAB    PAR    NNI   NMINT  NMIN    NUPT     NFIX   NLIV   NLOSS  
  120  71     19.      0.     11.      0.     30.      0.   0.00   0.05   1.00   0.34   0.35     10.   1592.    100.    490.    436.    695.      0.     34.     14.    314.    134.    174.     0.     0.   1.00      0.     30.      0.      0.      2.      0.
  130  71     19.      0.     11.      0.     30.      0.   0.00   0.05   1.00   0.26   0.35     10.   1600.    100.    491.    450.    695.      0.     26.      6.    314.    134.    174.     0.   104.   1.00      0.     30.      0.      0.      2.      0.
  134  71     19.      0.     11.      0.     30.      0.   0.00   0.05   0.00   0.19   0.35     10.   1603.    100.    491.    461.    695.      0.     19.     -2.    314.    134.    174.     0.   150.   1.00     84.     30.      0.      0.      2.      0.
  140  71     35.      2.     23.      0.     59.     57.   0.08   0.09   1.00   0.32   0.35     16.   1642.    100.    491.    476.    704.      0.     47.     17.    298.    128.    175.     2.   196.   1.00     87.     26.      1.      0.      3.      0.
  150  71    101.      2.     63.      0.    166.    129.   0.19   0.23   1.00   0.32   0.35     28.   1660.    100.    493.    495.    704.      0.     87.     33.    256.    110.    175.     8.   276.   1.00     89.     19.      6.      0.      8.      0.
  160  71    535.      2.    329.      0.    865.    231.   0.33   1.11   1.00   0.28   0.35     40.   1660.    100.    500.    509.    704.      0.    108.     31.    214.     92.    175.    34.   380.   1.00     69.     11.     34.      0.     36.      0.
  170  71    942.      2.    620.      0.   1564.    301.   0.43   1.90   1.00   0.35   0.35     52.   1720.    120.    511.    521.    733.      0.    178.     76.    172.     74.    175.    71.   441.   1.00     52.      4.     59.      0.     61.      0.
  180  71   1693.      2.   1420.      0.   3114.    383.   0.55   3.19   1.00   0.35   0.35     64.   1758.    120.    530.    529.    745.      0.    220.     94.    130.     56.    175.   125.   512.   1.00     41.      0.    101.      0.    103.      0.
  190  71   2822.     34.   3400.      0.   6256.    492.   0.71   4.87   1.00   0.30   0.35     76.   1760.    120.    562.    533.    745.      0.    227.     77.     88.     38.    175.   225.   624.   1.00    -12.      0.    154.      0.    156.      0.
  200  71   3209.    314.   5453.      0.   8976.    595.   0.86   5.24   1.00   0.27   0.35     88.   1760.    120.    594.    534.    745.      0.    236.     62.     46.     20.    175.   318.   721.   1.00    -40.      0.    182.      0.    182.      2.
  210  71   3258.    602.   7321.     62.  11242.    708.   1.02   5.17   1.00   0.30   0.35    100.   1789.    140.    617.    536.    745.      0.    301.    103.      4.      2.    175.   383.   789.   1.00    -44.      0.    186.      0.    185.      3.
  220  71   2573.   1635.   8875.   1638.  14720.    835.   1.17   3.97   1.00   0.30   0.07    100.   1813.    140.    647.    539.    745.      0.    297.     97.      0.      0.    175.   461.   871.   1.00    -60.      0.    202.      0.    195.      9.
  230  71   1889.   2335.   8942.   3325.  16492.    935.   1.28   2.91   1.00   0.31   0.07    100.   1824.    160.    665.    543.    745.      0.    305.    105.      0.      0.    175.   514.   932.   1.00    -68.      0.    210.      0.    200.     12.
  240  71   1346.   2878.   8942.   5539.  18706.   1051.   1.42   2.08   1.00   0.31   0.07    100.   1852.    160.    684.    550.    745.      0.    308.    108.      0.      0.    175.   571.  1006.   1.00    -70.      0.    212.      0.    199.     15.
  250  71    990.   3235.   8417.   6781.  19948.   1145.   1.53   1.53   1.00   0.29   0.07    100.   1857.    160.    697.    555.    745.      0.    294.     94.      0.      0.    175.   612.  1069.   1.00    -70.      0.    212.      0.    195.     19.
  260  71    773.   3451.   6877.   7237.  20404.   1205.   1.60   1.19   1.00   0.28   0.07    100.   1858.    160.    705.    558.    745.      0.    284.     84.      0.      0.    175.   649.  1136.   1.00    -70.      0.    212.      0.    189.     25.
  270  71    597.   3627.   5619.   7417.  20583.   1272.   1.67   0.92   1.00   0.29   0.07    100.   1869.    160.    710.    562.    745.      0.    286.     86.      0.      0.    175.   675.  1189.   1.00    -70.      0.    212.      0.    183.     31.
  280  71    467.   3757.   4591.   7616.  20783.   1330.   1.74   0.72   1.00   0.29   0.07    100.   1875.    160.    713.    566.    745.      0.    286.     86.      0.      0.    175.   692.  1234.   1.00    -70.      0.    212.      0.    179.     35.
  290  71    378.   3847.   3828.   7748.  20914.   1380.   1.80   0.58   1.00   0.28   0.07    100.   1878.    160.    716.    569.    745.      0.    283.     83.      0.      0.    175.   703.  1268.   1.00    -70.      0.    212.      0.    176.     38.
  299  71      0.      0.      0.      0.      0.      0.   0.00   0.00   1.00   0.30   0.07    100.   1899.    160.    716.    575.    745.      0.    298.     98.      0.      0.    175.     0.     0.   1.00    -70.      0.      0.      0.      0.      0.
  309  71      0.      0.      0.      0.      0.      0.   0.00   0.00   1.00   0.30   0.07    100.   1899.    160.    716.    576.    745.      0.    297.     97.      0.      0.    175.     0.     0.   1.00    -70.      0.      0.      0.      0.      0.
  319  71      0.      0.      0.      0.      0.      0.   0.00   0.00   1.00   0.31   0.07    100.   1910.    160.    716.    578.    745.      0.    306.    106.      0.      0.    175.     0.     0.   1.00    -70.      0.      0.      0.      0.      0.
  329  71      0.      0.      0.      0.      0.      0.   0.00   0.00   1.00   0.34   0.07    100.   1946.    160.    716.    581.    745.      0.    339.    139.      0.      0.    175.     0.     0.   1.00    -70.      0.      0.      0.      0.      0.
  339  71      0.      0.      0.      0.      0.      0.   0.00   0.00   1.00   0.35   0.07    100.   1958.    160.    716.    581.    746.      0.    350.    150.      0.      0.    175.     0.     0.   1.00    -70.      0.      0.      0.      0.      0.
  349  71      0.      0.      0.      0.      0.      0.   0.00   0.00   1.00   0.35   0.07    100.   1964.    160.    716.    582.    751.      0.    350.    150.      0.      0.    175.     0.     0.   1.00    -70.      0.      0.      0.      0.      0.
  359  71      0.      0.      0.      0.      0.      0.   0.00   0.00   1.00   0.35   0.07    100.   1985.    160.    716.    583.    772.      0.    350.    150.      0.      0.    175.     0.     0.   1.00    -70.      0.      0.      0.      0.      0.
    4  72      0.      0.      0.      0.      0.      0.   0.00   0.00   1.00   0.35   0.07    100.   1987.    160.    716.    583.    773.      0.    350.    150.      0.      0.    175.     0.     0.   1.00    -70.      0.      0.      0.      0.      0.
   14  72      0.      0.      0.      0.      0.      0.   0.00   0.00   1.00   0.35   0.07    100.   1992.    160.    716.    583.    778.      0.    350.    150.      0.      0.    175.     0.     0.   1.00    -70.      0.      0.      0.      0.      0.
   24  72      0.      0.      0.      0.      0.      0.   0.00   0.00   1.00   0.35   0.07    100.   2006.    160.    716.    584.    791.      0.    350.    150.      0.      0.    175.     0.     0.   1.00    -70.      0.      0.      0.      0.      0.
   34  72      0.      0.      0.      0.      0.      0.   0.00   0.00   1.00   0.35   0.07    100.   2020.    160.    716.    586.    803.      0.    350.    150.      0.      0.    175.     0.     0.   1.00    -70.      0.      0.      0.      0.      0.
   44  72      0.      0.      0.      0.      0.      0.   0.00   0.00   1.00   0.35   0.07    100.   2041.    160.    716.    589.    821.      0.    350.    150.      0.      0.    175.     0.     0.   1.00    -70.      0.      0.      0.      0.      0.
   54  72      0.      0.      0.      0.      0.      0.   0.00   0.00   1.00   0.35   0.07    100.   2046.    160.    716.    591.    824.      0.    350.    150.      0.      0.    175.     0.     0.   1.00    -70.      0.      0.      0.      0.      0.
   64  72      0.      0.      0.      0.      0.      0.   0.00   0.00   1.00   0.35   0.07    100.   2051.    160.    716.    594.    827.      0.    350.    150.      0.      0.    175.     0.     0.   1.00    -70.      0.      0.      0.      0.      0.
   74  72      0.      0.      0.      0.      0.      0.   0.00   0.00   1.00   0.35   0.07    100.   2062.    160.    716.    600.    834.      0.    348.    148.      0.      0.    175.     0.     0.   1.00    -70.      0.      0.      0.      0.      0.
   84  72      0.      0.      0.      0.      0.      0.   0.00   0.00   1.00   0.34   0.07    100.   2063.    160.    716.    604.    834.      0.    343.    143.      0.      0.    175.     0.     0.   1.00    -70.      0.      0.      0.      0.      0.
   94  72      0.      0.      0.      0.      0.      0.   0.00   0.00   1.00   0.35   0.07    100.   2102.    160.    716.    613.    858.      0.    350.    150.      0.      0.    175.     0.     0.   1.00    -70.      0.      0.      0.      0.      0.


Station=  WAGE , Soil=  1, Manage=  1, Rotat=  3 YrRot=  4 , NYear=  7 , NRot=  6 , Crop=  4, Irr.=  2, IOPT=  2,                  Runof=0.00, CO2=370. , StYear=1969, StDay=  1

 Planting on day 100, 1972
 Crop emergence on day   0, 1972
 Wageningen, long rotation 3, soil1, current                                     

 DAY  YEAR  WLVG    WLVD    WST    WSO     TAGB    TSUML    DVS    LAI  TRANRF  SMACT  SMACTL   RD    TRAIN   TIRR   TTRANS  TESOIL  TDRAIN  TRUNOF    WTOT   WAVT    WTOTL     WAVTL  WTOTLX  PARAB    PAR    NNI   NMINT  NMIN    NUPT     NFIX   NLIV   NLOSS  
  100  72     48.      0.     12.      0.     60.      0.   0.00   0.14   1.00   0.35   0.35     10.   2138.    160.    716.    622.    885.      0.     35.     15.    140.     60.    350.     0.     0.   1.00      0.     30.      0.      0.      4.      0.
  110  72     48.      0.     12.      0.     60.      0.   0.00   0.14   1.00   0.32   0.35     10.   2169.    160.    718.    634.    905.      0.     32.     12.    140.     60.    350.     0.    61.   1.00      0.     30.      0.      0.      4.      0.
  120  72     48.      0.     12.      0.     60.      0.   0.00   0.14   0.96   0.24   0.35     10.   2178.    160.    720.    646.    907.      0.     24.      4.    140.     60.    350.     0.   137.   1.00      0.     30.      0.      0.      4.      0.
  130  72     48.      0.     12.      0.     60.      0.   0.00   0.14   0.28   0.21   0.35     10.   2189.    160.    722.    659.    907.      0.     21.      1.    140.     60.    350.     0.   213.   1.00      0.     30.      0.      0.      4.      0.
  131  72     48.      0.     12.      0.     60.      0.   0.00   0.14   1.00   0.30   0.35     10.   2200.    160.    722.    661.    907.      0.     30.     10.    140.     60.    350.     0.   219.   1.00      0.     30.      0.      0.      4.      0.
  140  72    185.      0.     46.      0.    231.     61.   0.41   0.50   1.00   0.35   0.35     21.   2247.    160.    724.    674.    933.      0.     69.     29.    106.     46.    350.    10.   264.   1.00     84.     23.      7.      0.     10.      0.
  150  72   1334.      0.    340.     21.   1695.    173.   1.05   3.94   1.00   0.35   0.35     33.   2276.    160.    746.    682.    933.      0.    110.     47.     64.     28.    350.    77.   354.   1.00     30.     16.     68.      0.     72.      0.
  160  72   2069.    148.    672.    354.   3242.    286.   1.12   6.15   1.00   0.34   0.35     45.   2299.    160.    772.    683.    933.      0.    147.     60.     22.     10.    350.   147.   425.   1.00    -11.      8.    117.      0.    117.      3.
  170  72   2437.    622.   1215.   1350.   5623.    390.   1.19   7.20   1.00   0.34  -0.00     50.   2315.    180.    803.    683.    940.      0.    170.     70.     -0.     -0.    350.   243.   521.   1.00    -54.      1.    167.      0.    159.     12.
  180  72   2187.   1133.   1664.   2503.   7487.    517.   1.27   6.43   1.00   0.33  -0.00     50.   2356.    180.    833.    683.    954.      0.    165.     65.     -0.     -0.    350.   317.   595.   1.00    -52.      0.    194.      0.    175.     23.
  190  72   1883.   1438.   1918.   3939.   9177.    651.   1.35   5.54   1.00   0.32  -0.00     50.   2386.    180.    858.    684.    962.      0.    162.     62.     -0.     -0.    350.   381.   660.   1.00    -66.      0.    208.      0.    183.     29.
  200  72   1709.   1612.   1919.   6680.  11919.    790.   1.44   5.03   1.00   0.28  -0.00     50.   2397.    180.    891.    684.    962.      0.    141.     41.     -0.     -0.    350.   481.   760.   1.00    -83.      0.    225.      0.    197.     32.
  210  72   1355.   1966.   1700.   8090.  13329.    973.   1.56   3.98   1.00   0.35  -0.00     50.   2462.    200.    920.    685.    982.      0.    175.     75.     -0.     -0.    350.   554.   833.   1.00    -99.      0.    241.      0.    202.     43.
  220  72    982.   2339.   1389.   9801.  15041.   1115.   1.65   2.89   1.00   0.31  -0.00     50.   2471.    200.    942.    686.    985.      0.    157.     57.     -0.     -0.    350.   620.   902.   1.00   -103.      0.    245.      0.    193.     55.
  230  72    704.   2617.   1135.  11175.  16415.   1267.   1.75   2.07   1.00   0.33  -0.00     50.   2498.    220.    965.    689.    999.      0.    164.     64.     -0.     -0.    350.   692.   980.   1.00   -103.      0.    245.      0.    183.     65.
  240  72    533.   2787.    927.  11967.  17206.   1384.   1.83   1.57   1.00   0.33  -0.00     50.   2519.    220.    980.    694.   1002.      0.    164.     64.     -0.     -0.    350.   747.  1046.   1.00   -103.      0.    245.      0.    177.     72.
  250  72    404.   2917.    758.  12539.  17779.   1503.   1.90   1.19   1.00   0.29  -0.00     50.   2519.    220.    995.    696.   1002.      0.    147.     47.     -0.     -0.    350.   810.  1131.   1.00   -103.      0.    245.      0.    171.     77.
  260  72    317.   3004.    632.  12663.  17902.   1605.   1.97   0.93   1.00   0.34  -0.00     50.   2554.    220.   1003.    702.   1002.      0.    168.     68.     -0.     -0.    350.   839.  1174.   1.00   -103.      0.    245.      0.    167.     81.
  269  72      0.      0.      0.      0.      0.      0.   0.00   0.00   1.00   0.35  -0.00     50.   2569.    220.   1003.    706.   1007.      0.    173.     73.     -0.     -0.    350.     0.     0.   1.00   -103.      0.      0.      0.      0.      0.


Station=  WAGE , Soil=  1, Manage=  1, Rotat=  3 YrRot=  5 , NYear=  7 , NRot=  6 , Crop=  5, Irr.=  2, IOPT=  2,                  Runof=0.00, CO2=370. , StYear=1969, StDay=  1

 Planting on day 270, 1972
 Crop emergence on day   0, 1972
 Wageningen, long rotation 3, soil1, current                                     

 DAY  YEAR  WLVG    WLVD    WST    WSO     TAGB    TSUML    DVS    LAI  TRANRF  SMACT  SMACTL   RD    TRAIN   TIRR   TTRANS  TESOIL  TDRAIN  TRUNOF    WTOT   WAVT    WTOTL     WAVTL  WTOTLX  PARAB    PAR    NNI   NMINT  NMIN    NUPT     NFIX   NLIV   NLOSS  
  270  72    137.      0.     59.      0.    195.      0.   0.00   0.30   1.00   0.35   0.35     10.   2569.    220.   1003.    706.   1007.      0.     35.     15.    401.    171.     87.     0.     0.   1.00      0.     30.      0.      0.     11.      0.
  277  72    137.      0.     59.      0.    195.      0.   0.00   0.30   1.00   0.32   0.35     10.   2570.    220.   1004.    708.   1007.      0.     32.     12.    401.    171.     87.     0.    31.   1.00      0.     30.      0.      0.     11.      0.
  280  72    173.      0.     74.      0.    248.      5.   0.02   0.37   1.00   0.32   0.35     14.   2570.    220.   1004.    709.   1007.      0.     39.     14.    393.    168.     87.     3.    50.   1.00      1.     28.      1.      0.     13.      0.
  290  72    253.      0.    109.      0.    362.     18.   0.07   0.77   1.00   0.32   0.35     26.   2570.    220.   1005.    710.   1007.      0.     78.     30.    351.    150.     87.    13.    91.   1.00      2.     20.      8.      0.     19.      0.
  300  72    326.      0.    140.      0.    466.     22.   0.09   0.93   1.00   0.35   0.35     38.   2585.    220.   1007.    712.   1013.      0.    126.     54.    310.    133.     88.    23.   118.   1.00      5.     13.     12.      0.     24.      0.
  310  72    428.      0.    183.      0.    611.     25.   0.10   1.15   1.00   0.35   0.35     50.   2594.    220.   1008.    714.   1018.      0.    169.     72.    268.    115.     88.    31.   138.   1.00      4.      5.     21.      0.     32.      0.
  320  72    501.      0.    215.      0.    715.     25.   0.10   1.31   1.00   0.35   0.35     62.   2641.    220.   1010.    717.   1059.      0.    211.     91.    226.     97.     88.    37.   150.   1.00      3.      0.     27.      0.     38.      0.
  330  72    532.      0.    228.      0.    760.     25.   0.10   1.38   1.00   0.35   0.35     74.   2668.    220.   1011.    718.   1084.      0.    253.    109.    184.     79.     88.    45.   165.   1.00      1.      0.     29.      0.     41.      0.
  340  72    577.      0.    247.      0.    825.     25.   0.10   1.48   1.00   0.35   0.35     86.   2673.    220.   1012.    719.   1087.      0.    295.    127.    142.     61.     88.    53.   179.   1.00     -2.      0.     32.      0.     44.      0.
  350  72    629.      0.    269.      0.    898.     25.   0.10   1.59   1.00   0.35   0.35     98.   2691.    220.   1014.    720.   1102.      0.    337.    144.    100.     43.     88.    58.   189.   1.00     -6.      0.     36.      0.     48.      0.
  360  72    638.      0.    273.      0.    911.     25.   0.10   1.61   1.00   0.35   0.35    110.   2691.    220.   1014.    720.   1102.      0.    378.    161.     58.     25.     88.    65.   201.   1.00     -7.      0.     37.      0.     49.      0.
    5  73    639.      0.    274.      0.    913.     25.   0.10   1.61   1.00   0.35   0.35    122.   2691.    220.   1016.    720.   1102.      0.    419.    178.     16.      7.     88.    72.   212.   1.00     -7.      0.     37.      0.     49.      0.
   15  73    641.      0.    275.      0.    916.     25.   0.10   1.62   1.00   0.35   0.00    125.   2693.    220.   1016.    721.   1102.      0.    436.    186.      0.     -0.     88.    76.   220.   1.00     -8.      0.     38.      0.     49.      0.
   25  73    648.      0.    278.      0.    926.     25.   0.10   1.63   1.00   0.35   0.00    125.   2699.    220.   1017.    721.   1106.      0.    437.    187.      0.     -0.     88.    82.   231.   1.00     -8.      0.     38.      0.     49.      0.
   35  73    685.      0.    294.      0.    978.     25.   0.10   1.71   1.00   0.35   0.00    125.   2717.    220.   1018.    722.   1122.      0.    437.    187.      0.     -0.     88.    91.   246.   1.00    -11.      0.     41.      0.     52.      0.
   45  73    712.      0.    305.      0.   1017.     25.   0.11   1.77   1.00   0.35   0.00    125.   2756.    220.   1020.    724.   1157.      0.    438.    187.      0.     -0.     88.   100.   259.   1.00    -13.      0.     43.      0.     54.      0.
   55  73    726.      0.    311.      0.   1037.     26.   0.11   1.80   1.00   0.35   0.00    125.   2784.    220.   1023.    726.   1181.      0.    438.    187.      0.     -0.     88.   110.   277.   1.00    -14.      0.     44.      0.     55.      0.
   65  73    772.      0.    331.      0.   1102.     28.   0.12   1.90   1.00   0.35   0.00    125.   2792.    220.   1025.    728.   1184.      0.    437.    187.      0.     -0.     88.   133.   314.   1.00    -15.      0.     45.      0.     57.      0.
   75  73    816.      0.    350.      0.   1165.     30.   0.13   2.00   1.00   0.35   0.00    125.   2801.    220.   1029.    730.   1190.      0.    433.    183.      0.     -0.     88.   168.   366.   1.00    -20.      0.     50.      0.     61.      0.
   85  73    901.      0.    386.      0.   1288.     41.   0.17   2.18   1.00   0.34   0.00    125.   2806.    220.   1035.    733.   1190.      0.    430.    180.      0.     -0.     88.   201.   415.   1.00    -24.      0.     54.      0.     66.      0.
   95  73    966.      0.    414.      0.   1380.     49.   0.20   2.32   1.00   0.35   0.00    125.   2848.    220.   1043.    737.   1212.      0.    438.    187.      0.     -0.     88.   236.   465.   1.00    -26.      0.     56.      0.     67.      0.
  105  73   1070.      0.    466.      0.   1536.     55.   0.23   2.55   1.00   0.35   0.00    125.   2866.    220.   1052.    742.   1218.      0.    436.    186.      0.     -0.     88.   281.   526.   1.00    -31.      0.     61.      0.     73.      0.
  115  73   1380.      0.    715.      0.   2095.     78.   0.32   3.22   1.00   0.35   0.00    125.   2879.    220.   1064.    746.   1220.      0.    431.    181.      0.     -0.     88.   336.   596.   1.00    -40.      0.     70.      0.     82.      0.
  125  73   1717.      0.   1126.      0.   2842.    121.   0.50   3.94   1.00   0.35   0.00    125.   2902.    220.   1078.    750.   1222.      0.    435.    185.      0.     -0.     88.   390.   659.   1.00    -53.      0.     83.      0.     94.      0.
  135  73   2163.     69.   2142.      0.   4373.    183.   0.76   4.87   1.00   0.35   0.00    125.   2922.    220.   1097.    753.   1222.      0.    432.    182.      0.     -0.     88.   452.   728.   1.00     19.      0.     95.      0.    105.      1.
  145  73   2252.    388.   3752.     14.   6407.    273.   1.06   5.00   1.00   0.33   0.00    125.   2932.    220.   1127.    756.   1222.      0.    410.    160.      0.     -0.     88.   546.   829.   1.00     13.      0.    101.      0.    110.      3.
  155  73   1907.    992.   5148.    389.   8437.    375.   1.23   4.19   1.00   0.33   0.00    125.   2963.    220.   1151.    759.   1222.      0.    413.    163.      0.     -0.     88.   617.   905.   1.00      2.      0.    112.      0.    116.      7.
  165  73   1448.   1451.   6167.   1607.  10673.    472.   1.39   3.19   1.00   0.31   0.00    125.   2963.    220.   1177.    762.   1222.      0.    384.    134.      0.     -0.     88.   705.  1007.   1.00     -6.      0.    120.      0.    120.     11.
  175  73   1054.   1846.   6262.   3504.  13053.    596.   1.60   2.32   1.00   0.29   0.00    125.   2963.    240.   1208.    771.   1222.      0.    365.    115.      0.     -0.     88.   801.  1130.   1.00     22.      0.    120.      0.    116.     15.
  185  73    727.   2173.   5149.   4601.  14188.    754.   1.86   1.60   1.00   0.27   0.00    125.   2975.    240.   1234.    783.   1222.      0.    340.     90.      0.     -0.     88.   880.  1250.   1.00     22.      0.    120.      0.    109.     22.
  192  73    589.   2311.   4561.   4727.  14315.    842.   2.01   1.29   1.00   0.26   0.00    125.   2977.    240.   1246.    790.   1222.      0.    322.     72.      0.     -0.     88.   913.  1312.   1.00     22.      0.    120.      0.    105.     26.
  194  73      0.      0.      0.      0.      0.      0.   0.00   0.00   1.00   0.26   0.00    125.   2990.    240.   1246.    793.   1222.      0.    331.     81.      0.     -0.     88.     0.     0.   1.00     22.      0.      0.      0.      0.      0.
  204  73      0.      0.      0.      0.      0.      0.   0.00   0.00   1.00   0.28   0.00    125.   3022.    240.   1246.    809.   1222.      0.    347.     97.      0.     -0.     88.     0.     0.   1.00     22.      0.      0.      0.      0.      0.
  214  73      0.      0.      0.      0.      0.      0.   0.00   0.00   1.00   0.28   0.00    125.   3037.    240.   1246.    822.   1222.      0.    349.     99.      0.     -0.     88.     0.     0.   1.00     22.      0.      0.      0.      0.      0.
  224  73      0.      0.      0.      0.      0.      0.   0.00   0.00   1.00   0.28   0.00    125.   3058.    240.   1246.    836.   1222.      0.    356.    106.      0.     -0.     88.     0.     0.   1.00     22.      0.      0.      0.      0.      0.
  234  73      0.      0.      0.      0.      0.      0.   0.00   0.00   1.00   0.28   0.00    125.   3058.    240.   1246.    842.   1222.      0.    350.    100.      0.     -0.     88.     0.     0.   1.00     22.      0.      0.      0.      0.      0.
  244  73      0.      0.      0.      0.      0.      0.   0.00   0.00   1.00   0.29   0.00    125.   3081.    240.   1246.    848.   1222.      0.    368.    118.      0.     -0.     88.     0.     0.   1.00     22.      0.      0.      0.      0.      0.
  254  73      0.      0.      0.      0.      0.      0.   0.00   0.00   1.00   0.29   0.00    125.   3084.    240.   1246.    854.   1222.      0.    365.    115.      0.     -0.     88.     0.     0.   1.00     22.      0.      0.      0.      0.      0.
  264  73      0.      0.      0.      0.      0.      0.   0.00   0.00   1.00   0.30   0.00    125.   3108.    240.   1246.    863.   1222.      0.    380.    130.      0.     -0.     88.     0.     0.   1.00     22.      0.      0.      0.      0.      0.
  274  73      0.      0.      0.      0.      0.      0.   0.00   0.00   1.00   0.33   0.00    125.   3145.    240.   1246.    869.   1222.      0.    410.    160.      0.     -0.     88.     0.     0.   1.00     22.      0.      0.      0.      0.      0.
  277  73      0.      0.      0.      0.      0.      0.   0.00   0.00   1.00   0.33   0.00    125.   3145.    240.   1246.    869.   1222.      0.    410.    160.      0.     -0.     88.     0.     0.   1.00     22.      0.      0.      0.      0.      0.
  284  73      0.      0.      0.      0.      0.      0.   0.00   0.00   1.00   0.34   0.00    125.   3164.    240.   1246.    872.   1222.      0.    427.    177.      0.     -0.     88.     0.     0.   1.00     22.      0.      0.      0.      0.      0.
  294  73      0.      0.      0.      0.      0.      0.   0.00   0.00   1.00   0.35   0.00    125.   3224.    240.   1246.    875.   1268.      0.    438.    187.      0.     -0.     88.     0.     0.   1.00     22.      0.      0.      0.      0.      0.
  304  73      0.      0.      0.      0.      0.      0.   0.00   0.00   1.00   0.35   0.00    125.   3230.    240.   1246.    876.   1273.      0.    437.    187.      0.     -0.     88.     0.     0.   1.00     22.      0.      0.      0.      0.      0.
  314  73      0.      0.      0.      0.      0.      0.   0.00   0.00   1.00   0.35   0.00    125.   3250.    240.   1246.    878.   1290.      0.    437.    187.      0.     -0.     88.     0.     0.   1.00     22.      0.      0.      0.      0.      0.
  324  73      0.      0.      0.      0.      0.      0.   0.00   0.00   1.00   0.35   0.00    125.   3284.    240.   1246.    881.   1322.      0.    438.    187.      0.     -0.     88.     0.     0.   1.00     22.      0.      0.      0.      0.      0.
  334  73      0.      0.      0.      0.      0.      0.   0.00   0.00   1.00   0.35   0.00    125.   3309.    240.   1246.    881.   1346.      0.    438.    187.      0.     -0.     88.     0.     0.   1.00     22.      0.      0.      0.      0.      0.
  344  73      0.      0.      0.      0.      0.      0.   0.00   0.00   1.00   0.35   0.00    125.   3338.    240.   1246.    882.   1375.      0.    438.    187.      0.     -0.     88.     0.     0.   1.00     22.      0.      0.      0.      0.      0.
  354  73      0.      0.      0.      0.      0.      0.   0.00   0.00   1.00   0.35   0.00    125.   3367.    240.   1246.    883.   1402.      0.    437.    187.      0.     -0.     88.     0.     0.   1.00     22.      0.      0.      0.      0.      0.
  364  73      0.      0.      0.      0.      0.      0.   0.00   0.00   1.00   0.35   0.00    125.   3373.    240.   1246.    884.   1408.      0.    437.    187.      0.     -0.     88.     0.     0.   1.00     22.      0.      0.      0.      0.      0.
    9  74      0.      0.      0.      0.      0.      0.   0.00   0.00   1.00   0.35   0.00    125.   3387.    240.   1246.    885.   1420.      0.    438.    187.      0.     -0.     88.     0.     0.   1.00     22.      0.      0.      0.      0.      0.
   19  74      0.      0.      0.      0.      0.      0.   0.00   0.00   1.00   0.35   0.00    125.   3416.    240.   1246.    890.   1446.      0.    437.    187.      0.     -0.     88.     0.     0.   1.00     22.      0.      0.      0.      0.      0.
   29  74      0.      0.      0.      0.      0.      0.   0.00   0.00   1.00   0.35   0.00    125.   3430.    240.   1246.    892.   1457.      0.    438.    187.      0.     -0.     88.     0.     0.   1.00     22.      0.      0.      0.      0.      0.
   39  74      0.      0.      0.      0.      0.      0.   0.00   0.00   1.00   0.35   0.00    125.   3438.    240.   1246.    894.   1463.      0.    438.    187.      0.     -0.     88.     0.     0.   1.00     22.      0.      0.      0.      0.      0.
   49  74      0.      0.      0.      0.      0.      0.   0.00   0.00   1.00   0.35   0.00    125.   3457.    240.   1246.    898.   1479.      0.    436.    186.      0.     -0.     88.     0.     0.   1.00     22.      0.      0.      0.      0.      0.
   59  74      0.      0.      0.      0.      0.      0.   0.00   0.00   1.00   0.35   0.00    125.   3461.    240.   1246.    899.   1481.      0.    437.    187.      0.     -0.     88.     0.     0.   1.00     22.      0.      0.      0.      0.      0.
   69  74      0.      0.      0.      0.      0.      0.   0.00   0.00   1.00   0.35   0.00    125.   3479.    240.   1246.    901.   1498.      0.    437.    187.      0.     -0.     88.     0.     0.   1.00     22.      0.      0.      0.      0.      0.
   79  74      0.      0.      0.      0.      0.      0.   0.00   0.00   1.00   0.35   0.00    125.   3508.    240.   1246.    907.   1521.      0.    437.    187.      0.     -0.     88.     0.     0.   1.00     22.      0.      0.      0.      0.      0.


Station=  WAGE , Soil=  1, Manage=  1, Rotat=  3 YrRot=  6 , NYear=  7 , NRot=  6 , Crop=  6, Irr.=  2, IOPT=  2,                  Runof=0.00, CO2=370. , StYear=1969, StDay=  1

 Planting on day  80, 1974
 Crop emergence on day   0, 1974
 Wageningen, long rotation 3, soil1, current                                     

 DAY  YEAR  WLVG    WLVD    WST    WSO     TAGB    TSUML    DVS    LAI  TRANRF  SMACT  SMACTL   RD    TRAIN   TIRR   TTRANS  TESOIL  TDRAIN  TRUNOF    WTOT   WAVT    WTOTL     WAVTL  WTOTLX  PARAB    PAR    NNI   NMINT  NMIN    NUPT     NFIX   NLIV   NLOSS  
   80  74     11.      0.     11.      0.     22.      0.   0.00   0.03   1.00   0.35   0.35     10.   3515.    240.   1246.    907.   1527.      0.     35.     15.    315.    135.    175.     0.     0.   1.00      0.     30.      0.      0.      2.      0.
   90  74     11.      0.     11.      0.     22.      0.   0.00   0.03   1.00   0.29   0.35     10.   3516.    240.   1247.    914.   1527.      0.     29.      9.    315.    135.    175.     0.    55.   1.00      0.     30.      0.      0.      2.      0.
   92  74     11.      0.     11.      0.     22.      0.   0.00   0.03   1.00   0.28   0.35     10.   3516.    240.   1247.    915.   1527.      0.     28.      8.    315.    135.    175.     0.    70.   1.00      0.     30.      0.      0.      2.      0.
  100  74     28.      0.     27.      0.     55.     96.   0.12   0.10   1.00   0.28   0.35     20.   3516.    240.   1248.    920.   1527.      0.     51.     15.    285.    122.    175.     3.   141.   1.00      6.     24.      0.      2.      4.      0.
  110  74     41.      0.     39.      0.     79.    172.   0.21   0.23   1.00   0.29   0.35     32.   3516.    240.   1249.    925.   1527.      0.     87.     26.    243.    104.    175.    14.   233.   1.00     13.     16.      1.      3.      5.      0.
  120  74     64.      0.     58.      0.    122.    234.   0.28   0.32   1.00   0.30   0.35     44.   3526.    240.   1252.    932.   1527.      0.    129.     44.    201.     86.    175.    27.   306.   1.00     20.      9.      1.      4.      6.      0.
  130  74    162.      0.    135.      0.    296.    318.   0.38   0.71   1.00   0.30   0.35     56.   3527.    240.   1256.    935.   1527.      0.    164.     56.    159.     68.    175.    45.   362.   1.00     26.      2.      2.      8.     12.      0.
  140  74    827.      0.    601.      0.   1428.    455.   0.55   3.47   1.00   0.32   0.35     68.   3560.    240.   1274.    944.   1527.      0.    212.     79.    118.     50.    175.   111.   458.   1.00    104.      0.     10.     40.     51.      0.
  150  74   1496.     84.   1183.     59.   2823.    576.   0.69   6.28   1.00   0.30   0.35     80.   3570.    240.   1302.    945.   1527.      0.    236.     79.     76.     32.    175.   200.   549.   1.00     93.      0.     21.     84.    105.      1.
  160  74   1685.    402.   1705.    197.   3990.    692.   0.83   7.07   1.00   0.32   0.35     92.   3613.    240.   1331.    946.   1527.      0.    291.    110.     34.     14.    175.   291.   641.   1.00     88.      0.     26.    106.    129.      4.
  170  74   1894.    870.   2720.    621.   6105.    841.   1.01   7.95   1.00   0.32   0.07    100.   3627.    260.   1365.    946.   1527.      0.    324.    124.      0.      0.    175.   398.   747.   1.00     80.      0.     34.    136.    162.      9.
  180  74   1733.   1444.   3649.   1444.   8270.    998.   1.13   7.28   1.00   0.31   0.07    100.   3642.    260.   1396.    946.   1527.      0.    308.    108.      0.      0.    175.   492.   842.   1.00     99.      0.     43.    174.    203.     15.
  190  74   1388.   1910.   4155.   2620.  10073.   1148.   1.24   5.83   1.00   0.32   0.07    100.   3685.    260.   1422.    947.   1527.      0.    324.    124.      0.      0.    175.   566.   916.   1.00     91.      0.     51.    205.    237.     20.
  200  74   1080.   2277.   4538.   4011.  11907.   1297.   1.35   4.54   1.00   0.31   0.07    100.   3700.    260.   1449.    948.   1527.      0.    311.    111.      0.      0.    175.   639.   991.   1.00     84.      0.     58.    231.    266.     24.
  210  74    835.   2558.   4777.   5298.  13468.   1443.   1.46   3.51   1.00   0.32   0.07    100.   3712.    280.   1472.    949.   1527.      0.    319.    119.      0.      0.    175.   708.  1062.   1.00     84.      0.     58.    231.    263.     27.
  220  74    621.   2777.   4274.   6611.  14834.   1597.   1.57   2.61   1.00   0.30   0.07    100.   3721.    280.   1495.    952.   1527.      0.    303.    103.      0.      0.    175.   778.  1139.   1.00     84.      0.     58.    231.    256.     34.
  230  74    446.   2952.   3496.   7552.  15778.   1768.   1.70   1.87   1.00   0.34   0.07    100.   3778.    300.   1513.    957.   1545.      0.    338.    138.      0.      0.    175.   836.  1210.   1.00     84.      0.     58.    231.    248.     43.
  240  74    327.   3071.   2856.   8374.  16601.   1924.   1.81   1.37   1.00   0.33   0.07    100.   3790.    300.   1529.    962.   1545.      0.    328.    128.      0.      0.    175.   904.  1303.   1.00     84.      0.     58.    231.    241.     49.
  250  74    248.   3150.   2382.   8667.  16894.   2062.   1.91   1.04   1.00   0.35   0.07    100.   3841.    300.   1540.    971.   1556.      0.    350.    150.      0.      0.    175.   939.  1358.   1.00     84.      0.     58.    231.    237.     54.
  259  74      0.      0.      0.      0.      0.      0.   0.00   0.00   1.00   0.35   0.07    100.   3860.    300.   1540.    980.   1566.      0.    350.    150.      0.      0.    175.     0.     0.   1.00     84.      0.      0.      0.      0.      0.
  269  74      0.      0.      0.      0.      0.      0.   0.00   0.00   1.00   0.35   0.07    100.   3901.    300.   1540.    984.   1602.      0.    350.    150.      0.      0.    175.     0.     0.   1.00     84.      0.      0.      0.      0.      0.
  279  74      0.      0.      0.      0.      0.      0.   0.00   0.00   1.00   0.35   0.07    100.   3932.    300.   1540.    989.   1629.      0.    350.    150.      0.      0.    175.     0.     0.   1.00     84.      0.      0.      0.      0.      0.
  289  74      0.      0.      0.      0.      0.      0.   0.00   0.00   1.00   0.35   0.07    100.   3952.    300.   1540.    992.   1646.      0.    350.    150.      0.      0.    175.     0.     0.   1.00     84.      0.      0.      0.      0.      0.
  299  74      0.      0.      0.      0.      0.      0.   0.00   0.00   1.00   0.35   0.07    100.   3996.    300.   1540.    995.   1687.      0.    350.    150.      0.      0.    175.     0.     0.   1.00     84.      0.      0.      0.      0.      0.
  309  74      0.      0.      0.      0.      0.      0.   0.00   0.00   1.00   0.35   0.07    100.   4045.    300.   1540.    997.   1734.      0.    350.    150.      0.      0.    175.     0.     0.   1.00     84.      0.      0.      0.      0.      0.
  319  74      0.      0.      0.      0.      0.      0.   0.00   0.00   1.00   0.35   0.07    100.   4061.    300.   1540.   1001.   1745.      0.    350.    150.      0.      0.    175.     0.     0.   1.00     84.      0.      0.      0.      0.      0.
  329  74      0.      0.      0.      0.      0.      0.   0.00   0.00   1.00   0.35   0.07    100.   4103.    300.   1540.   1004.   1785.      0.    350.    150.      0.      0.    175.     0.     0.   1.00     84.      0.      0.      0.      0.      0.
  339  74      0.      0.      0.      0.      0.      0.   0.00   0.00   1.00   0.35   0.07    100.   4138.    300.   1540.   1007.   1816.      0.    350.    150.      0.      0.    175.     0.     0.   1.00     84.      0.      0.      0.      0.      0.
  349  74      0.      0.      0.      0.      0.      0.   0.00   0.00   1.00   0.35   0.07    100.   4180.    300.   1540.   1010.   1855.      0.    350.    150.      0.      0.    175.     0.     0.   1.00     84.      0.      0.      0.      0.      0.
  359  74      0.      0.      0.      0.      0.      0.   0.00   0.00   1.00   0.35   0.07    100.   4204.    300.   1540.   1014.   1875.      0.    350.    150.      0.      0.    175.     0.     0.   1.00     84.      0.      0.      0.      0.      0.
    4  75      0.      0.      0.      0.      0.      0.   0.00   0.00   1.00   0.35   0.07    100.   4243.    300.   1540.   1018.   1910.      0.    350.    150.      0.      0.    175.     0.     0.   1.00     84.      0.      0.      0.      0.      0.
   14  75      0.      0.      0.      0.      0.      0.   0.00   0.00   1.00   0.35   0.07    100.   4267.    300.   1540.   1021.   1933.      0.    349.    149.      0.      0.    175.     0.     0.   1.00     84.      0.      0.      0.      0.      0.


Station=  WAGE , Soil=  1, Manage=  1, Rotat=  3 YrRot=  1 , NYear=  7 , NRot=  6 , Crop=  1, Irr.=  2, IOPT=  2,                  Runof=0.00, CO2=370. , StYear=1969, StDay=  1

 Planting on day   0, 1975
 Crop emergence on day  20, 1975
 Wageningen, long rotation 3, soil1, current                                     

 DAY  YEAR  WLVG    WLVD    WST    WSO     TAGB    TSUML    DVS    LAI  TRANRF  SMACT  SMACTL   RD    TRAIN   TIRR   TTRANS  TESOIL  TDRAIN  TRUNOF    WTOT   WAVT    WTOTL     WAVTL  WTOTLX  PARAB    PAR    NNI   NMINT  NMIN    NUPT     NFIX   NLIV   NLOSS  
   20  75     68.      0.     37.      0.    105.      0.   0.00   0.14   1.00   0.35   0.35     10.   4282.    300.   1540.   1023.   1944.      0.     35.     15.    403.    173.     88.     0.     0.   1.00      0.     30.      0.      0.      8.      0.
   30  75     72.      0.     39.      0.    111.      0.   0.00   0.22   1.00   0.35   0.35     22.   4324.    300.   1540.   1030.   1980.      0.     73.     31.    365.    156.     88.     1.    14.   1.00      7.     22.      0.      0.      9.      0.
   40  75     78.      0.     42.      0.    120.      0.   0.00   0.31   1.00   0.35   0.35     34.   4336.    300.   1541.   1032.   1990.      0.    114.     48.    323.    138.     88.     5.    40.   1.00     14.     15.      1.      0.     10.      0.
   50  75     83.      0.     44.      0.    127.      0.   0.00   0.42   1.00   0.35   0.35     46.   4354.    300.   1541.   1035.   2003.      0.    157.     67.    281.    120.     88.    10.    63.   1.00     21.      8.      1.      0.     10.      0.
   60  75     84.      0.     45.      0.    130.      3.   0.00   0.56   1.00   0.34   0.35     58.   4354.    300.   1543.   1036.   2003.      0.    196.     82.    239.    102.     88.    21.   108.   1.00     28.      0.      2.      0.     10.      0.
   70  75    123.      0.     66.      0.    189.     14.   0.02   0.81   1.00   0.35   0.35     70.   4378.    300.   1545.   1041.   2017.      0.    241.    103.    197.     84.     88.    30.   133.   1.00     24.      0.      6.      0.     14.      0.
   80  75    129.      0.     69.      0.    198.     23.   0.03   0.83   1.00   0.35   0.35     82.   4397.    300.   1547.   1045.   2031.      0.    283.    121.    155.     66.     88.    37.   152.   1.00     23.      0.      7.      0.     15.      0.
   90  75    130.      0.     70.      0.    200.     36.   0.05   0.83   1.00   0.35   0.35     94.   4431.    300.   1550.   1052.   2056.      0.    324.    139.    113.     48.     88.    57.   202.   1.00     23.      0.      7.      0.     15.      0.
  100  75    136.      0.     73.      0.    210.     52.   0.07   0.84   1.00   0.35   0.35    106.   4451.    300.   1553.   1059.   2064.      0.    367.    157.     71.     30.     88.    76.   251.   1.00     23.      0.      7.      0.     16.      0.
  110  75    186.      0.    100.      0.    285.    106.   0.15   0.95   1.00   0.35   0.35    118.   4478.    300.   1556.   1066.   2081.      0.    409.    175.     29.     12.     88.    90.   286.   1.00     19.      0.     11.      0.     19.      0.
  120  75    532.      0.    259.      0.    791.    195.   0.27   1.68   1.00   0.35   0.00    125.   4488.    300.   1564.   1072.   2081.      0.    434.    184.      0.     -0.     88.   130.   364.   1.00     -2.      0.     32.      0.     40.      0.
  130  75   1156.      0.    620.      0.   1776.    290.   0.40   3.00   1.00   0.35   0.00    125.   4514.    300.   1578.   1082.   2084.      0.    433.    183.      0.     -0.     88.   189.   445.   1.00    -34.      0.     64.      0.     73.      0.
  140  75   1930.     13.   1370.      0.   3313.    405.   0.56   4.64   1.00   0.34   0.00    125.   4529.    300.   1595.   1085.   2085.      0.    427.    177.      0.     -0.     88.   260.   525.   1.00     14.      0.    100.      0.    108.      0.
  150  75   2414.    195.   2740.      0.   5350.    510.   0.71   5.62   1.00   0.32   0.00    125.   4529.    300.   1622.   1086.   2085.      0.    399.    149.      0.     -0.     88.   354.   624.   1.00    -11.      0.    125.      0.    132.      1.
  160  75   2441.    471.   4273.      0.   7186.    612.   0.85   5.63   1.00   0.31   0.00    125.   4547.    300.   1650.   1088.   2085.      0.    388.    138.      0.     -0.     88.   450.   724.   1.00    -22.      0.    136.      0.    142.      2.
  170  75   2147.    852.   6033.    883.   9915.    769.   1.05   4.93   1.00   0.32   0.00    125.   4572.    320.   1680.   1090.   2085.      0.    400.    150.      0.     -0.     88.   543.   821.   1.00    -33.      0.    147.      0.    152.      3.
  180  75   1571.   1428.   6033.   3463.  12496.    928.   1.22   3.61   1.00   0.33   0.00    125.   4615.    320.   1707.   1093.   2085.      0.    413.    163.      0.     -0.     88.   630.   915.   1.00    -10.      0.    152.      0.    154.      6.
  190  75   1143.   1856.   6033.   6020.  15053.   1092.   1.39   2.63   1.00   0.33   0.00    125.   4641.    320.   1733.   1099.   2085.      0.    407.    157.      0.     -0.     88.   716.  1017.   1.00    -17.      0.    159.      0.    160.      7.
  200  75    803.   2196.   5565.   7387.  16419.   1277.   1.59   1.84   1.00   0.33   0.00    125.   4674.    320.   1752.   1107.   2085.      0.    413.    163.      0.     -0.     88.   774.  1094.   1.00    -17.      0.    159.      0.    157.     10.
  210  75    586.   2413.   4547.   8135.  17167.   1436.   1.76   1.35   1.00   0.34   0.00    125.   4708.    340.   1765.   1119.   2098.      0.    429.    179.      0.     -0.     88.   819.  1168.   1.00    -17.      0.    159.      0.    154.     13.
  220  75    396.   2603.   3715.   8697.  17730.   1649.   1.98   0.91   1.00   0.32   0.00    125.   4715.    340.   1783.   1133.   2098.      0.    404.    154.      0.     -0.     88.   876.  1283.   1.00    -17.      0.    159.      0.    151.     16.
  222  75    378.   2621.   3641.   8718.  17751.   1676.   2.01   0.87   1.00   0.32   0.00    125.   4719.    340.   1786.   1138.   2098.      0.    399.    149.      0.     -0.     88.   881.  1294.   1.00    -17.      0.    159.      0.    151.     17.
  229  75      0.      0.      0.      0.      0.      0.   0.00   0.00   1.00   0.33   0.00    125.   4740.    350.   1786.   1154.   2098.      0.    415.    165.      0.     -0.     88.     0.     0.   1.00    -17.      0.      0.      0.      0.      0.
  239  75      0.      0.      0.      0.      0.      0.   0.00   0.00   1.00   0.34   0.00    125.   4761.    350.   1786.   1165.   2098.      0.    425.    175.      0.     -0.     88.     0.     0.   1.00    -17.      0.      0.      0.      0.      0.
  249  75      0.      0.      0.      0.      0.      0.   0.00   0.00   1.00   0.34   0.00    125.   4765.    350.   1786.   1172.   2098.      0.    422.    172.      0.     -0.     88.     0.     0.   1.00    -17.      0.      0.      0.      0.      0.
  259  75      0.      0.      0.      0.      0.      0.   0.00   0.00   1.00   0.35   0.00    125.   4803.    350.   1786.   1182.   2111.      0.    437.    187.      0.     -0.     88.     0.     0.   1.00    -17.      0.      0.      0.      0.      0.
  269  75      0.      0.      0.      0.      0.      0.   0.00   0.00   1.00   0.35   0.00    125.   4824.    350.   1786.   1189.   2124.      0.    438.    188.      0.     -0.     88.     0.     0.   1.00    -17.      0.      0.      0.      0.      0.
  279  75      0.      0.      0.      0.      0.      0.   0.00   0.00   1.00   0.35   0.00    125.   4837.    350.   1786.   1197.   2131.      0.    435.    185.      0.     -0.     88.     0.     0.   1.00    -17.      0.      0.      0.      0.      0.
  289  75      0.      0.      0.      0.      0.      0.   0.00   0.00   1.00   0.35   0.00    125.   4846.    350.   1786.   1200.   2135.      0.    437.    187.      0.     -0.     88.     0.     0.   1.00    -17.      0.      0.      0.      0.      0.
  299  75      0.      0.      0.      0.      0.      0.   0.00   0.00   1.00   0.35   0.00    125.   4848.    350.   1786.   1201.   2136.      0.    437.    187.      0.     -0.     88.     0.     0.   1.00    -17.      0.      0.      0.      0.      0.
  309  75      0.      0.      0.      0.      0.      0.   0.00   0.00   1.00   0.35   0.00    125.   4856.    350.   1786.   1203.   2142.      0.    438.    187.      0.     -0.     88.     0.     0.   1.00    -17.      0.      0.      0.      0.      0.
  319  75      0.      0.      0.      0.      0.      0.   0.00   0.00   1.00   0.35   0.00    125.   4862.    350.   1786.   1203.   2148.      0.    437.    187.      0.     -0.     88.     0.     0.   1.00    -17.      0.      0.      0.      0.      0.
  329  75      0.      0.      0.      0.      0.      0.   0.00   0.00   1.00   0.35   0.00    125.   4899.    350.   1786.   1205.   2183.      0.    437.    187.      0.     -0.     88.     0.     0.   1.00    -17.      0.      0.      0.      0.      0.
  339  75      0.      0.      0.      0.      0.      0.   0.00   0.00   1.00   0.35   0.00    125.   4944.    350.   1786.   1208.   2226.      0.    438.    187.      0.     -0.     88.     0.     0.   1.00    -17.      0.      0.      0.      0.      0.
  349  75      0.      0.      0.      0.      0.      0.   0.00   0.00   1.00   0.35   0.00    125.   4948.    350.   1786.   1208.   2228.      0.    438.    187.      0.     -0.     88.     0.     0.   1.00    -17.      0.      0.      0.      0.      0.
  359  75      0.      0.      0.      0.      0.      0.   0.00   0.00   1.00   0.35   0.00    125.   4953.    350.   1786.   1209.   2233.      0.    438.    187.      0.     -0.     88.     0.     0.   1.00    -17.      0.      0.      0.      0.      0.
    1  76      0.      0.      0.      0.      0.      0.   0.00   0.00   1.00   0.35   0.00    125.   4971.    350.   1786.   1211.   2250.      0.    438.    187.      0.     -0.     88.     0.     0.   1.00    -17.      0.      0.      0.      0.      0.


DATA-FILE  WARO1PTS.OUT


Name of run: WARO3


Station=  WAGE , Soil=  1, Manage=  2, Rotat=  4 YrRot=  1 , NYear=  7 , NRot=  6 , Crop=  1, Irr.=  0, IOPT=  3,                  Runof=0.00, CO2=370. , StYear=1969, StDay=  1

 DAY  YEAR  WLVG    WLVD    WST    WSO     TAGB    TSUML    DVS    LAI  TRANRF  SMACT  SMACTL   RD    TRAIN   TIRR   TTRANS  TESOIL  TDRAIN  TRUNOF    WTOT   WAVT    WTOTL      WAVTL WTOTLX  PARAB    PAR    NNI   NMINT  NMIN    NUPT       NFIX   NLIV   NLOSS  
    1  69      0.      0.      0.      0.      0.      0.   0.00   0.00   1.00   0.30   0.30     10.   4971.    350.   1786.   1211.   2250.      0.    438.    187.      0.     -0.     88.     0.     0.   1.00    -17.      0.      0.      0.      0.      0.
    3  69      0.      0.      0.      0.      0.      0.   0.00   0.00   1.00   0.33   0.30     10.      3.      0.      0.      0.      0.      0.     33.     13.    345.    115.     75.     0.     0.   1.00    -17.      0.      0.      0.      0.      0.
   13  69      0.      0.      0.      0.      0.      0.   0.00   0.00   1.00   0.34   0.30     10.      5.      0.      0.      1.      0.      0.     34.     14.    345.    115.     75.     0.     0.   1.00    -17.      0.      0.      0.      0.      0.


Station=  WAGE , Soil=  1, Manage=  2, Rotat=  4 YrRot=  1 , NYear=  7 , NRot=  6 , Crop=  1, Irr.=  0, IOPT=  3,                  Runof=0.00, CO2=370. , StYear=1969, StDay=  1

 Planting on day   0, 1969
 Crop emergence on day  20, 1969
 Wageningen, long rotation 4, soil1, current                                     

 DAY  YEAR  WLVG    WLVD    WST    WSO     TAGB    TSUML    DVS    LAI  TRANRF  SMACT  SMACTL   RD    TRAIN   TIRR   TTRANS  TESOIL  TDRAIN  TRUNOF    WTOT   WAVT    WTOTL     WAVTL  WTOTLX  PARAB    PAR    NNI   NMINT  NMIN    NUPT     NFIX   NLIV   NLOSS  
   20  69     68.      0.     37.      0.    105.      0.   0.00   0.14   1.00   0.35   0.31     10.     18.      0.      0.      3.      0.      0.     35.     15.    354.    124.     77.     0.     0.   1.00      0.     30.      0.      0.      8.      0.
   30  69     72.      0.     39.      0.    111.      0.   0.00   0.24   1.00   0.34   0.32     22.     34.      0.      0.      4.      0.      0.     72.     30.    331.    123.     77.     1.    10.   0.99      7.     22.      0.      0.      9.      0.
   40  69     74.      0.     40.      0.    115.      0.   0.00   0.31   1.00   0.35   0.33     34.     50.      0.      1.      8.      0.      0.    114.     49.    301.    116.     77.     4.    27.   1.00     14.     15.      1.      0.      9.      0.
   50  69     74.      0.     40.      0.    115.      0.   0.00   0.31   1.00   0.35   0.34     46.     69.      0.      1.      8.      0.      0.    157.     67.    276.    116.     77.     8.    53.   1.00     22.      8.      1.      0.      9.      0.
   60  69     79.      1.     43.      0.    123.      1.   0.00   0.36   1.00   0.35   0.35     58.     80.      0.      2.     11.      0.      0.    197.     84.    239.    102.     81.    12.    75.   1.00     29.      0.      1.      0.     10.      0.
   70  69     80.      1.     44.      0.    124.      2.   0.00   0.43   1.00   0.35   0.35     70.     83.      0.      3.     14.      0.      0.    239.    101.    197.     84.     81.    21.   119.   1.00     29.      0.      1.      0.     10.      0.
   80  69     85.      1.     46.      0.    132.      7.   0.01   0.54   1.00   0.35   0.35     82.    119.      0.      4.     18.     23.      0.    282.    120.    155.     66.     88.    27.   140.   1.00     28.      0.      2.      0.     10.      0.
   90  69     85.      1.     46.      0.    132.     14.   0.02   0.64   1.00   0.35   0.35     94.    126.      0.      7.     22.     23.      0.    324.    139.    113.     48.     88.    41.   190.   1.00     28.      0.      2.      0.     10.      0.
  100  69    216.      6.    153.      0.    375.     59.   0.08   1.02   1.00   0.34   0.35    106.    138.      0.     14.     30.     33.      0.    352.    143.     71.     30.     88.    70.   266.   0.85     15.      0.     15.      0.     23.      0.
  110  69    281.     11.    198.      0.    490.     97.   0.14   1.16   1.00   0.35   0.35    118.    184.      0.     21.     42.     48.      0.    407.    173.     29.     12.     88.   100.   326.   1.00      5.      0.     25.      0.     33.      0.
  120  69    507.     32.    358.      0.    896.    175.   0.24   1.61   1.00   0.34   0.01    125.    212.      0.     30.     51.     62.      0.    431.    181.      0.      0.     88.   139.   397.   0.70      0.      0.     30.      0.     38.      0.
  130  69    680.    144.    730.      0.   1554.    293.   0.41   1.92   1.00   0.33   0.01    125.    218.      0.     43.     58.     62.      0.    417.    167.      0.      0.     88.   185.   469.   0.51      0.      0.     30.      0.     38.      1.
  140  69    923.    241.   1318.      0.   2482.    432.   0.60   2.39   1.00   0.34   0.01    125.    257.      0.     61.     69.     62.      0.    427.    177.      0.      0.     88.   234.   537.   0.99     78.      0.     64.      0.     72.      1.
  150  69   1355.    260.   2631.      0.   4247.    560.   0.78   3.29   1.00   0.33   0.01    125.    275.      0.     83.     77.     62.      0.    416.    166.      0.      0.     88.   303.   623.   0.97     59.      0.     83.      0.     90.      1.
  160  69   1497.    264.   4274.      0.   6036.    680.   0.94   3.59   1.00   0.34   0.01    125.    316.      0.    107.     82.     70.      0.    420.    170.      0.      0.     88.   371.   700.   1.00     49.      0.     93.      0.    101.      1.
  170  69   1175.    588.   5014.   2296.   9074.    858.   1.15   2.82   1.00   0.31   0.01    125.    331.      0.    146.     88.     70.      0.    389.    139.      0.      0.     88.   473.   818.   1.00     95.      0.    103.      0.    109.      2.
  180  69    870.    894.   5014.   4072.  10850.   1009.   1.31   2.09   1.00   0.30   0.01    125.    346.      0.    166.     96.     70.      0.    376.    126.      0.      0.     88.   532.   894.   1.00     82.      0.    116.      0.    121.      4.
  190  69    589.   1174.   5014.   5581.  12358.   1171.   1.48   1.44   1.00   0.29   0.01    125.    365.      0.    185.    105.     70.      0.    368.    118.      0.      0.     88.   589.   979.   0.62     82.      0.    116.      0.    120.      5.
  200  69    322.   1442.   4266.   6130.  12908.   1333.   1.65   0.87   1.00   0.28   0.01    125.    376.      0.    198.    117.     70.      0.    354.    104.      0.      0.     88.   629.  1060.   0.30     82.      0.    116.      0.    117.      8.
  210  69    146.   1618.   3485.   6294.  13072.   1537.   1.86   0.49   0.86   0.27   0.01    125.    389.      0.    209.    132.     70.      0.    341.     91.      0.      0.     88.   660.  1153.   0.15     82.      0.    116.      0.    114.     10.
  217  69     87.   1677.   3088.   6309.  13087.   1669.   2.00   0.35   1.00   0.27   0.01    125.    406.      0.    214.    149.     70.      0.    335.     85.      0.      0.     88.   672.  1207.   0.10     82.      0.    116.      0.    113.     12.
  219  69      0.      0.      0.      0.      0.      0.   0.00   0.00   1.00   0.26   0.01    125.    406.      0.    214.    154.     70.      0.    330.     80.      0.      0.     88.     0.     0.   1.00     82.      0.      0.      0.      0.      0.
  229  69      0.      0.      0.      0.      0.      0.   0.00   0.00   1.00   0.27   0.01    125.    434.      0.    214.    179.     70.      0.    334.     84.      0.      0.     88.     0.     0.   1.00     82.      0.      0.      0.      0.      0.
  239  69      0.      0.      0.      0.      0.      0.   0.00   0.00   1.00   0.31   0.01    125.    506.      0.    214.    199.     70.      0.    386.    136.      0.      0.     88.     0.     0.   1.00     82.      0.      0.      0.      0.      0.
  249  69      0.      0.      0.      0.      0.      0.   0.00   0.00   1.00   0.31   0.01    125.    518.      0.    214.    211.     70.      0.    386.    136.      0.      0.     88.     0.     0.   1.00     82.      0.      0.      0.      0.      0.
  259  69      0.      0.      0.      0.      0.      0.   0.00   0.00   1.00   0.30   0.01    125.    518.      0.    214.    216.     70.      0.    380.    130.      0.      0.     88.     0.     0.   1.00     82.      0.      0.      0.      0.      0.
  269  69      0.      0.      0.      0.      0.      0.   0.00   0.00   1.00   0.30   0.01    125.    524.      0.    214.    223.     70.      0.    380.    130.      0.      0.     88.     0.     0.   1.00     82.      0.      0.      0.      0.      0.
  279  69      0.      0.      0.      0.      0.      0.   0.00   0.00   1.00   0.30   0.01    125.    531.      0.    214.    230.     70.      0.    380.    130.      0.      0.     88.     0.     0.   1.00     82.      0.      0.      0.      0.      0.
  289  69      0.      0.      0.      0.      0.      0.   0.00   0.00   1.00   0.30   0.01    125.    532.      0.    214.    232.     70.      0.    379.    129.      0.      0.     88.     0.     0.   1.00     82.      0.      0.      0.      0.      0.
  299  69      0.      0.      0.      0.      0.      0.   0.00   0.00   1.00   0.31   0.01    125.    545.      0.    214.    238.     70.      0.    386.    136.      0.      0.     88.     0.     0.   1.00     82.      0.      0.      0.      0.      0.
  309  69      0.      0.      0.      0.      0.      0.   0.00   0.00   1.00   0.31   0.01    125.    554.      0.    214.    242.     70.      0.    390.    140.      0.      0.     88.     0.     0.   1.00     82.      0.      0.      0.      0.      0.
  319  69      0.      0.      0.      0.      0.      0.   0.00   0.00   1.00   0.34   0.01    125.    592.      0.    214.    248.     70.      0.    422.    172.      0.      0.     88.     0.     0.   1.00     82.      0.      0.      0.      0.      0.
  329  69      0.      0.      0.      0.      0.      0.   0.00   0.00   1.00   0.34   0.01    125.    599.      0.    214.    251.     70.      0.    426.    176.      0.      0.     88.     0.     0.   1.00     82.      0.      0.      0.      0.      0.
  339  69      0.      0.      0.      0.      0.      0.   0.00   0.00   1.00   0.35   0.01    125.    611.      0.    214.    252.     70.      0.    438.    187.      0.      0.     88.     0.     0.   1.00     82.      0.      0.      0.      0.      0.
  349  69      0.      0.      0.      0.      0.      0.   0.00   0.00   1.00   0.35   0.01    125.    621.      0.    214.    252.     80.      0.    438.    187.      0.      0.     88.     0.     0.   1.00     82.      0.      0.      0.      0.      0.
  359  69      0.      0.      0.      0.      0.      0.   0.00   0.00   1.00   0.35   0.01    125.    643.      0.    214.    253.    101.      0.    438.    187.      0.      0.     88.     0.     0.   1.00     82.      0.      0.      0.      0.      0.
    4  70      0.      0.      0.      0.      0.      0.   0.00   0.00   1.00   0.35   0.01    125.    648.      0.    214.    253.    105.      0.    438.    187.      0.      0.     88.     0.     0.   1.00     82.      0.      0.      0.      0.      0.
   14  70      0.      0.      0.      0.      0.      0.   0.00   0.00   1.00   0.35   0.01    125.    658.      0.    214.    255.    113.      0.    437.    187.      0.      0.     88.     0.     0.   1.00     82.      0.      0.      0.      0.      0.
   20  70      0.      0.      0.      0.      0.      0.   0.00   0.00   1.00   0.35   0.01    125.    663.      0.    214.    255.    119.      0.    437.    187.      0.      0.     88.     0.     0.   1.00     82.      0.      0.      0.      0.      0.
   24  70      0.      0.      0.      0.      0.      0.   0.00   0.00   1.00   0.35   0.01    125.    668.      0.    214.    255.    124.      0.    438.    187.      0.      0.     88.     0.     0.   1.00     82.      0.      0.      0.      0.      0.
   34  70      0.      0.      0.      0.      0.      0.   0.00   0.00   1.00   0.35   0.01    125.    700.      0.    214.    256.    155.      0.    438.    187.      0.      0.     88.     0.     0.   1.00     82.      0.      0.      0.      0.      0.
   44  70      0.      0.      0.      0.      0.      0.   0.00   0.00   1.00   0.35   0.01    125.    727.      0.    214.    259.    178.      0.    438.    187.      0.      0.     88.     0.     0.   1.00     82.      0.      0.      0.      0.      0.
   54  70      0.      0.      0.      0.      0.      0.   0.00   0.00   1.00   0.35   0.01    125.    777.      0.    214.    262.    226.      0.    438.    187.      0.      0.     88.     0.     0.   1.00     82.      0.      0.      0.      0.      0.
   64  70      0.      0.      0.      0.      0.      0.   0.00   0.00   1.00   0.35   0.01    125.    795.      0.    214.    266.    240.      0.    437.    187.      0.      0.     88.     0.     0.   1.00     82.      0.      0.      0.      0.      0.
   74  70      0.      0.      0.      0.      0.      0.   0.00   0.00   1.00   0.35   0.01    125.    799.      0.    214.    268.    243.      0.    436.    186.      0.      0.     88.     0.     0.   1.00     82.      0.      0.      0.      0.      0.
   84  70      0.      0.      0.      0.      0.      0.   0.00   0.00   1.00   0.35   0.01    125.    822.      0.    214.    275.    259.      0.    437.    187.      0.      0.     88.     0.     0.   1.00     82.      0.      0.      0.      0.      0.
   94  70      0.      0.      0.      0.      0.      0.   0.00   0.00   1.00   0.35   0.01    125.    854.      0.    214.    285.    281.      0.    436.    186.      0.      0.     88.     0.     0.   1.00     82.      0.      0.      0.      0.      0.


Station=  WAGE , Soil=  1, Manage=  2, Rotat=  4 YrRot=  2 , NYear=  7 , NRot=  6 , Crop=  2, Irr.=  0, IOPT=  3,                  Runof=0.00, CO2=370. , StYear=1969, StDay=  1

 Planting on day 100, 1970
 Crop emergence on day   0, 1970
 Wageningen, long rotation 4, soil1, current                                     

 DAY  YEAR  WLVG    WLVD    WST    WSO     TAGB    TSUML    DVS    LAI  TRANRF  SMACT  SMACTL   RD    TRAIN   TIRR   TTRANS  TESOIL  TDRAIN  TRUNOF    WTOT   WAVT    WTOTL     WAVTL  WTOTLX  PARAB    PAR    NNI   NMINT  NMIN    NUPT     NFIX   NLIV   NLOSS  
  100  70      0.      0.      0.      0.      0.      0.   0.00   0.00   1.00   0.35   0.35     10.    883.      0.    214.    290.    304.      0.     35.     15.    385.    165.    105.     0.     0.   0.00      0.     30.      0.      0.      0.      0.
  110  70      0.      0.      0.      0.      0.      0.   0.00   0.00   1.00   0.33   0.35     10.    898.      0.    215.    303.    309.      0.     33.     13.    385.    165.    105.     0.    48.   0.00      0.     30.      0.      0.      0.      0.
  117  70      0.      0.      0.      0.      0.      0.   0.00   0.00   1.00   0.34   0.35     10.    915.      0.    215.    312.    314.      0.     34.     14.    385.    165.    105.     0.    77.   1.00      0.     30.      0.      0.      0.      0.
  120  70      0.      0.      0.      0.      0.      7.   0.01   0.00   1.00   0.34   0.35     14.    929.      0.    215.    319.    321.      0.     42.     18.    377.    161.    105.     0.   102.   0.92      2.     28.      0.      0.      0.      0.
  130  70      1.      0.      0.      0.      2.     99.   0.15   0.00   1.00   0.32   0.35     26.    935.      0.    215.    333.    321.      0.     77.     28.    335.    143.    105.     0.   186.   0.73     10.     20.      0.      0.      0.      0.
  140  70      4.      0.      2.      0.      6.    210.   0.32   0.01   1.00   0.32   0.35     38.    942.      0.    215.    344.    321.      0.    115.     42.    293.    125.    105.     0.   266.   0.92    129.     13.      0.      0.      0.      0.
  150  70     10.      1.      7.      0.     18.    297.   0.46   0.02   1.00   0.32   0.35     50.    950.      0.    215.    355.    321.      0.    153.     56.    251.    107.    105.     1.   346.   0.89    136.      5.      1.      0.      1.      0.
  160  70     33.      3.     30.      0.     66.    421.   0.65   0.06   1.00   0.31   0.35     62.    951.      0.    216.    364.    321.      0.    187.     66.    209.     89.    105.     4.   457.   0.72    140.      0.      2.      0.      2.      0.
  170  70    104.     11.    123.      0.    237.    561.   0.86   0.19   0.95   0.29   0.35     74.    960.      0.    218.    387.    321.      0.    212.     68.    167.     71.    105.    12.   575.   0.72    190.      0.      8.      0.      8.      0.
  180  70    234.     30.    337.     11.    611.    715.   1.05   0.42   1.00   0.29   0.35     86.    968.      0.    222.    402.    321.      0.    242.     74.    125.     53.    105.    28.   669.   0.89    177.      0.     21.      0.     20.      1.
  190  70    384.     48.    564.    168.   1164.    845.   1.14   0.70   1.00   0.32   0.35     98.   1018.      0.    229.    420.    321.      0.    309.    116.     83.     35.    105.    49.   734.   0.81    165.      0.     33.      0.     32.      1.
  200  70    547.     76.    835.    682.   2140.    971.   1.23   1.01   1.00   0.34   0.35    110.   1071.      0.    239.    435.    329.      0.    373.    156.     41.     17.    105.    82.   810.   0.92    147.      0.     51.      0.     50.      2.
  210  70    569.    133.    967.   1400.   3070.   1096.   1.32   1.05   1.00   0.34   0.00    120.   1100.      0.    250.    448.    333.      0.    413.    173.      0.     -0.    105.   113.   869.   0.96    135.      0.     63.      0.     60.      3.
  220  70    435.    328.   1099.   2488.   4350.   1258.   1.44   0.81   1.00   0.33   0.00    120.   1107.      0.    263.    457.    333.      0.    399.    159.      0.     -0.    105.   156.   959.   0.95    123.      0.     75.      0.     67.      8.
  230  70    337.    462.   1109.   3138.   5115.   1387.   1.53   0.63   1.00   0.33   0.00    120.   1130.      0.    271.    470.    333.      0.    401.    161.      0.     -0.    105.   183.  1027.   0.82    116.      0.     82.      0.     70.     12.
  240  70    218.    599.    959.   3575.   5627.   1517.   1.62   0.41   1.00   0.33   0.00    120.   1139.      0.    277.    481.    333.      0.    393.    153.      0.     -0.    105.   204.  1098.   0.43    116.      0.     82.      0.     62.     20.
  250  70    114.    708.    803.   3744.   5824.   1640.   1.71   0.24   1.00   0.32   0.00    120.   1142.      0.    281.    490.    333.      0.    383.    143.      0.     -0.    105.   219.  1168.   0.18    116.      0.     82.      0.     56.     26.
  260  70     54.    769.    658.   3765.   5848.   1758.   1.79   0.14   1.00   0.35   0.00    120.   1216.      0.    283.    506.    352.      0.    420.    180.      0.     -0.    105.   224.  1209.   0.08    116.      0.     82.      0.     51.     31.
  270  70     25.    798.    538.   3768.   5852.   1863.   1.87   0.08   1.00   0.35   0.00    120.   1216.      0.    283.    512.    352.      0.    414.    174.      0.     -0.    105.   228.  1267.   0.04    116.      0.     82.      0.     48.     34.
  273  70     19.    804.    506.   3768.   5852.   1903.   1.90   0.07   1.00   0.34   0.00    120.   1216.      0.    284.    514.    352.      0.    412.    172.      0.     -0.    105.   229.  1285.   0.03    116.      0.     82.      0.     48.     35.
  273  70      0.      0.      0.      0.      0.      0.   0.00   0.00   1.00   0.35   0.00    120.   1227.      0.    284.    515.    353.      0.    420.    180.      0.     -0.    105.     0.     0.   1.00    116.      0.      0.      0.      0.      0.
  278  70      0.      0.      0.      0.      0.      0.   0.00   0.00   1.00   0.35   0.00    120.   1270.      0.    284.    523.    389.      0.    420.    180.      0.     -0.    105.     0.     0.   1.00    116.      0.      0.      0.      0.      0.
  288  70      0.      0.      0.      0.      0.      0.   0.00   0.00   1.00   0.35   0.00    120.   1274.      0.    284.    527.    390.      0.    418.    178.      0.     -0.    105.     0.     0.   1.00    116.      0.      0.      0.      0.      0.
  298  70      0.      0.      0.      0.      0.      0.   0.00   0.00   1.00   0.35   0.00    120.   1303.      0.    284.    531.    413.      0.    420.    180.      0.     -0.    105.     0.     0.   1.00    116.      0.      0.      0.      0.      0.
  308  70      0.      0.      0.      0.      0.      0.   0.00   0.00   1.00   0.35   0.00    120.   1365.      0.    284.    538.    469.      0.    419.    179.      0.     -0.    105.     0.     0.   1.00    116.      0.      0.      0.      0.      0.
  318  70      0.      0.      0.      0.      0.      0.   0.00   0.00   1.00   0.35   0.00    120.   1381.      0.    284.    543.    479.      0.    420.    180.      0.     -0.    105.     0.     0.   1.00    116.      0.      0.      0.      0.      0.
  328  70      0.      0.      0.      0.      0.      0.   0.00   0.00   1.00   0.35   0.00    120.   1404.      0.    284.    548.    498.      0.    420.    180.      0.     -0.    105.     0.     0.   1.00    116.      0.      0.      0.      0.      0.
  338  70      0.      0.      0.      0.      0.      0.   0.00   0.00   1.00   0.35   0.00    120.   1428.      0.    284.    550.    521.      0.    419.    179.      0.     -0.    105.     0.     0.   1.00    116.      0.      0.      0.      0.      0.
  348  70      0.      0.      0.      0.      0.      0.   0.00   0.00   1.00   0.35   0.00    120.   1451.      0.    284.    550.    543.      0.    420.    180.      0.     -0.    105.     0.     0.   1.00    116.      0.      0.      0.      0.      0.
  358  70      0.      0.      0.      0.      0.      0.   0.00   0.00   1.00   0.35   0.00    120.   1456.      0.    284.    551.    547.      0.    420.    180.      0.     -0.    105.     0.     0.   1.00    116.      0.      0.      0.      0.      0.
    3  71      0.      0.      0.      0.      0.      0.   0.00   0.00   1.00   0.35   0.00    120.   1462.      0.    284.    551.    553.      0.    420.    180.      0.     -0.    105.     0.     0.   1.00    116.      0.      0.      0.      0.      0.
   13  71      0.      0.      0.      0.      0.      0.   0.00   0.00   1.00   0.35   0.00    120.   1464.      0.    284.    551.    555.      0.    420.    180.      0.     -0.    105.     0.     0.   1.00    116.      0.      0.      0.      0.      0.
   23  71      0.      0.      0.      0.      0.      0.   0.00   0.00   1.00   0.35   0.00    120.   1478.      0.    284.    551.    567.      0.    420.    180.      0.     -0.    105.     0.     0.   1.00    116.      0.      0.      0.      0.      0.
   33  71      0.      0.      0.      0.      0.      0.   0.00   0.00   1.00   0.35   0.00    120.   1520.      0.    284.    556.    606.      0.    420.    180.      0.     -0.    105.     0.     0.   1.00    116.      0.      0.      0.      0.      0.
   43  71      0.      0.      0.      0.      0.      0.   0.00   0.00   1.00   0.35   0.00    120.   1526.      0.    284.    558.    610.      0.    420.    180.      0.     -0.    105.     0.     0.   1.00    116.      0.      0.      0.      0.      0.
   53  71      0.      0.      0.      0.      0.      0.   0.00   0.00   1.00   0.35   0.00    120.   1552.      0.    284.    560.    633.      0.    420.    180.      0.     -0.    105.     0.     0.   1.00    116.      0.      0.      0.      0.      0.
   63  71      0.      0.      0.      0.      0.      0.   0.00   0.00   1.00   0.35   0.00    120.   1558.      0.    284.    564.    635.      0.    420.    180.      0.     -0.    105.     0.     0.   1.00    116.      0.      0.      0.      0.      0.
   73  71      0.      0.      0.      0.      0.      0.   0.00   0.00   1.00   0.35   0.00    120.   1570.      0.    284.    569.    643.      0.    419.    179.      0.     -0.    105.     0.     0.   1.00    116.      0.      0.      0.      0.      0.
   83  71      0.      0.      0.      0.      0.      0.   0.00   0.00   1.00   0.35   0.00    120.   1588.      0.    284.    580.    651.      0.    419.    179.      0.     -0.    105.     0.     0.   1.00    116.      0.      0.      0.      0.      0.
   93  71      0.      0.      0.      0.      0.      0.   0.00   0.00   1.00   0.35   0.00    120.   1593.      0.    284.    585.    652.      0.    417.    177.      0.     -0.    105.     0.     0.   1.00    116.      0.      0.      0.      0.      0.
  103  71      0.      0.      0.      0.      0.      0.   0.00   0.00   1.00   0.34   0.00    120.   1593.      0.    284.    589.    652.      0.    414.    174.      0.     -0.    105.     0.     0.   1.00    116.      0.      0.      0.      0.      0.
  113  71      0.      0.      0.      0.      0.      0.   0.00   0.00   1.00   0.34   0.00    120.   1598.      0.    284.    594.    652.      0.    413.    173.      0.     -0.    105.     0.     0.   1.00    116.      0.      0.      0.      0.      0.
  117  71      0.      0.      0.      0.      0.      0.   0.00   0.00   1.00   0.35   0.00    120.   1613.      0.    284.    603.    652.      0.    419.    179.      0.     -0.    105.     0.     0.   1.00    116.      0.      0.      0.      0.      0.


Station=  WAGE , Soil=  1, Manage=  2, Rotat=  4 YrRot=  3 , NYear=  7 , NRot=  6 , Crop=  3, Irr.=  0, IOPT=  3,                  Runof=0.00, CO2=370. , StYear=1969, StDay=  1

 Planting on day 120, 1971
 Crop emergence on day   0, 1971
 Wageningen, long rotation 4, soil1, current                                     

 DAY  YEAR  WLVG    WLVD    WST    WSO     TAGB    TSUML    DVS    LAI  TRANRF  SMACT  SMACTL   RD    TRAIN   TIRR   TTRANS  TESOIL  TDRAIN  TRUNOF    WTOT   WAVT    WTOTL     WAVTL  WTOTLX  PARAB    PAR    NNI   NMINT  NMIN    NUPT     NFIX   NLIV   NLOSS  
  120  71     19.      0.     11.      0.     30.      0.   0.00   0.05   1.00   0.33   0.35     10.   1613.      0.    284.    608.    652.      0.     33.     13.    312.    132.    174.     0.     0.   0.00      0.     30.      0.      0.      2.      0.
  130  71     19.      0.     11.      0.     30.      0.   0.00   0.05   1.00   0.26   0.35     10.   1620.      0.    284.    621.    652.      0.     26.      6.    312.    132.    174.     0.   104.   0.00      0.     30.      0.      0.      2.      0.
  134  71     19.      0.     11.      0.     30.      0.   0.00   0.05   0.00   0.19   0.35     10.   1624.      0.    284.    632.    652.      0.     19.     -1.    312.    132.    174.     0.   150.   1.00    112.     30.      0.      0.      2.      0.
  140  71     32.      2.     24.      0.     58.     57.   0.08   0.08   1.00   0.32   0.35     16.   1662.      0.    285.    647.    660.      0.     47.     17.    298.    128.    175.     2.   196.   0.85    115.     26.      1.      0.      3.      0.
  150  71     83.      5.     64.      0.    152.    129.   0.19   0.19   1.00   0.32   0.35     28.   1681.      0.    286.    667.    660.      0.     87.     33.    256.    110.    175.     7.   276.   0.88    118.     19.      5.      0.      7.      0.
  160  71    343.     17.    297.      0.    656.    231.   0.33   0.69   1.00   0.28   0.35     40.   1681.      0.    291.    681.    660.      0.    109.     32.    214.     92.    175.    27.   380.   0.91    107.     11.     24.      0.     26.      0.
  170  71    597.     29.    522.      0.   1148.    301.   0.43   1.16   1.00   0.35   0.35     52.   1740.      0.    299.    696.    670.      0.    178.     76.    172.     74.    175.    53.   441.   0.97    154.      4.     40.      0.     42.      0.
  180  71   1105.     58.   1184.      0.   2346.    383.   0.55   2.00   1.00   0.35   0.35     64.   1779.      0.    313.    708.    683.      0.    220.     94.    130.     56.    175.    95.   512.   0.99    126.      0.     72.      0.     74.      0.
  190  71   2001.    103.   2957.      0.   5061.    492.   0.71   3.30   1.00   0.31   0.35     76.   1780.      0.    339.    715.    683.      0.    229.     80.     88.     38.    175.   182.   624.   0.94     80.      0.    118.      0.    120.      1.
  200  71   2560.    136.   4884.      0.   7580.    595.   0.86   3.98   1.00   0.28   0.35     88.   1781.      0.    367.    718.    683.      0.    241.     68.     46.     20.    175.   268.   721.   1.00     50.      0.    148.      0.    149.      1.
  210  71   2854.    165.   6676.     60.   9754.    708.   1.02   4.33   1.00   0.29   0.35    100.   1809.      0.    389.    722.    683.      0.    286.     89.      4.      2.    175.   330.   789.   1.00     45.      0.    153.      0.    154.      1.
  220  71   2280.   1075.   8175.   1577.  13106.    835.   1.17   3.37   1.00   0.28   0.07    100.   1834.      0.    418.    726.    683.      0.    282.     82.      0.      0.    175.   405.   871.   1.00     29.      0.    169.      0.    165.      6.
  230  71   1675.   1696.   8239.   3176.  14785.    935.   1.28   2.47   1.00   0.27   0.07    100.   1844.      0.    434.    730.    683.      0.    272.     72.      0.      0.    175.   455.   932.   1.00     21.      0.    177.      0.    170.      9.
  240  71   1193.   2177.   8239.   5230.  16840.   1051.   1.42   1.76   1.00   0.27   0.07    100.   1872.      0.    451.    739.    683.      0.    274.     74.      0.      0.    175.   508.  1006.   1.00     19.      0.    179.      0.    170.     12.
  250  71    841.   2529.   7755.   6347.  17957.   1145.   1.53   1.25   1.00   0.26   0.07    100.   1877.      0.    463.    745.    683.      0.    262.     62.      0.      0.    175.   546.  1069.   0.84     19.      0.    179.      0.    166.     15.
  260  71    598.   2773.   6336.   6726.  18336.   1205.   1.60   0.91   1.00   0.25   0.07    100.   1879.      0.    470.    748.    683.      0.    252.     52.      0.      0.    175.   577.  1136.   0.80     19.      0.    179.      0.    160.     21.
  270  71    419.   2951.   5177.   6864.  18474.   1272.   1.67   0.66   1.00   0.25   0.07    100.   1890.      0.    474.    753.    683.      0.    255.     55.      0.      0.    175.   598.  1189.   0.85     19.      0.    179.      0.    156.     26.
  280  71    310.   3060.   4230.   7012.  18622.   1330.   1.74   0.50   1.00   0.25   0.07    100.   1896.      0.    476.    757.    683.      0.    255.     55.      0.      0.    175.   611.  1234.   0.95     19.      0.    179.      0.    152.     30.
  290  71    249.   3121.   3527.   7108.  18717.   1380.   1.80   0.40   1.00   0.25   0.07    100.   1899.      0.    478.    759.    683.      0.    253.     53.      0.      0.    175.   619.  1268.   1.00     19.      0.    179.      0.    149.     32.
  299  71      0.      0.      0.      0.      0.      0.   0.00   0.00   1.00   0.27   0.07    100.   1920.      0.    478.    766.    683.      0.    267.     67.      0.      0.    175.     0.     0.   1.00     19.      0.      0.      0.      0.      0.
  309  71      0.      0.      0.      0.      0.      0.   0.00   0.00   1.00   0.27   0.07    100.   1920.      0.    478.    767.    683.      0.    266.     66.      0.      0.    175.     0.     0.   1.00     19.      0.      0.      0.      0.      0.
  319  71      0.      0.      0.      0.      0.      0.   0.00   0.00   1.00   0.28   0.07    100.   1931.      0.    478.    769.    683.      0.    275.     75.      0.      0.    175.     0.     0.   1.00     19.      0.      0.      0.      0.      0.
  329  71      0.      0.      0.      0.      0.      0.   0.00   0.00   1.00   0.31   0.07    100.   1967.      0.    478.    773.    683.      0.    308.    108.      0.      0.    175.     0.     0.   1.00     19.      0.      0.      0.      0.      0.
  339  71      0.      0.      0.      0.      0.      0.   0.00   0.00   1.00   0.32   0.07    100.   1979.      0.    478.    773.    683.      0.    320.    120.      0.      0.    175.     0.     0.   1.00     19.      0.      0.      0.      0.      0.
  349  71      0.      0.      0.      0.      0.      0.   0.00   0.00   1.00   0.32   0.07    100.   1985.      0.    478.    774.    683.      0.    325.    125.      0.      0.    175.     0.     0.   1.00     19.      0.      0.      0.      0.      0.
  359  71      0.      0.      0.      0.      0.      0.   0.00   0.00   1.00   0.35   0.07    100.   2006.      0.    478.    775.    683.      0.    345.    145.      0.      0.    175.     0.     0.   1.00     19.      0.      0.      0.      0.      0.
    4  72      0.      0.      0.      0.      0.      0.   0.00   0.00   1.00   0.35   0.07    100.   2007.      0.    478.    775.    683.      0.    346.    146.      0.      0.    175.     0.     0.   1.00     19.      0.      0.      0.      0.      0.
   14  72      0.      0.      0.      0.      0.      0.   0.00   0.00   1.00   0.35   0.07    100.   2012.      0.    478.    775.    684.      0.    350.    150.      0.      0.    175.     0.     0.   1.00     19.      0.      0.      0.      0.      0.
   24  72      0.      0.      0.      0.      0.      0.   0.00   0.00   1.00   0.35   0.07    100.   2026.      0.    478.    776.    697.      0.    350.    150.      0.      0.    175.     0.     0.   1.00     19.      0.      0.      0.      0.      0.
   34  72      0.      0.      0.      0.      0.      0.   0.00   0.00   1.00   0.35   0.07    100.   2040.      0.    478.    778.    709.      0.    350.    150.      0.      0.    175.     0.     0.   1.00     19.      0.      0.      0.      0.      0.
   44  72      0.      0.      0.      0.      0.      0.   0.00   0.00   1.00   0.35   0.07    100.   2062.      0.    478.    782.    727.      0.    350.    150.      0.      0.    175.     0.     0.   1.00     19.      0.      0.      0.      0.      0.
   54  72      0.      0.      0.      0.      0.      0.   0.00   0.00   1.00   0.35   0.07    100.   2066.      0.    478.    784.    730.      0.    350.    150.      0.      0.    175.     0.     0.   1.00     19.      0.      0.      0.      0.      0.
   64  72      0.      0.      0.      0.      0.      0.   0.00   0.00   1.00   0.35   0.07    100.   2071.      0.    478.    786.    732.      0.    350.    150.      0.      0.    175.     0.     0.   1.00     19.      0.      0.      0.      0.      0.
   74  72      0.      0.      0.      0.      0.      0.   0.00   0.00   1.00   0.35   0.07    100.   2083.      0.    478.    793.    739.      0.    348.    148.      0.      0.    175.     0.     0.   1.00     19.      0.      0.      0.      0.      0.
   84  72      0.      0.      0.      0.      0.      0.   0.00   0.00   1.00   0.34   0.07    100.   2083.      0.    478.    798.    739.      0.    342.    142.      0.      0.    175.     0.     0.   1.00     19.      0.      0.      0.      0.      0.
   94  72      0.      0.      0.      0.      0.      0.   0.00   0.00   1.00   0.35   0.07    100.   2123.      0.    478.    808.    762.      0.    350.    150.      0.      0.    175.     0.     0.   1.00     19.      0.      0.      0.      0.      0.


Station=  WAGE , Soil=  1, Manage=  2, Rotat=  4 YrRot=  4 , NYear=  7 , NRot=  6 , Crop=  4, Irr.=  0, IOPT=  3,                  Runof=0.00, CO2=370. , StYear=1969, StDay=  1

 Planting on day 100, 1972
 Crop emergence on day   0, 1972
 Wageningen, long rotation 4, soil1, current                                     

 DAY  YEAR  WLVG    WLVD    WST    WSO     TAGB    TSUML    DVS    LAI  TRANRF  SMACT  SMACTL   RD    TRAIN   TIRR   TTRANS  TESOIL  TDRAIN  TRUNOF    WTOT   WAVT    WTOTL     WAVTL  WTOTLX  PARAB    PAR    NNI   NMINT  NMIN    NUPT     NFIX   NLIV   NLOSS  
  100  72     48.      0.     12.      0.     60.      0.   0.00   0.14   1.00   0.35   0.35     10.   2158.      0.    478.    817.    788.      0.     35.     15.    140.     60.    350.     0.     0.   0.00      0.     30.      0.      0.      4.      0.
  110  72     48.      0.     12.      0.     60.      0.   0.00   0.14   1.00   0.32   0.35     10.   2189.      0.    480.    829.    808.      0.     32.     12.    140.     60.    350.     0.    61.   0.00      0.     30.      0.      0.      4.      0.
  120  72     48.      0.     12.      0.     60.      0.   0.00   0.14   0.96   0.24   0.35     10.   2198.      0.    482.    841.    810.      0.     24.      4.    140.     60.    350.     0.   137.   0.00      0.     30.      0.      0.      4.      0.
  130  72     48.      0.     12.      0.     60.      0.   0.00   0.14   0.28   0.21   0.35     10.   2210.      0.    484.    854.    810.      0.     21.      1.    140.     60.    350.     0.   213.   0.00      0.     30.      0.      0.      4.      0.
  131  72     48.      0.     12.      0.     60.      0.   0.00   0.14   1.00   0.30   0.35     10.   2220.      0.    484.    856.    810.      0.     30.     10.    140.     60.    350.     0.   219.   1.00      0.     30.      0.      0.      4.      0.
  140  72    148.      6.     56.      0.    211.     61.   0.41   0.39   1.00   0.35   0.35     21.   2267.      0.    486.    869.    836.      0.     69.     29.    106.     46.    350.     9.   264.   0.80    113.     23.      5.      0.      9.      0.
  150  72    710.     54.    436.     17.   1217.    173.   1.05   1.88   1.00   0.35   0.35     33.   2297.      0.    502.    884.    837.      0.    111.     47.     64.     28.    350.    60.   354.   0.86     84.     16.     42.      0.     45.      1.
  160  72   1371.    112.    828.    325.   2636.    286.   1.12   3.75   1.00   0.34   0.35     45.   2319.      0.    524.    887.    837.      0.    149.     61.     22.     10.    350.   125.   425.   0.86     49.      8.     85.      0.     86.      2.
  170  72   1967.    269.   1431.   1304.   4971.    390.   1.19   5.42   1.00   0.31  -0.00     50.   2336.      0.    554.    889.    837.      0.    156.     56.     -0.     -0.    350.   220.   521.   0.91     57.      1.    140.      0.    138.      5.
  180  72   1954.    530.   1890.   2451.   6825.    517.   1.27   5.38   1.00   0.33  -0.00     50.   2377.      0.    584.    889.    839.      0.    165.     65.     -0.     -0.    350.   294.   595.   0.97     26.      0.    172.      0.    165.     11.
  190  72   1776.    710.   2142.   3881.   8509.    651.   1.35   4.89   1.00   0.32  -0.00     50.   2407.      0.    609.    889.    846.      0.    162.     62.     -0.     -0.    350.   358.   660.   0.98      8.      0.    190.      0.    179.     14.
  200  72   1643.    843.   2143.   6602.  11231.    790.   1.44   4.54   1.00   0.28  -0.00     50.   2418.      0.    641.    890.    846.      0.    141.     41.     -0.     -0.    350.   457.   760.   0.83      0.      0.    198.      0.    185.     17.
  210  72   1121.   1364.   1899.   7860.  12489.    973.   1.56   3.24   1.00   0.35  -0.00     50.   2482.      0.    668.    891.    848.      0.    175.     75.     -0.     -0.    350.   529.   833.   0.60      0.      0.    198.      0.    171.     31.
  220  72    625.   1861.   1551.   9040.  13669.   1115.   1.65   2.03   1.00   0.32  -0.00     50.   2491.      0.    689.    893.    851.      0.    158.     58.     -0.     -0.    350.   593.   902.   0.36      0.      0.    198.      0.    156.     46.
  230  72    305.   2180.   1268.   9556.  14185.   1267.   1.75   1.26   1.00   0.32  -0.00     50.   2518.      0.    708.    899.    851.      0.    160.     60.     -0.     -0.    350.   656.   980.   0.19      0.      0.    198.      0.    145.     57.
  240  72    148.   2338.   1036.   9684.  14313.   1384.   1.83   0.85   1.00   0.32  -0.00     50.   2539.      0.    720.    906.    851.      0.    162.     62.     -0.     -0.    350.   699.  1046.   0.10      0.      0.    198.      0.    138.     63.
  250  72     68.   2417.    846.   9706.  14335.   1503.   1.90   0.60   1.00   0.30  -0.00     50.   2539.      0.    729.    910.    851.      0.    149.     49.     -0.     -0.    350.   743.  1131.   0.05      0.      0.    198.      0.    134.     68.
  260  72     34.   2452.    706.   9706.  14335.   1605.   1.97   0.45   1.00   0.34  -0.00     50.   2575.      0.    734.    919.    851.      0.    171.     71.     -0.     -0.    350.   760.  1174.   0.02      0.      0.    198.      0.    131.     71.
  269  72      0.      0.      0.      0.      0.      0.   0.00   0.00   1.00   0.35  -0.00     50.   2589.      0.    734.    924.    858.      0.    173.     73.     -0.     -0.    350.     0.     0.   1.00      0.      0.      0.      0.      0.      0.


Station=  WAGE , Soil=  1, Manage=  2, Rotat=  4 YrRot=  5 , NYear=  7 , NRot=  6 , Crop=  5, Irr.=  0, IOPT=  3,                  Runof=0.00, CO2=370. , StYear=1969, StDay=  1

 Planting on day 270, 1972
 Crop emergence on day   0, 1972
 Wageningen, long rotation 4, soil1, current                                     

 DAY  YEAR  WLVG    WLVD    WST    WSO     TAGB    TSUML    DVS    LAI  TRANRF  SMACT  SMACTL   RD    TRAIN   TIRR   TTRANS  TESOIL  TDRAIN  TRUNOF    WTOT   WAVT    WTOTL     WAVTL  WTOTLX  PARAB    PAR    NNI   NMINT  NMIN    NUPT     NFIX   NLIV   NLOSS  
  270  72    137.      0.     59.      0.    195.      0.   0.00   0.30   1.00   0.34   0.35     10.   2589.      0.    734.    925.    858.      0.     34.     14.    401.    171.     87.     0.     0.   0.00      0.     30.      0.      0.     11.      0.
  277  72    137.      0.     59.      0.    195.      0.   0.00   0.30   1.00   0.32   0.35     10.   2590.      0.    735.    927.    858.      0.     32.     12.    401.    171.     87.     0.    31.   1.00      0.     30.      0.      0.     11.      0.
  280  72    170.      1.     76.      0.    247.      5.   0.02   0.37   1.00   0.31   0.35     14.   2590.      0.    736.    928.    858.      0.     39.     14.    393.    167.     87.     3.    50.   0.89      1.     28.      1.      0.     13.      0.
  290  72    236.      7.    113.      0.    356.     18.   0.07   0.70   1.00   0.32   0.35     26.   2590.      0.    737.    929.    858.      0.     78.     29.    351.    150.     87.    13.    91.   0.96      3.     20.      7.      0.     18.      0.
  300  72    301.     10.    145.      0.    457.     22.   0.09   0.89   1.00   0.35   0.35     38.   2606.      0.    738.    931.    863.      0.    126.     54.    310.    133.     88.    22.   118.   0.94      6.     13.     11.      0.     23.      0.
  310  72    389.     16.    190.      0.    595.     25.   0.10   1.07   1.00   0.35   0.35     50.   2614.      0.    739.    933.    868.      0.    169.     72.    268.    115.     88.    30.   138.   0.99      6.      5.     19.      0.     30.      0.
  320  72    453.     20.    222.      0.    694.     25.   0.10   1.21   1.00   0.35   0.35     62.   2661.      0.    741.    936.    909.      0.    211.     91.    226.     97.     88.    36.   150.   1.00      6.      0.     24.      0.     36.      0.
  330  72    481.     21.    235.      0.    736.     25.   0.10   1.27   1.00   0.35   0.35     74.   2689.      0.    742.    937.    934.      0.    253.    109.    184.     79.     88.    43.   165.   1.00      3.      0.     27.      0.     38.      0.
  340  72    521.     23.    254.      0.    798.     25.   0.10   1.36   1.00   0.35   0.35     86.   2694.      0.    743.    938.    937.      0.    295.    127.    142.     61.     88.    50.   179.   0.99      1.      0.     29.      0.     41.      0.
  350  72    556.     35.    276.      0.    867.     25.   0.10   1.44   1.00   0.35   0.35     98.   2711.      0.    745.    939.    953.      0.    337.    144.    100.     43.     88.    56.   189.   0.93      0.      0.     30.      0.     41.      0.
  360  72    544.     55.    280.      0.    880.     25.   0.10   1.41   1.00   0.35   0.35    110.   2711.      0.    745.    939.    953.      0.    378.    161.     58.     25.     88.    62.   201.   0.94      0.      0.     30.      0.     41.      0.
    5  73    531.     69.    281.      0.    881.     25.   0.10   1.38   1.00   0.35   0.35    122.   2711.      0.    746.    940.    953.      0.    419.    178.     16.      7.     88.    68.   212.   0.96      0.      0.     30.      0.     41.      1.
   15  73    523.     79.    282.      0.    884.     25.   0.10   1.37   1.00   0.35   0.00    125.   2713.      0.    747.    940.    953.      0.    437.    187.      0.      0.     88.    72.   220.   0.97      0.      0.     30.      0.     41.      1.
   25  73    520.     88.    285.      0.    893.     25.   0.10   1.36   1.00   0.35   0.00    125.   2720.      0.    748.    941.    957.      0.    437.    187.      0.      0.     88.    78.   231.   0.97      0.      0.     30.      0.     41.      1.
   35  73    535.    103.    300.      0.    939.     25.   0.10   1.39   1.00   0.35   0.00    125.   2738.      0.    749.    942.    972.      0.    437.    187.      0.      0.     88.    86.   246.   0.93      0.      0.     30.      0.     41.      1.
   45  73    535.    125.    312.      0.    973.     25.   0.11   1.39   1.00   0.35   0.00    125.   2776.      0.    750.    944.   1007.      0.    438.    187.      0.      0.     88.    93.   259.   0.91      0.      0.     30.      0.     41.      1.
   55  73    526.    146.    318.      0.    989.     26.   0.11   1.37   1.00   0.35   0.00    125.   2805.      0.    752.    946.   1031.      0.    438.    187.      0.      0.     88.   102.   277.   0.92      0.      0.     30.      0.     40.      1.
   65  73    542.    164.    337.      0.   1043.     28.   0.12   1.41   1.00   0.35   0.00    125.   2812.      0.    755.    949.   1035.      0.    437.    187.      0.      0.     88.   121.   314.   0.89      0.      0.     30.      0.     40.      1.
   75  73    536.    202.    356.      0.   1094.     30.   0.13   1.40   1.00   0.35   0.00    125.   2821.      0.    758.    951.   1041.      0.    433.    183.      0.      0.     88.   149.   366.   0.88      0.      0.     30.      0.     40.      1.
   85  73    556.    240.    393.      0.   1190.     41.   0.17   1.44   1.00   0.35   0.00    125.   2827.      0.    763.    954.   1041.      0.    431.    181.      0.      0.     88.   175.   415.   0.86      0.      0.     30.      0.     40.      2.
   95  73    559.    280.    420.      0.   1260.     49.   0.20   1.44   1.00   0.35   0.00    125.   2868.      0.    768.    960.   1065.      0.    438.    187.      0.      0.     88.   203.   465.   0.86      0.      0.     30.      0.     39.      2.
  105  73    576.    330.    469.      0.   1374.     55.   0.23   1.48   1.00   0.35   0.00    125.   2886.      0.    774.    968.   1070.      0.    436.    186.      0.      0.     88.   237.   526.   0.83      0.      0.     30.      0.     39.      2.
  115  73    673.    403.    682.      0.   1757.     78.   0.32   1.67   1.00   0.35   0.00    125.   2900.      0.    783.    975.   1072.      0.    432.    182.      0.      0.     88.   276.   596.   0.69      0.      0.     30.      0.     38.      3.
  125  73    717.    513.    996.      0.   2226.    121.   0.50   1.75   1.00   0.35   0.00    125.   2923.      0.    792.    982.   1076.      0.    435.    185.      0.      0.     88.   314.   659.   0.66      0.      0.     30.      0.     38.      4.
  135  73    771.    661.   1674.      0.   3107.    183.   0.76   1.84   1.00   0.35   0.00    125.   2942.      0.    804.    991.   1076.      0.    433.    183.      0.      0.     88.   357.   728.   1.00     92.      0.     50.      0.     57.      5.
  145  73    979.    749.   2848.     11.   4586.    273.   1.06   2.25   1.00   0.33   0.00    125.   2953.      0.    824.   1000.   1076.      0.    416.    166.      0.      0.     88.   425.   829.   1.00     88.      0.     54.      0.     60.      5.
  155  73    900.   1025.   3906.    295.   6125.    375.   1.23   2.03   1.00   0.34   0.00    125.   2983.      0.    840.   1009.   1076.      0.    420.    170.      0.      0.     88.   478.   905.   1.00     79.      0.     63.      0.     67.      7.
  165  73    683.   1242.   4642.   1165.   7732.    472.   1.39   1.54   1.00   0.32   0.00    125.   2983.      0.    858.   1016.   1076.      0.    396.    146.      0.      0.     88.   542.  1007.   0.99    129.      0.     69.      0.     71.      9.
  175  73    439.   1486.   4655.   2307.   9176.    596.   1.60   1.02   1.00   0.30   0.00    125.   2983.      0.    876.   1022.   1076.      0.    371.    121.      0.      0.     88.   605.  1130.   0.51    129.      0.     69.      0.     68.     12.
  185  73    220.   1704.   3817.   2680.   9565.    754.   1.86   0.59   1.00   0.28   0.00    125.   2996.      0.    890.   1039.   1076.      0.    353.    103.      0.      0.     88.   647.  1250.   0.29    129.      0.     69.      0.     63.     17.
  192  73    141.   1783.   3381.   2705.   9589.    842.   2.01   0.43   1.00   0.27   0.00    125.   2998.      0.    895.   1049.   1076.      0.    340.     90.      0.      0.     88.   662.  1312.   0.21    129.      0.     69.      0.     61.     20.
  194  73      0.      0.      0.      0.      0.      0.   0.00   0.00   1.00   0.28   0.00    125.   3010.      0.    895.   1054.   1076.      0.    347.     97.      0.      0.     88.     0.     0.   1.00    129.      0.      0.      0.      0.      0.
  204  73      0.      0.      0.      0.      0.      0.   0.00   0.00   1.00   0.29   0.00    125.   3042.      0.    895.   1076.   1076.      0.    357.    107.      0.      0.     88.     0.     0.   1.00    129.      0.      0.      0.      0.      0.
  214  73      0.      0.      0.      0.      0.      0.   0.00   0.00   1.00   0.28   0.00    125.   3057.      0.    895.   1094.   1076.      0.    354.    104.      0.      0.     88.     0.     0.   1.00    129.      0.      0.      0.      0.      0.
  224  73      0.      0.      0.      0.      0.      0.   0.00   0.00   1.00   0.28   0.00    125.   3078.      0.    895.   1114.   1076.      0.    355.    105.      0.      0.     88.     0.     0.   1.00    129.      0.      0.      0.      0.      0.
  234  73      0.      0.      0.      0.      0.      0.   0.00   0.00   1.00   0.28   0.00    125.   3078.      0.    895.   1123.   1076.      0.    346.     96.      0.      0.     88.     0.     0.   1.00    129.      0.      0.      0.      0.      0.
  244  73      0.      0.      0.      0.      0.      0.   0.00   0.00   1.00   0.29   0.00    125.   3102.      0.    895.   1131.   1076.      0.    362.    112.      0.      0.     88.     0.     0.   1.00    129.      0.      0.      0.      0.      0.
  254  73      0.      0.      0.      0.      0.      0.   0.00   0.00   1.00   0.29   0.00    125.   3105.      0.    895.   1140.   1076.      0.    357.    107.      0.      0.     88.     0.     0.   1.00    129.      0.      0.      0.      0.      0.
  264  73      0.      0.      0.      0.      0.      0.   0.00   0.00   1.00   0.30   0.00    125.   3129.      0.    895.   1151.   1076.      0.    369.    119.      0.      0.     88.     0.     0.   1.00    129.      0.      0.      0.      0.      0.
  274  73      0.      0.      0.      0.      0.      0.   0.00   0.00   1.00   0.32   0.00    125.   3165.      0.    895.   1159.   1076.      0.    397.    147.      0.      0.     88.     0.     0.   1.00    129.      0.      0.      0.      0.      0.
  277  73      0.      0.      0.      0.      0.      0.   0.00   0.00   1.00   0.32   0.00    125.   3165.      0.    895.   1160.   1076.      0.    396.    146.      0.      0.     88.     0.     0.   1.00    129.      0.      0.      0.      0.      0.
  284  73      0.      0.      0.      0.      0.      0.   0.00   0.00   1.00   0.33   0.00    125.   3185.      0.    895.   1164.   1076.      0.    412.    162.      0.      0.     88.     0.     0.   1.00    129.      0.      0.      0.      0.      0.
  294  73      0.      0.      0.      0.      0.      0.   0.00   0.00   1.00   0.35   0.00    125.   3245.      0.    895.   1168.   1107.      0.    438.    187.      0.      0.     88.     0.     0.   1.00    129.      0.      0.      0.      0.      0.
  304  73      0.      0.      0.      0.      0.      0.   0.00   0.00   1.00   0.35   0.00    125.   3251.      0.    895.   1170.   1111.      0.    437.    187.      0.      0.     88.     0.     0.   1.00    129.      0.      0.      0.      0.      0.
  314  73      0.      0.      0.      0.      0.      0.   0.00   0.00   1.00   0.35   0.00    125.   3270.      0.    895.   1173.   1128.      0.    437.    187.      0.      0.     88.     0.     0.   1.00    129.      0.      0.      0.      0.      0.
  324  73      0.      0.      0.      0.      0.      0.   0.00   0.00   1.00   0.35   0.00    125.   3304.      0.    895.   1177.   1158.      0.    438.    188.      0.      0.     88.     0.     0.   1.00    129.      0.      0.      0.      0.      0.
  334  73      0.      0.      0.      0.      0.      0.   0.00   0.00   1.00   0.35   0.00    125.   3329.      0.    895.   1177.   1182.      0.    438.    188.      0.      0.     88.     0.     0.   1.00    129.      0.      0.      0.      0.      0.
  344  73      0.      0.      0.      0.      0.      0.   0.00   0.00   1.00   0.35   0.00    125.   3358.      0.    895.   1178.   1210.      0.    438.    188.      0.      0.     88.     0.     0.   1.00    129.      0.      0.      0.      0.      0.
  354  73      0.      0.      0.      0.      0.      0.   0.00   0.00   1.00   0.35   0.00    125.   3387.      0.    895.   1180.   1237.      0.    437.    187.      0.      0.     88.     0.     0.   1.00    129.      0.      0.      0.      0.      0.
  364  73      0.      0.      0.      0.      0.      0.   0.00   0.00   1.00   0.35   0.00    125.   3393.      0.    895.   1181.   1242.      0.    437.    187.      0.      0.     88.     0.     0.   1.00    129.      0.      0.      0.      0.      0.
    9  74      0.      0.      0.      0.      0.      0.   0.00   0.00   1.00   0.35   0.00    125.   3407.      0.    895.   1183.   1254.      0.    438.    188.      0.      0.     88.     0.     0.   1.00    129.      0.      0.      0.      0.      0.
   19  74      0.      0.      0.      0.      0.      0.   0.00   0.00   1.00   0.35   0.00    125.   3437.      0.    895.   1189.   1278.      0.    437.    187.      0.      0.     88.     0.     0.   1.00    129.      0.      0.      0.      0.      0.
   29  74      0.      0.      0.      0.      0.      0.   0.00   0.00   1.00   0.35   0.00    125.   3450.      0.    895.   1192.   1288.      0.    437.    188.      0.      0.     88.     0.     0.   1.00    129.      0.      0.      0.      0.      0.
   39  74      0.      0.      0.      0.      0.      0.   0.00   0.00   1.00   0.35   0.00    125.   3458.      0.    895.   1194.   1294.      0.    438.    188.      0.      0.     88.     0.     0.   1.00    129.      0.      0.      0.      0.      0.
   49  74      0.      0.      0.      0.      0.      0.   0.00   0.00   1.00   0.35   0.00    125.   3478.      0.    895.   1200.   1310.      0.    435.    185.      0.      0.     88.     0.     0.   1.00    129.      0.      0.      0.      0.      0.
   59  74      0.      0.      0.      0.      0.      0.   0.00   0.00   1.00   0.35   0.00    125.   3481.      0.    895.   1202.   1310.      0.    437.    187.      0.      0.     88.     0.     0.   1.00    129.      0.      0.      0.      0.      0.
   69  74      0.      0.      0.      0.      0.      0.   0.00   0.00   1.00   0.35   0.00    125.   3500.      0.    895.   1205.   1326.      0.    436.    186.      0.      0.     88.     0.     0.   1.00    129.      0.      0.      0.      0.      0.
   79  74      0.      0.      0.      0.      0.      0.   0.00   0.00   1.00   0.35   0.00    125.   3529.      0.    895.   1212.   1347.      0.    437.    187.      0.      0.     88.     0.     0.   1.00    129.      0.      0.      0.      0.      0.


Station=  WAGE , Soil=  1, Manage=  2, Rotat=  4 YrRot=  6 , NYear=  7 , NRot=  6 , Crop=  6, Irr.=  0, IOPT=  3,                  Runof=0.00, CO2=370. , StYear=1969, StDay=  1

 Planting on day  80, 1974
 Crop emergence on day   0, 1974
 Wageningen, long rotation 4, soil1, current                                     

 DAY  YEAR  WLVG    WLVD    WST    WSO     TAGB    TSUML    DVS    LAI  TRANRF  SMACT  SMACTL   RD    TRAIN   TIRR   TTRANS  TESOIL  TDRAIN  TRUNOF    WTOT   WAVT    WTOTL     WAVTL  WTOTLX  PARAB    PAR    NNI   NMINT  NMIN    NUPT     NFIX   NLIV   NLOSS  
   80  74     11.      0.     11.      0.     22.      0.   0.00   0.03   1.00   0.35   0.35     10.   3536.      0.    895.   1213.   1353.      0.     35.     15.    315.    135.    175.     0.     0.   0.00      0.     30.      0.      0.      2.      0.
   90  74     11.      0.     11.      0.     22.      0.   0.00   0.03   1.00   0.29   0.35     10.   3537.      0.    895.   1220.   1353.      0.     29.      9.    315.    135.    175.     0.    55.   0.00      0.     30.      0.      0.      2.      0.
   92  74     11.      0.     11.      0.     22.      0.   0.00   0.03   1.00   0.28   0.35     10.   3537.      0.    896.   1221.   1353.      0.     28.      8.    315.    135.    175.     0.    70.   1.00      0.     30.      0.      0.      2.      0.
  100  74     24.      1.     28.      0.     53.     96.   0.12   0.09   1.00   0.28   0.35     20.   3537.      0.    896.   1227.   1353.      0.     51.     15.    285.    122.    175.     3.   141.   1.00      6.     24.      0.      1.      4.      0.
  110  74     34.      1.     38.      0.     74.    172.   0.21   0.19   1.00   0.29   0.35     32.   3537.      0.    898.   1231.   1353.      0.     88.     27.    243.    104.    175.    13.   233.   1.00     13.     16.      1.      2.      4.      0.
  120  74     52.      2.     55.      0.    110.    234.   0.28   0.26   1.00   0.31   0.35     44.   3546.      0.    900.   1238.   1353.      0.    130.     45.    201.     86.    175.    24.   306.   0.98     20.      9.      1.      3.      6.      0.
  130  74    122.      5.    123.      0.    250.    318.   0.38   0.53   1.00   0.30   0.35     56.   3547.      0.    903.   1242.   1353.      0.    166.     57.    159.     68.    175.    38.   362.   0.82     27.      2.      2.      7.     10.      0.
  140  74    511.     28.    567.      0.   1106.    455.   0.55   1.99   1.00   0.32   0.35     68.   3580.      0.    917.   1253.   1353.      0.    215.     82.    118.     50.    175.    90.   458.   0.80    135.      0.      7.     29.     37.      0.
  150  74   1081.     69.   1164.     55.   2369.    576.   0.69   4.26   1.00   0.31   0.35     80.   3591.      0.    941.   1257.   1353.      0.    240.     83.     76.     32.    175.   172.   549.   0.93    125.      0.     17.     66.     84.      1.
  160  74   1437.    192.   1696.    191.   3516.    692.   0.83   5.74   1.00   0.33   0.35     92.   3634.      0.    969.   1258.   1353.      0.    295.    115.     34.     14.    175.   262.   641.   0.99    119.      0.     23.     92.    115.      2.
  170  74   1752.    517.   2736.    611.   5617.    841.   1.01   7.06   1.00   0.31   0.07    100.   3648.      0.   1003.   1259.   1353.      0.    309.    109.      0.      0.    175.   368.   747.   0.95    167.      0.     31.    125.    153.      6.
  180  74   1579.   1081.   3680.   1431.   7772.    998.   1.13   6.38   1.00   0.29   0.07    100.   3663.      0.   1033.   1259.   1353.      0.    292.     92.      0.      0.    175.   462.   842.   0.96    157.      0.     41.    163.    194.     12.
  190  74   1244.   1533.   4187.   2599.   9563.   1148.   1.24   5.03   1.00   0.31   0.07    100.   3705.      0.   1059.   1260.   1353.      0.    309.    109.      0.      0.    175.   536.   916.   0.95    149.      0.     49.    194.    228.     16.
  200  74    920.   1910.   4565.   3951.  11346.   1297.   1.35   3.73   1.00   0.30   0.07    100.   3720.      0.   1085.   1261.   1353.      0.    296.     96.      0.      0.    175.   608.   991.   0.68    143.      0.     55.    221.    257.     20.
  210  74    526.   2319.   4736.   4792.  12372.   1443.   1.46   2.28   1.00   0.28   0.07    100.   3732.      0.   1106.   1264.   1353.      0.    284.     84.      0.      0.    175.   673.  1062.   0.26    143.      0.     55.    221.    253.     25.
  220  74    253.   2593.   4208.   5078.  12674.   1597.   1.57   1.30   1.00   0.27   0.07    100.   3741.      0.   1124.   1268.   1353.      0.    271.     71.      0.      0.    175.   731.  1139.   0.11    143.      0.     55.    221.    245.     32.
  230  74    111.   2734.   3439.   5118.  12714.   1768.   1.70   0.75   1.00   0.31   0.07    100.   3798.      0.   1136.   1280.   1353.      0.    305.    105.      0.      0.    175.   769.  1210.   0.05    143.      0.     55.    221.    237.     40.
  240  74     49.   2797.   2810.   5118.  12715.   1924.   1.81   0.46   1.00   0.30   0.07    100.   3810.      0.   1144.   1290.   1353.      0.    299.     99.      0.      0.    175.   805.  1303.   0.02    143.      0.     55.    221.    232.     46.
  250  74     23.   2822.   2343.   5118.  12715.   2062.   1.91   0.32   1.00   0.33   0.07    100.   3861.      0.   1148.   1304.   1353.      0.    332.    132.      0.      0.    175.   821.  1358.   0.01    143.      0.     55.    221.    228.     50.
  259  74      0.      0.      0.      0.      0.      0.   0.00   0.00   1.00   0.34   0.07    100.   3880.      0.   1148.   1317.   1353.      0.    337.    137.      0.      0.    175.     0.     0.   1.00    143.      0.      0.      0.      0.      0.
  269  74      0.      0.      0.      0.      0.      0.   0.00   0.00   1.00   0.35   0.07    100.   3922.      0.   1148.   1324.   1375.      0.    350.    150.      0.      0.    175.     0.     0.   1.00    143.      0.      0.      0.      0.      0.
  279  74      0.      0.      0.      0.      0.      0.   0.00   0.00   1.00   0.35   0.07    100.   3953.      0.   1148.   1331.   1399.      0.    350.    150.      0.      0.    175.     0.     0.   1.00    143.      0.      0.      0.      0.      0.
  289  74      0.      0.      0.      0.      0.      0.   0.00   0.00   1.00   0.35   0.07    100.   3973.      0.   1148.   1335.   1414.      0.    350.    150.      0.      0.    175.     0.     0.   1.00    143.      0.      0.      0.      0.      0.
  299  74      0.      0.      0.      0.      0.      0.   0.00   0.00   1.00   0.35   0.07    100.   4017.      0.   1148.   1340.   1454.      0.    350.    150.      0.      0.    175.     0.     0.   1.00    143.      0.      0.      0.      0.      0.
  309  74      0.      0.      0.      0.      0.      0.   0.00   0.00   1.00   0.35   0.07    100.   4066.      0.   1148.   1344.   1499.      0.    350.    150.      0.      0.    175.     0.     0.   1.00    143.      0.      0.      0.      0.      0.
  319  74      0.      0.      0.      0.      0.      0.   0.00   0.00   1.00   0.35   0.07    100.   4081.      0.   1148.   1349.   1509.      0.    349.    149.      0.      0.    175.     0.     0.   1.00    143.      0.      0.      0.      0.      0.
  329  74      0.      0.      0.      0.      0.      0.   0.00   0.00   1.00   0.35   0.07    100.   4124.      0.   1148.   1354.   1547.      0.    350.    150.      0.      0.    175.     0.     0.   1.00    143.      0.      0.      0.      0.      0.
  339  74      0.      0.      0.      0.      0.      0.   0.00   0.00   1.00   0.35   0.07    100.   4158.      0.   1148.   1359.   1576.      0.    350.    150.      0.      0.    175.     0.     0.   1.00    143.      0.      0.      0.      0.      0.
  349  74      0.      0.      0.      0.      0.      0.   0.00   0.00   1.00   0.35   0.07    100.   4201.      0.   1148.   1364.   1613.      0.    350.    150.      0.      0.    175.     0.     0.   1.00    143.      0.      0.      0.      0.      0.
  359  74      0.      0.      0.      0.      0.      0.   0.00   0.00   1.00   0.35   0.07    100.   4224.      0.   1148.   1370.   1632.      0.    350.    150.      0.      0.    175.     0.     0.   1.00    143.      0.      0.      0.      0.      0.
    4  75      0.      0.      0.      0.      0.      0.   0.00   0.00   1.00   0.35   0.07    100.   4263.      0.   1148.   1377.   1663.      0.    350.    150.      0.      0.    175.     0.     0.   1.00    143.      0.      0.      0.      0.      0.
   14  75      0.      0.      0.      0.      0.      0.   0.00   0.00   1.00   0.35   0.07    100.   4288.      0.   1148.   1380.   1686.      0.    349.    149.      0.      0.    175.     0.     0.   1.00    143.      0.      0.      0.      0.      0.


Station=  WAGE , Soil=  1, Manage=  2, Rotat=  4 YrRot=  1 , NYear=  7 , NRot=  6 , Crop=  1, Irr.=  0, IOPT=  3,                  Runof=0.00, CO2=370. , StYear=1969, StDay=  1

 Planting on day   0, 1975
 Crop emergence on day  20, 1975
 Wageningen, long rotation 4, soil1, current                                     

 DAY  YEAR  WLVG    WLVD    WST    WSO     TAGB    TSUML    DVS    LAI  TRANRF  SMACT  SMACTL   RD    TRAIN   TIRR   TTRANS  TESOIL  TDRAIN  TRUNOF    WTOT   WAVT    WTOTL     WAVTL  WTOTLX  PARAB    PAR    NNI   NMINT  NMIN    NUPT     NFIX   NLIV   NLOSS  
   20  75     68.      0.     37.      0.    105.      0.   0.00   0.14   1.00   0.35   0.35     10.   4303.      0.   1148.   1384.   1696.      0.     35.     15.    403.    173.     88.     0.     0.   1.00      0.     30.      0.      0.      8.      0.
   30  75     72.      0.     39.      0.    111.      0.   0.00   0.22   1.00   0.35   0.35     22.   4345.      0.   1149.   1390.   1731.      0.     73.     31.    365.    156.     88.     1.    14.   0.99      7.     22.      0.      0.      9.      0.
   40  75     77.      0.     42.      0.    120.      0.   0.00   0.31   1.00   0.35   0.35     34.   4356.      0.   1149.   1392.   1741.      0.    114.     48.    323.    138.     88.     5.    40.   1.00     14.     15.      1.      0.      9.      0.
   50  75     82.      1.     44.      0.    127.      0.   0.00   0.42   1.00   0.35   0.35     46.   4375.      0.   1150.   1395.   1755.      0.    157.     67.    281.    120.     88.    10.    63.   0.96     21.      8.      1.      0.     10.      0.
   60  75     83.      1.     45.      0.    129.      3.   0.00   0.55   1.00   0.34   0.35     58.   4375.      0.   1151.   1397.   1755.      0.    196.     82.    239.    102.     88.    21.   108.   1.00     28.      0.      2.      0.     10.      0.
   70  75    118.      3.     67.      0.    188.     14.   0.02   0.79   1.00   0.35   0.35     70.   4399.      0.   1153.   1402.   1769.      0.    241.    103.    197.     84.     88.    30.   133.   0.98     24.      0.      6.      0.     14.      0.
   80  75    123.      3.     70.      0.    196.     23.   0.03   0.80   1.00   0.35   0.35     82.   4418.      0.   1155.   1405.   1782.      0.    283.    121.    155.     66.     88.    37.   152.   1.00     23.      0.      7.      0.     15.      0.
   90  75    124.      3.     71.      0.    198.     36.   0.05   0.80   1.00   0.35   0.35     94.   4452.      0.   1158.   1412.   1807.      0.    324.    139.    113.     48.     88.    56.   202.   1.00     23.      0.      7.      0.     15.      0.
  100  75    131.      3.     74.      0.    208.     52.   0.07   0.82   1.00   0.35   0.35    106.   4472.      0.   1161.   1420.   1816.      0.    367.    157.     71.     30.     88.    75.   251.   1.00     23.      0.      7.      0.     15.      0.
  110  75    176.      5.    101.      0.    281.    106.   0.15   0.91   1.00   0.35   0.35    118.   4498.      0.   1164.   1427.   1832.      0.    409.    175.     29.     12.     88.    89.   286.   0.98     19.      0.     11.      0.     19.      0.
  120  75    467.     16.    275.      0.    758.    195.   0.27   1.51   1.00   0.35   0.00    125.   4509.      0.   1172.   1433.   1832.      0.    434.    184.      0.     -0.     88.   126.   364.   0.87      1.      0.     29.      0.     37.      0.
  130  75    737.    108.    682.      0.   1527.    290.   0.40   2.00   1.00   0.35   0.00    125.   4535.      0.   1184.   1444.   1836.      0.    433.    183.      0.     -0.     88.   179.   445.   0.54      0.      0.     30.      0.     38.      0.
  140  75   1095.    214.   1335.      0.   2644.    405.   0.56   2.73   1.00   0.34   0.00    125.   4550.      0.   1197.   1451.   1836.      0.    428.    178.      0.     -0.     88.   237.   525.   0.95     74.      0.     68.      0.     76.      1.
  150  75   1633.    242.   2591.      0.   4466.    510.   0.71   3.84   1.00   0.32   0.00    125.   4550.      0.   1220.   1453.   1836.      0.    403.    153.      0.     -0.     88.   322.   624.   0.98     46.      0.     96.      0.    103.      1.
  160  75   1898.    261.   4050.      0.   6209.    612.   0.85   4.40   1.00   0.31   0.00    125.   4568.      0.   1245.   1457.   1836.      0.    392.    142.      0.     -0.     88.   413.   724.   0.98     35.      0.    107.      0.    114.      1.
  170  75   1778.    463.   5750.    855.   8846.    769.   1.05   4.10   1.00   0.31   0.00    125.   4592.      0.   1274.   1460.   1836.      0.    385.    135.      0.     -0.     88.   502.   821.   1.00     80.      0.    118.      0.    125.      2.
  180  75   1301.    940.   5750.   3320.  11311.    928.   1.22   3.00   1.00   0.32   0.00    125.   4636.      0.   1299.   1465.   1836.      0.    399.    149.      0.     -0.     88.   585.   915.   1.00     74.      0.    124.      0.    129.      4.
  190  75    946.   1295.   5750.   5709.  13700.   1092.   1.39   2.18   1.00   0.31   0.00    125.   4661.      0.   1323.   1472.   1836.      0.    393.    143.      0.     -0.     88.   666.  1017.   0.94     64.      0.    134.      0.    137.      5.
  200  75    578.   1663.   5304.   6838.  14829.   1277.   1.59   1.38   1.00   0.32   0.00    125.   4694.      0.   1339.   1482.   1836.      0.    399.    149.      0.     -0.     88.   717.  1094.   0.51     64.      0.    134.      0.    134.      8.
  210  75    304.   1937.   4334.   7172.  15164.   1436.   1.76   0.82   1.00   0.33   0.00    125.   4728.      0.   1349.   1495.   1836.      0.    410.    160.      0.     -0.     88.   753.  1168.   0.25     64.      0.    134.      0.    131.     11.
  220  75    133.   2107.   3541.   7282.  15273.   1649.   1.98   0.45   1.00   0.31   0.00    125.   4735.      0.   1361.   1514.   1836.      0.    387.    137.      0.     -0.     88.   789.  1283.   0.13     64.      0.    134.      0.    128.     14.
  222  75    121.   2119.   3470.   7284.  15275.   1676.   2.01   0.43   1.00   0.31   0.00    125.   4739.      0.   1363.   1519.   1836.      0.    383.    133.      0.     -0.     88.   792.  1294.   0.12     64.      0.    134.      0.    128.     14.
  229  75      0.      0.      0.      0.      0.      0.   0.00   0.00   1.00   0.31   0.00    125.   4761.      0.   1363.   1534.   1836.      0.    391.    141.      0.     -0.     88.     0.     0.   1.00     64.      0.      0.      0.      0.      0.
  239  75      0.      0.      0.      0.      0.      0.   0.00   0.00   1.00   0.32   0.00    125.   4782.      0.   1363.   1548.   1836.      0.    398.    148.      0.     -0.     88.     0.     0.   1.00     64.      0.      0.      0.      0.      0.
  249  75      0.      0.      0.      0.      0.      0.   0.00   0.00   1.00   0.32   0.00    125.   4786.      0.   1363.   1555.   1836.      0.    394.    144.      0.     -0.     88.     0.     0.   1.00     64.      0.      0.      0.      0.      0.
  259  75      0.      0.      0.      0.      0.      0.   0.00   0.00   1.00   0.34   0.00    125.   4824.      0.   1363.   1568.   1836.      0.    420.    170.      0.     -0.     88.     0.     0.   1.00     64.      0.      0.      0.      0.      0.
  269  75      0.      0.      0.      0.      0.      0.   0.00   0.00   1.00   0.35   0.00    125.   4845.      0.   1363.   1576.   1836.      0.    432.    182.      0.     -0.     88.     0.     0.   1.00     64.      0.      0.      0.      0.      0.
  279  75      0.      0.      0.      0.      0.      0.   0.00   0.00   1.00   0.35   0.00    125.   4858.      0.   1363.   1586.   1837.      0.    434.    184.      0.     -0.     88.     0.     0.   1.00     64.      0.      0.      0.      0.      0.
  289  75      0.      0.      0.      0.      0.      0.   0.00   0.00   1.00   0.35   0.00    125.   4866.      0.   1363.   1590.   1839.      0.    437.    187.      0.     -0.     88.     0.     0.   1.00     64.      0.      0.      0.      0.      0.
  299  75      0.      0.      0.      0.      0.      0.   0.00   0.00   1.00   0.35   0.00    125.   4868.      0.   1363.   1591.   1840.      0.    437.    187.      0.     -0.     88.     0.     0.   1.00     64.      0.      0.      0.      0.      0.
  309  75      0.      0.      0.      0.      0.      0.   0.00   0.00   1.00   0.35   0.00    125.   4876.      0.   1363.   1593.   1846.      0.    438.    187.      0.     -0.     88.     0.     0.   1.00     64.      0.      0.      0.      0.      0.
  319  75      0.      0.      0.      0.      0.      0.   0.00   0.00   1.00   0.35   0.00    125.   4882.      0.   1363.   1594.   1851.      0.    437.    187.      0.     -0.     88.     0.     0.   1.00     64.      0.      0.      0.      0.      0.
  329  75      0.      0.      0.      0.      0.      0.   0.00   0.00   1.00   0.35   0.00    125.   4920.      0.   1363.   1596.   1886.      0.    437.    187.      0.     -0.     88.     0.     0.   1.00     64.      0.      0.      0.      0.      0.
  339  75      0.      0.      0.      0.      0.      0.   0.00   0.00   1.00   0.35   0.00    125.   4965.      0.   1363.   1599.   1929.      0.    437.    187.      0.     -0.     88.     0.     0.   1.00     64.      0.      0.      0.      0.      0.
  349  75      0.      0.      0.      0.      0.      0.   0.00   0.00   1.00   0.35   0.00    125.   4968.      0.   1363.   1599.   1931.      0.    438.    187.      0.     -0.     88.     0.     0.   1.00     64.      0.      0.      0.      0.      0.
  359  75      0.      0.      0.      0.      0.      0.   0.00   0.00   1.00   0.35   0.00    125.   4974.      0.   1363.   1600.   1936.      0.    438.    187.      0.     -0.     88.     0.     0.   1.00     64.      0.      0.      0.      0.      0.
    1  76      0.      0.      0.      0.      0.      0.   0.00   0.00   1.00   0.35   0.00    125.   4992.      0.   1363.   1602.   1952.      0.    438.    187.      0.     -0.     88.     0.     0.   1.00     64.      0.      0.      0.      0.      0.


DATA-FILE  WARO1PTS.OUT


Name of run: WARO4


Station=  WAGE , Soil=  2, Manage=  1, Rotat=  2 YrRot=  1 , NYear=  7 , NRot=  6 , Crop=  1, Irr.=  1, IOPT=  1,                  Runof=0.10, CO2=550. , StYear=1969, StDay=  1

 DAY  YEAR  WLVG    WLVD    WST    WSO     TAGB    TSUML    DVS    LAI  TRANRF  SMACT  SMACTL   RD    TRAIN   TIRR   TTRANS  TESOIL  TDRAIN  TRUNOF    WTOT   WAVT    WTOTL      WAVTL WTOTLX  PARAB    PAR    NNI   NMINT  NMIN    NUPT       NFIX   NLIV   NLOSS  
    1  69      0.      0.      0.      0.      0.      0.   0.00   0.00   1.00   0.37   0.37     10.   4992.      0.   1363.   1602.   1952.      0.    438.    187.      0.     -0.     88.     0.     0.   1.00     64.      0.      0.      0.      0.      0.
    3  69      0.      0.      0.      0.      0.      0.   0.00   0.00   1.00   0.40   0.37     10.      3.      0.      0.      0.      0.      0.     40.     20.    426.    196.     92.     0.     0.   1.00     64.      0.      0.      0.      0.      0.
   13  69      0.      0.      0.      0.      0.      0.   0.00   0.00   1.00   0.40   0.37     10.      5.      0.      0.      1.      0.      0.     40.     20.    426.    196.     92.     0.     0.   1.00     64.      0.      0.      0.      0.      0.


Station=  WAGE , Soil=  2, Manage=  1, Rotat=  2 YrRot=  1 , NYear=  7 , NRot=  6 , Crop=  1, Irr.=  1, IOPT=  1,                  Runof=0.10, CO2=550. , StYear=1969, StDay=  1

 Planting on day   0, 1969
 Crop emergence on day  20, 1969
 Wageningen, long rotation 2, soil2, future                                      

 DAY  YEAR  WLVG    WLVD    WST    WSO     TAGB    TSUML    DVS    LAI  TRANRF  SMACT  SMACTL   RD    TRAIN   TIRR   TTRANS  TESOIL  TDRAIN  TRUNOF    WTOT   WAVT    WTOTL     WAVTL  WTOTLX  PARAB    PAR    NNI   NMINT  NMIN    NUPT     NFIX   NLIV   NLOSS  
   20  69     68.      0.     37.      0.    105.      0.   0.00   0.14   1.00   0.42   0.38     10.     18.      0.      0.      3.      0.      2.     42.     22.    433.    203.     94.     0.     0.   1.00      0.     30.      0.      0.      8.      0.
   30  69     75.      0.     41.      0.    116.      0.   0.00   0.29   1.00   0.41   0.38     22.     34.      0.      0.      4.      0.      3.     86.     45.    401.    192.     94.     1.    10.   1.00      7.     22.      1.      0.      9.      0.
   40  69     84.      0.     45.      0.    129.      0.   0.00   0.43   1.00   0.42   0.39     34.     50.      0.      1.      8.      0.      5.    137.     72.    361.    176.     94.     4.    27.   1.00     13.     15.      2.      0.     10.      0.
   50  69     84.      0.     45.      0.    129.      0.   0.00   0.43   1.00   0.42   0.41     46.     69.      0.      1.      8.      0.      7.    188.     98.    326.    166.     94.    10.    53.   1.00     21.      8.      2.      0.     10.      0.
   60  69     98.      0.     53.      0.    151.      1.   0.00   0.58   1.00   0.42   0.42     58.     80.      0.      2.     11.      0.      8.    236.    123.    283.    147.     94.    16.    75.   1.00     26.      0.      4.      0.     12.      0.
   70  69    108.      0.     58.      0.    166.      6.   0.01   0.76   1.00   0.41   0.42     70.     83.      0.      4.     14.      0.      8.    284.    147.    233.    121.     94.    31.   119.   1.00     25.      0.      5.      0.     13.      0.
   80  69    132.      0.     71.      0.    203.     17.   0.02   0.81   1.00   0.42   0.42     82.    119.      0.      6.     18.     10.     12.    338.    177.    186.     97.    105.    39.   140.   1.00     23.      0.      7.      0.     15.      0.
   90  69    142.      0.     76.      0.    219.     32.   0.04   0.83   1.00   0.42   0.42     94.    126.      0.     10.     22.     10.     13.    387.    202.    135.     71.    105.    58.   190.   1.00     21.      0.      9.      0.     17.      0.
  100  69    435.      0.    233.      0.    668.     96.   0.13   1.45   1.00   0.40   0.42    106.    138.      0.     19.     30.     16.     14.    424.    214.     85.     44.    105.    93.   266.   1.00     -3.      0.     33.      0.     42.      0.
  110  69    667.      0.    346.      0.   1013.    154.   0.21   1.94   1.00   0.42   0.42    118.    184.      0.     30.     40.     25.     18.    487.    254.     34.     18.    105.   132.   326.   1.00    -26.      0.     56.      0.     64.      0.
  120  69   1424.      0.    727.      0.   2152.    249.   0.35   3.55   1.00   0.41   0.02    125.    212.      0.     43.     46.     34.     21.    518.    268.      0.      0.    105.   187.   397.   1.00    -62.      0.     92.      0.    100.      0.
  130  69   2265.     54.   1492.      0.   3811.    386.   0.54   5.32   1.00   0.40   0.02    125.    218.      0.     64.     49.     34.     22.    500.    250.      0.      0.    105.   252.   469.   1.00    -93.      0.    123.      0.    131.      0.
  140  69   2588.    389.   2870.      0.   5848.    545.   0.76   5.94   1.00   0.40   0.02    125.    257.      0.     93.     51.     34.     26.    503.    253.      0.      0.    105.   319.   537.   1.00    -30.      0.    144.      0.    151.      2.
  150  69   2503.    752.   5333.      0.   8589.    693.   0.96   5.70   1.00   0.39   0.02    125.    275.      0.    122.     53.     34.     28.    488.    238.      0.      0.    105.   402.   623.   1.00    -45.      0.    159.      0.    164.      3.
  160  69   1961.   1295.   5595.   2264.  11115.    833.   1.12   4.46   1.00   0.40   0.02    125.    316.      0.    151.     55.     34.     32.    494.    244.      0.      0.    105.   475.   700.   1.00    -47.      0.    161.      0.    164.      5.
  170  69   1353.   1903.   5595.   6011.  14862.   1031.   1.33   3.08   1.00   0.37   0.02    125.    331.      0.    194.     61.     34.     33.    459.    209.      0.      0.    105.   581.   818.   1.00    -57.      0.    171.      0.    172.      8.
  180  69    970.   2285.   5595.   7912.  16763.   1202.   1.51   2.21   1.00   0.35   0.02    125.    346.      0.    215.     68.     34.     35.    443.    193.      0.      0.    105.   642.   894.   1.00    -29.      0.    171.      0.    170.      9.
  190  69    685.   2571.   4572.   9251.  18102.   1384.   1.70   1.56   1.00   0.35   0.02    125.    365.      0.    235.     77.     34.     37.    431.    181.      0.      0.    105.   700.   979.   1.00    -29.      0.    171.      0.    167.     13.
  200  69    484.   2772.   3736.   9883.  18734.   1566.   1.89   1.10   1.00   0.33   0.02    125.    376.      0.    250.     89.     34.     38.    414.    164.      0.      0.    105.   744.  1060.   1.00    -29.      0.    171.      0.    163.     16.
  206  69    397.   2859.   3377.  10067.  18918.   1673.   2.00   0.90   1.00   0.33   0.02    125.    389.      0.    260.     97.     34.     39.    408.    158.      0.      0.    105.   768.  1112.   1.00    -29.      0.    171.      0.    162.     18.
  209  69      0.      0.      0.      0.      0.      0.   0.00   0.00   1.00   0.32   0.02    125.    389.      0.    260.    102.     34.     39.    403.    153.      0.      0.    105.     0.     0.   1.00    -29.      0.      0.      0.      0.      0.
  219  69      0.      0.      0.      0.      0.      0.   0.00   0.00   1.00   0.32   0.02    125.    406.      0.    260.    120.     34.     41.    400.    150.      0.      0.    105.     0.     0.   1.00    -29.      0.      0.      0.      0.      0.
  229  69      0.      0.      0.      0.      0.      0.   0.00   0.00   1.00   0.32   0.02    125.    434.      0.    260.    142.     34.     43.    404.    154.      0.      0.    105.     0.     0.   1.00    -29.      0.      0.      0.      0.      0.
  239  69      0.      0.      0.      0.      0.      0.   0.00   0.00   1.00   0.36   0.02    125.    506.      0.    260.    158.     34.     51.    453.    203.      0.      0.    105.     0.     0.   1.00    -29.      0.      0.      0.      0.      0.
  249  69      0.      0.      0.      0.      0.      0.   0.00   0.00   1.00   0.36   0.02    125.    518.      0.    260.    168.     34.     52.    453.    203.      0.      0.    105.     0.     0.   1.00    -29.      0.      0.      0.      0.      0.
  259  69      0.      0.      0.      0.      0.      0.   0.00   0.00   1.00   0.36   0.02    125.    518.      0.    260.    173.     34.     52.    449.    199.      0.      0.    105.     0.     0.   1.00    -29.      0.      0.      0.      0.      0.
  269  69      0.      0.      0.      0.      0.      0.   0.00   0.00   1.00   0.36   0.02    125.    524.      0.    260.    178.     34.     52.    449.    199.      0.      0.    105.     0.     0.   1.00    -29.      0.      0.      0.      0.      0.
  279  69      0.      0.      0.      0.      0.      0.   0.00   0.00   1.00   0.36   0.02    125.    531.      0.    260.    184.     34.     53.    449.    199.      0.      0.    105.     0.     0.   1.00    -29.      0.      0.      0.      0.      0.
  289  69      0.      0.      0.      0.      0.      0.   0.00   0.00   1.00   0.36   0.02    125.    532.      0.    260.    186.     34.     53.    448.    198.      0.      0.    105.     0.     0.   1.00    -29.      0.      0.      0.      0.      0.
  299  69      0.      0.      0.      0.      0.      0.   0.00   0.00   1.00   0.36   0.02    125.    545.      0.    260.    191.     34.     55.    455.    205.      0.      0.    105.     0.     0.   1.00    -29.      0.      0.      0.      0.      0.
  309  69      0.      0.      0.      0.      0.      0.   0.00   0.00   1.00   0.37   0.02    125.    554.      0.    260.    195.     34.     55.    459.    209.      0.      0.    105.     0.     0.   1.00    -29.      0.      0.      0.      0.      0.
  319  69      0.      0.      0.      0.      0.      0.   0.00   0.00   1.00   0.39   0.02    125.    592.      0.    260.    200.     34.     59.    488.    238.      0.      0.    105.     0.     0.   1.00    -29.      0.      0.      0.      0.      0.
  329  69      0.      0.      0.      0.      0.      0.   0.00   0.00   1.00   0.39   0.02    125.    599.      0.    260.    203.     34.     60.    491.    241.      0.      0.    105.     0.     0.   1.00    -29.      0.      0.      0.      0.      0.
  339  69      0.      0.      0.      0.      0.      0.   0.00   0.00   1.00   0.40   0.02    125.    611.      0.    260.    203.     34.     61.    502.    252.      0.      0.    105.     0.     0.   1.00    -29.      0.      0.      0.      0.      0.
  349  69      0.      0.      0.      0.      0.      0.   0.00   0.00   1.00   0.41   0.02    125.    621.      0.    260.    203.     34.     62.    511.    261.      0.      0.    105.     0.     0.   1.00    -29.      0.      0.      0.      0.      0.
  359  69      0.      0.      0.      0.      0.      0.   0.00   0.00   1.00   0.42   0.02    125.    643.      0.    260.    204.     39.     64.    525.    275.      0.      0.    105.     0.     0.   1.00    -29.      0.      0.      0.      0.      0.
    4  70      0.      0.      0.      0.      0.      0.   0.00   0.00   1.00   0.42   0.02    125.    648.      0.    260.    205.     43.     65.    525.    275.      0.      0.    105.     0.     0.   1.00    -29.      0.      0.      0.      0.      0.
   14  70      0.      0.      0.      0.      0.      0.   0.00   0.00   1.00   0.42   0.02    125.    658.      0.    260.    206.     51.     66.    525.    275.      0.      0.    105.     0.     0.   1.00    -29.      0.      0.      0.      0.      0.
   20  70      0.      0.      0.      0.      0.      0.   0.00   0.00   1.00   0.42   0.02    125.    663.      0.    260.    206.     55.     66.    525.    275.      0.      0.    105.     0.     0.   1.00    -29.      0.      0.      0.      0.      0.
   24  70      0.      0.      0.      0.      0.      0.   0.00   0.00   1.00   0.42   0.02    125.    668.      0.    260.    206.     60.     67.    525.    275.      0.      0.    105.     0.     0.   1.00    -29.      0.      0.      0.      0.      0.
   34  70      0.      0.      0.      0.      0.      0.   0.00   0.00   1.00   0.42   0.02    125.    700.      0.    260.    207.     88.     70.    525.    275.      0.      0.    105.     0.     0.   1.00    -29.      0.      0.      0.      0.      0.
   44  70      0.      0.      0.      0.      0.      0.   0.00   0.00   1.00   0.42   0.02    125.    727.      0.    260.    210.    109.     73.    525.    275.      0.      0.    105.     0.     0.   1.00    -29.      0.      0.      0.      0.      0.
   54  70      0.      0.      0.      0.      0.      0.   0.00   0.00   1.00   0.42   0.02    125.    777.      0.    260.    212.    153.     78.    525.    275.      0.      0.    105.     0.     0.   1.00    -29.      0.      0.      0.      0.      0.
   64  70      0.      0.      0.      0.      0.      0.   0.00   0.00   1.00   0.42   0.02    125.    795.      0.    260.    215.    165.     80.    525.    275.      0.      0.    105.     0.     0.   1.00    -29.      0.      0.      0.      0.      0.
   74  70      0.      0.      0.      0.      0.      0.   0.00   0.00   1.00   0.42   0.02    125.    799.      0.    260.    217.    167.     80.    524.    274.      0.      0.    105.     0.     0.   1.00    -29.      0.      0.      0.      0.      0.
   84  70      0.      0.      0.      0.      0.      0.   0.00   0.00   1.00   0.42   0.02    125.    822.      0.    260.    222.    183.     82.    525.    275.      0.      0.    105.     0.     0.   1.00    -29.      0.      0.      0.      0.      0.
   94  70      0.      0.      0.      0.      0.      0.   0.00   0.00   1.00   0.42   0.02    125.    854.      0.    260.    230.    203.     85.    524.    274.      0.      0.    105.     0.     0.   1.00    -29.      0.      0.      0.      0.      0.


Station=  WAGE , Soil=  2, Manage=  1, Rotat=  2 YrRot=  2 , NYear=  7 , NRot=  6 , Crop=  2, Irr.=  1, IOPT=  1,                  Runof=0.10, CO2=550. , StYear=1969, StDay=  1

 Planting on day 100, 1970
 Crop emergence on day   0, 1970
 Wageningen, long rotation 2, soil2, future                                      

 DAY  YEAR  WLVG    WLVD    WST    WSO     TAGB    TSUML    DVS    LAI  TRANRF  SMACT  SMACTL   RD    TRAIN   TIRR   TTRANS  TESOIL  TDRAIN  TRUNOF    WTOT   WAVT    WTOTL     WAVTL  WTOTLX  PARAB    PAR    NNI   NMINT  NMIN    NUPT     NFIX   NLIV   NLOSS  
  100  70      0.      0.      0.      0.      0.      0.   0.00   0.00   1.00   0.42   0.42     10.    883.      0.    260.    235.    224.     88.     42.     22.    462.    242.    126.     0.     0.   1.00      0.     30.      0.      0.      0.      0.
  110  70      0.      0.      0.      0.      0.      0.   0.00   0.00   1.00   0.38   0.42     10.    898.      0.    261.    248.    228.     90.     38.     18.    462.    242.    126.     0.    48.   1.00      0.     30.      0.      0.      0.      0.
  114  70      0.      0.      0.      0.      0.      0.   0.00   0.00   1.00   0.41   0.42     10.    905.      0.    261.    252.    228.     90.     41.     21.    462.    242.    126.     0.    61.   1.00      0.     30.      0.      0.      0.      0.
  120  70      1.      0.      0.      0.      1.     40.   0.06   0.00   1.00   0.41   0.42     17.    929.      0.    261.    266.    236.     93.     66.     34.    437.    229.    126.     0.   102.   1.00      4.     26.      0.      0.      0.      0.
  130  70      4.      0.      1.      0.      4.    151.   0.23   0.01   1.00   0.38   0.42     29.    935.      0.    261.    280.    236.     94.    107.     51.    386.    202.    126.     0.   186.   1.00     12.     18.      0.      0.      0.      0.
  140  70     20.      0.      7.      0.     26.    282.   0.43   0.04   1.00   0.38   0.42     41.    942.      0.    261.    291.    236.     94.    152.     72.    336.    176.    126.     1.   266.   1.00    102.     10.      1.      0.      1.      0.
  150  70     97.      0.     46.      0.    143.    389.   0.60   0.19   1.00   0.38   0.42     53.    950.      0.    262.    303.    236.     95.    197.     93.    286.    150.    126.     6.   346.   1.00    105.      3.      6.      0.      6.      0.
  160  70    625.      0.    398.      0.   1023.    529.   0.81   1.25   1.00   0.37   0.42     65.    951.     10.    272.    314.    236.     95.    238.    110.    235.    123.    126.    40.   457.   1.00     77.      0.     37.      0.     37.      0.
  170  70   1958.      0.   1603.     23.   3584.    682.   1.03   3.92   1.00   0.35   0.42     77.    960.     20.    301.    327.    236.     96.    264.    112.    185.     97.    126.   131.   575.   1.00    -11.      0.    125.      0.    125.      0.
  180  70   2844.    179.   2711.    737.   6471.    852.   1.16   5.69   1.00   0.37   0.42     89.    968.     60.    337.    331.    236.     97.    322.    146.    134.     70.    126.   221.   669.   1.00    -71.      0.    213.      0.    209.      4.
  190  70   2897.    541.   3203.   2066.   8706.    997.   1.26   5.79   1.00   0.39   0.42    101.   1018.     60.    366.    332.    236.    102.    388.    188.     84.     44.    126.   285.   734.   1.00   -101.      0.    243.      0.    230.     13.
  200  70   2403.   1206.   3501.   4224.  11334.   1141.   1.36   4.81   1.00   0.41   0.42    113.   1071.     60.    395.    333.    236.    107.    455.    231.     34.     18.    126.   359.   810.   1.00   -125.      0.    267.      0.    238.     29.
  210  70   1794.   1911.   3694.   5858.  13257.   1286.   1.47   3.59   1.00   0.41   0.00    120.   1100.     60.    419.    336.    236.    110.    489.    249.      0.      0.    126.   415.   869.   1.00   -140.      0.    282.      0.    237.     46.
  220  70   1323.   2514.   3447.   8098.  15892.   1460.   1.59   2.65   1.00   0.39   0.00    120.   1107.     60.    446.    339.    236.    111.    465.    225.      0.      0.    126.   495.   959.   1.00   -146.      0.    288.      0.    217.     71.
  230  70   1014.   2912.   2961.   9618.  17660.   1609.   1.70   2.03   1.00   0.39   0.00    120.   1130.     60.    464.    345.    236.    113.    462.    222.      0.      0.    126.   549.  1027.   1.00   -146.      0.    288.      0.    193.     95.
  240  70    788.   3219.   2530.  11034.  19278.   1759.   1.80   1.58   1.00   0.37   0.00    120.   1139.     60.    479.    351.    236.    114.    448.    208.      0.      0.    126.   599.  1098.   1.00   -146.      0.    288.      0.    174.    114.
  250  70    623.   3454.   2145.  12293.  20693.   1902.   1.91   1.25   1.00   0.36   0.00    120.   1142.     60.    493.    357.    236.    114.    431.    191.      0.      0.    126.   643.  1168.   1.00   -146.      0.    288.      0.    158.    130.
  260  70    479.   3634.   1786.  12945.  21418.   2040.   2.00   0.96   1.00   0.40   0.00    120.   1216.     60.    502.    367.    236.    122.    478.    238.      0.      0.    126.   666.  1209.   1.00   -146.      0.    288.      0.    146.    143.
  261  70    479.   3634.   1786.  12945.  21418.   2040.   2.00   0.96   1.00   0.40   0.00    120.   1216.     60.    503.    368.    236.    122.    477.    237.      0.      0.    126.   666.  1209.   1.00   -146.      0.    288.      0.    146.    143.
  269  70      0.      0.      0.      0.      0.      0.   0.00   0.00   1.00   0.39   0.00    120.   1216.     60.    503.    371.    236.    122.    473.    233.      0.      0.    126.     0.     0.   1.00   -146.      0.      0.      0.      0.      0.
  279  70      0.      0.      0.      0.      0.      0.   0.00   0.00   1.00   0.41   0.00    120.   1250.     60.    503.    378.    236.    125.    497.    257.      0.      0.    126.     0.     0.   1.00   -146.      0.      0.      0.      0.      0.
  289  70      0.      0.      0.      0.      0.      0.   0.00   0.00   1.00   0.41   0.00    120.   1253.     60.    503.    381.    236.    125.    497.    257.      0.      0.    126.     0.     0.   1.00   -146.      0.      0.      0.      0.      0.
  299  70      0.      0.      0.      0.      0.      0.   0.00   0.00   1.00   0.42   0.00    120.   1285.     60.    503.    384.    254.    128.    504.    264.      0.      0.    126.     0.     0.   1.00   -146.      0.      0.      0.      0.      0.
  309  70      0.      0.      0.      0.      0.      0.   0.00   0.00   1.00   0.42   0.00    120.   1348.     60.    503.    389.    307.    135.    504.    264.      0.      0.    126.     0.     0.   1.00   -146.      0.      0.      0.      0.      0.
  319  70      0.      0.      0.      0.      0.      0.   0.00   0.00   1.00   0.42   0.00    120.   1361.     60.    503.    392.    315.    136.    504.    264.      0.      0.    126.     0.     0.   1.00   -146.      0.      0.      0.      0.      0.
  329  70      0.      0.      0.      0.      0.      0.   0.00   0.00   1.00   0.42   0.00    120.   1384.     60.    503.    395.    333.    138.    504.    264.      0.      0.    126.     0.     0.   1.00   -146.      0.      0.      0.      0.      0.
  339  70      0.      0.      0.      0.      0.      0.   0.00   0.00   1.00   0.42   0.00    120.   1422.     60.    503.    396.    365.    142.    504.    264.      0.      0.    126.     0.     0.   1.00   -146.      0.      0.      0.      0.      0.
  349  70      0.      0.      0.      0.      0.      0.   0.00   0.00   1.00   0.42   0.00    120.   1431.     60.    503.    397.    373.    143.    504.    264.      0.      0.    126.     0.     0.   1.00   -146.      0.      0.      0.      0.      0.
  359  70      0.      0.      0.      0.      0.      0.   0.00   0.00   1.00   0.42   0.00    120.   1436.     60.    503.    397.    377.    144.    504.    264.      0.      0.    126.     0.     0.   1.00   -146.      0.      0.      0.      0.      0.
    4  71      0.      0.      0.      0.      0.      0.   0.00   0.00   1.00   0.42   0.00    120.   1442.     60.    503.    397.    383.    144.    504.    264.      0.      0.    126.     0.     0.   1.00   -146.      0.      0.      0.      0.      0.
   14  71      0.      0.      0.      0.      0.      0.   0.00   0.00   1.00   0.42   0.00    120.   1444.     60.    503.    397.    384.    144.    504.    264.      0.      0.    126.     0.     0.   1.00   -146.      0.      0.      0.      0.      0.
   24  71      0.      0.      0.      0.      0.      0.   0.00   0.00   1.00   0.42   0.00    120.   1469.     60.    503.    399.    406.    147.    504.    264.      0.      0.    126.     0.     0.   1.00   -146.      0.      0.      0.      0.      0.
   34  71      0.      0.      0.      0.      0.      0.   0.00   0.00   1.00   0.42   0.00    120.   1502.     60.    503.    401.    433.    150.    504.    264.      0.      0.    126.     0.     0.   1.00   -146.      0.      0.      0.      0.      0.
   44  71      0.      0.      0.      0.      0.      0.   0.00   0.00   1.00   0.42   0.00    120.   1509.     60.    503.    402.    438.    151.    504.    264.      0.      0.    126.     0.     0.   1.00   -146.      0.      0.      0.      0.      0.
   54  71      0.      0.      0.      0.      0.      0.   0.00   0.00   1.00   0.42   0.00    120.   1532.     60.    503.    405.    457.    153.    504.    264.      0.      0.    126.     0.     0.   1.00   -146.      0.      0.      0.      0.      0.
   64  71      0.      0.      0.      0.      0.      0.   0.00   0.00   1.00   0.42   0.00    120.   1537.     60.    503.    407.    459.    154.    504.    264.      0.      0.    126.     0.     0.   1.00   -146.      0.      0.      0.      0.      0.
   74  71      0.      0.      0.      0.      0.      0.   0.00   0.00   1.00   0.42   0.00    120.   1550.     60.    503.    410.    467.    155.    504.    264.      0.      0.    126.     0.     0.   1.00   -146.      0.      0.      0.      0.      0.
   84  71      0.      0.      0.      0.      0.      0.   0.00   0.00   1.00   0.42   0.00    120.   1570.     60.    503.    417.    478.    157.    504.    264.      0.      0.    126.     0.     0.   1.00   -146.      0.      0.      0.      0.      0.
   94  71      0.      0.      0.      0.      0.      0.   0.00   0.00   1.00   0.42   0.00    120.   1573.     60.    503.    421.    479.    157.    502.    262.      0.      0.    126.     0.     0.   1.00   -146.      0.      0.      0.      0.      0.
  104  71      0.      0.      0.      0.      0.      0.   0.00   0.00   1.00   0.42   0.00    120.   1573.     60.    503.    423.    479.    157.    500.    260.      0.      0.    126.     0.     0.   1.00   -146.      0.      0.      0.      0.      0.
  114  71      0.      0.      0.      0.      0.      0.   0.00   0.00   1.00   0.42   0.00    120.   1580.     60.    503.    429.    479.    158.    501.    261.      0.      0.    126.     0.     0.   1.00   -146.      0.      0.      0.      0.      0.


Station=  WAGE , Soil=  2, Manage=  1, Rotat=  2 YrRot=  3 , NYear=  7 , NRot=  6 , Crop=  3, Irr.=  1, IOPT=  1,                  Runof=0.10, CO2=550. , StYear=1969, StDay=  1

 Planting on day 120, 1971
 Crop emergence on day   0, 1971
 Wageningen, long rotation 2, soil2, future                                      

 DAY  YEAR  WLVG    WLVD    WST    WSO     TAGB    TSUML    DVS    LAI  TRANRF  SMACT  SMACTL   RD    TRAIN   TIRR   TTRANS  TESOIL  TDRAIN  TRUNOF    WTOT   WAVT    WTOTL     WAVTL  WTOTLX  PARAB    PAR    NNI   NMINT  NMIN    NUPT     NFIX   NLIV   NLOSS  
  120  71     19.      0.     11.      0.     30.      0.   0.00   0.05   1.00   0.41   0.42     10.   1592.     60.    503.    434.    483.    159.     41.     21.    377.    197.    209.     0.     0.   1.00      0.     30.      0.      0.      2.      0.
  130  71     19.      0.     11.      0.     30.      0.   0.00   0.05   1.00   0.39   0.42     10.   1599.     68.    505.    449.    483.    160.     39.     19.    377.    197.    209.     0.   104.   1.00      0.     30.      0.      0.      2.      0.
  132  71     19.      0.     11.      0.     30.      0.   0.00   0.05   1.00   0.32   0.42     10.   1599.     68.    505.    456.    483.    160.     32.     12.    377.    197.    209.     0.   129.   1.00      0.     30.      0.      0.      2.      0.
  140  71    106.      0.     65.      0.    171.     95.   0.14   0.31   1.00   0.40   0.42     20.   1642.     68.    506.    476.    492.    164.     73.     36.    343.    180.    210.     5.   196.   1.00     84.     24.      6.      0.      8.      0.
  150  71    477.      0.    292.      0.    769.    187.   0.27   1.26   1.00   0.39   0.42     32.   1660.     68.    512.    492.    492.    166.    119.     58.    292.    153.    210.    29.   276.   1.00     68.     16.     30.      0.     32.      0.
  160  71   1972.      0.   1319.      0.   3290.    309.   0.44   4.22   1.00   0.32   0.42     44.   1660.     68.    537.    499.    492.    166.    137.     52.    242.    127.    210.   107.   380.   1.00    -15.      9.    120.      0.    122.      0.
  170  71   2591.    149.   2174.      0.   4914.    399.   0.57   5.22   1.00   0.40   0.42     56.   1720.     68.    559.    502.    492.    172.    216.    107.    192.    100.    210.   164.   441.   1.00    -42.      2.    155.      0.    156.      1.
  180  71   3136.    482.   3776.      0.   7394.    502.   0.72   5.86   1.00   0.41   0.42     68.   1758.     68.    586.    504.    492.    176.    272.    139.    141.     74.    210.   233.   512.   1.00    -43.      0.    185.      0.    185.      3.
  190  71   3519.    975.   6961.      0.  11455.    630.   0.91   6.05   1.00   0.36   0.42     80.   1760.     68.    624.    505.    492.    176.    284.    127.     91.     48.    210.   341.   624.   1.00    -67.      0.    209.      0.    206.      5.
  200  71   3197.   1818.   9749.    504.  15269.    753.   1.07   5.26   1.00   0.33   0.42     92.   1760.     68.    658.    506.    492.    176.    299.    119.     40.     21.    210.   436.   721.   1.00    -86.      0.    228.      0.    221.     10.
  210  71   2357.   2823.  10421.   2152.  17752.    886.   1.22   3.82   1.00   0.34   0.09    100.   1789.     68.    682.    509.    492.    179.    339.    139.      0.      0.    210.   499.   789.   1.00    -95.      0.    237.      0.    224.     15.
  220  71   1607.   3573.  10421.   5392.  20993.   1033.   1.39   2.60   1.00   0.33   0.09    100.   1813.     68.    710.    515.    492.    181.    328.    128.      0.      0.    210.   570.   871.   1.00    -98.      0.    240.      0.    224.     19.
  230  71   1138.   4043.  10008.   6969.  22570.   1153.   1.53   1.84   1.00   0.32   0.09    100.   1823.     68.    725.    521.    492.    182.    316.    116.      0.      0.    210.   615.   932.   1.00    -98.      0.    240.      0.    220.     23.
  240  71    787.   4393.   8177.   8688.  24289.   1289.   1.69   1.28   1.00   0.32   0.09    100.   1852.     68.    739.    532.    492.    185.    316.    116.      0.      0.    210.   659.  1006.   1.00    -98.      0.    240.      0.    211.     31.
  250  71    562.   4619.   6681.   9556.  25157.   1404.   1.82   0.91   1.00   0.30   0.09    100.   1857.     68.    749.    539.    492.    186.    303.    103.      0.      0.    210.   690.  1069.   1.00    -98.      0.    240.      0.    205.     37.
  260  71    425.   4756.   5459.   9888.  25489.   1483.   1.92   0.69   1.00   0.29   0.09    100.   1858.     68.    755.    543.    492.    186.    295.     95.      0.      0.    210.   715.  1136.   1.00    -98.      0.    240.      0.    200.     42.
  269  71    333.   4847.   4644.   9978.  25579.   1558.   2.00   0.54   1.00   0.30   0.09    100.   1869.     68.    758.    547.    492.    187.    297.     97.      0.      0.    210.   730.  1182.   1.00    -98.      0.    240.      0.    197.     46.
  269  71      0.      0.      0.      0.      0.      0.   0.00   0.00   1.00   0.30   0.09    100.   1869.     68.    758.    548.    492.    187.    297.     97.      0.      0.    210.     0.     0.   1.00    -98.      0.      0.      0.      0.      0.
  279  71      0.      0.      0.      0.      0.      0.   0.00   0.00   1.00   0.30   0.09    100.   1875.     68.    758.    553.    492.    187.    297.     97.      0.      0.    210.     0.     0.   1.00    -98.      0.      0.      0.      0.      0.
  289  71      0.      0.      0.      0.      0.      0.   0.00   0.00   1.00   0.30   0.09    100.   1878.     68.    758.    556.    492.    188.    297.     97.      0.      0.    210.     0.     0.   1.00    -98.      0.      0.      0.      0.      0.
  299  71      0.      0.      0.      0.      0.      0.   0.00   0.00   1.00   0.31   0.09    100.   1898.     68.    758.    561.    492.    190.    309.    109.      0.      0.    210.     0.     0.   1.00    -98.      0.      0.      0.      0.      0.
  309  71      0.      0.      0.      0.      0.      0.   0.00   0.00   1.00   0.31   0.09    100.   1898.     68.    758.    562.    492.    190.    308.    108.      0.      0.    210.     0.     0.   1.00    -98.      0.      0.      0.      0.      0.
  319  71      0.      0.      0.      0.      0.      0.   0.00   0.00   1.00   0.32   0.09    100.   1909.     68.    758.    565.    492.    191.    316.    116.      0.      0.    210.     0.     0.   1.00    -98.      0.      0.      0.      0.      0.
  329  71      0.      0.      0.      0.      0.      0.   0.00   0.00   1.00   0.34   0.09    100.   1945.     68.    758.    568.    492.    195.    345.    145.      0.      0.    210.     0.     0.   1.00    -98.      0.      0.      0.      0.      0.
  339  71      0.      0.      0.      0.      0.      0.   0.00   0.00   1.00   0.36   0.09    100.   1957.     68.    758.    569.    492.    196.    355.    155.      0.      0.    210.     0.     0.   1.00    -98.      0.      0.      0.      0.      0.
  349  71      0.      0.      0.      0.      0.      0.   0.00   0.00   1.00   0.36   0.09    100.   1963.     68.    758.    570.    492.    196.    360.    160.      0.      0.    210.     0.     0.   1.00    -98.      0.      0.      0.      0.      0.
  359  71      0.      0.      0.      0.      0.      0.   0.00   0.00   1.00   0.38   0.09    100.   1984.     68.    758.    570.    492.    198.    378.    178.      0.      0.    210.     0.     0.   1.00    -98.      0.      0.      0.      0.      0.
    4  72      0.      0.      0.      0.      0.      0.   0.00   0.00   1.00   0.38   0.09    100.   1986.     68.    758.    570.    492.    199.    379.    179.      0.      0.    210.     0.     0.   1.00    -98.      0.      0.      0.      0.      0.
   14  72      0.      0.      0.      0.      0.      0.   0.00   0.00   1.00   0.38   0.09    100.   1991.     68.    758.    571.    492.    199.    383.    183.      0.      0.    210.     0.     0.   1.00    -98.      0.      0.      0.      0.      0.
   24  72      0.      0.      0.      0.      0.      0.   0.00   0.00   1.00   0.39   0.09    100.   2005.     68.    758.    572.    492.    200.    395.    195.      0.      0.    210.     0.     0.   1.00    -98.      0.      0.      0.      0.      0.
   34  72      0.      0.      0.      0.      0.      0.   0.00   0.00   1.00   0.41   0.09    100.   2018.     68.    758.    574.    492.    202.    405.    205.      0.      0.    210.     0.     0.   1.00    -98.      0.      0.      0.      0.      0.
   44  72      0.      0.      0.      0.      0.      0.   0.00   0.00   1.00   0.42   0.09    100.   2040.     68.    758.    578.    493.    204.    420.    220.      0.      0.    210.     0.     0.   1.00    -98.      0.      0.      0.      0.      0.
   54  72      0.      0.      0.      0.      0.      0.   0.00   0.00   1.00   0.42   0.09    100.   2045.     68.    758.    579.    496.    204.    420.    220.      0.      0.    210.     0.     0.   1.00    -98.      0.      0.      0.      0.      0.
   64  72      0.      0.      0.      0.      0.      0.   0.00   0.00   1.00   0.42   0.09    100.   2050.     68.    758.    582.    497.    205.    420.    220.      0.      0.    210.     0.     0.   1.00    -98.      0.      0.      0.      0.      0.
   74  72      0.      0.      0.      0.      0.      0.   0.00   0.00   1.00   0.42   0.09    100.   2061.     68.    758.    587.    505.    206.    418.    218.      0.      0.    210.     0.     0.   1.00    -98.      0.      0.      0.      0.      0.
   84  72      0.      0.      0.      0.      0.      0.   0.00   0.00   1.00   0.41   0.09    100.   2061.     68.    758.    593.    505.    206.    412.    212.      0.      0.    210.     0.     0.   1.00    -98.      0.      0.      0.      0.      0.
   94  72      0.      0.      0.      0.      0.      0.   0.00   0.00   1.00   0.42   0.09    100.   2101.     68.    758.    602.    524.    210.    420.    220.      0.      0.    210.     0.     0.   1.00    -98.      0.      0.      0.      0.      0.


Station=  WAGE , Soil=  2, Manage=  1, Rotat=  2 YrRot=  4 , NYear=  7 , NRot=  6 , Crop=  4, Irr.=  1, IOPT=  1,                  Runof=0.10, CO2=550. , StYear=1969, StDay=  1

 Planting on day 100, 1972
 Crop emergence on day   0, 1972
 Wageningen, long rotation 2, soil2, future                                      

 DAY  YEAR  WLVG    WLVD    WST    WSO     TAGB    TSUML    DVS    LAI  TRANRF  SMACT  SMACTL   RD    TRAIN   TIRR   TTRANS  TESOIL  TDRAIN  TRUNOF    WTOT   WAVT    WTOTL     WAVTL  WTOTLX  PARAB    PAR    NNI   NMINT  NMIN    NUPT     NFIX   NLIV   NLOSS  
  100  72     48.      0.     12.      0.     60.      0.   0.00   0.14   1.00   0.42   0.42     10.   2137.     68.    758.    612.    546.    214.     42.     22.    168.     88.    420.     0.     0.   1.00      0.     30.      0.      0.      4.      0.
  110  72     48.      0.     12.      0.     60.      0.   0.00   0.14   1.00   0.39   0.42     10.   2168.     68.    760.    625.    562.    217.     39.     19.    168.     88.    420.     0.    61.   1.00      0.     30.      0.      0.      4.      0.
  120  72     48.      0.     12.      0.     60.      0.   0.00   0.14   1.00   0.31   0.42     10.   2176.     68.    762.    637.    564.    218.     31.     11.    168.     88.    420.     0.   137.   1.00      0.     30.      0.      0.      4.      0.
  126  72     48.      0.     12.      0.     60.      0.   0.00   0.14   1.00   0.29   0.42     10.   2187.     68.    764.    647.    564.    219.     29.      9.    168.     88.    420.     0.   176.   1.00      0.     30.      0.      0.      4.      0.
  130  72    186.      0.     46.      0.    232.     52.   0.35   0.37   1.00   0.41   0.42     15.   2188.     87.    765.    655.    564.    219.     55.     28.    153.     80.    420.     6.   213.   1.00     -3.     27.      6.      0.      9.      0.
  140  72    748.      0.    187.      0.    935.    145.   0.97   2.06   1.00   0.42   0.42     27.   2246.     87.    773.    665.    595.    225.    108.     56.    102.     54.    420.    36.   264.   1.00     60.     20.     34.      0.     38.      0.
  150  72   2107.    112.    683.    385.   3287.    276.   1.11   6.14   1.00   0.40   0.42     39.   2275.     87.    805.    667.    595.    228.    150.     75.     52.     27.    420.   124.   354.   1.00    -18.     12.    120.      0.    122.      2.
  160  72   2373.    572.   1144.   1225.   5314.    409.   1.20   6.92   1.00   0.39   0.42     50.   2298.     87.    833.    667.    595.    230.    193.     94.      2.      1.    420.   194.   425.   1.00    -52.      4.    162.      0.    154.     11.
  170  72   2185.   1057.   1869.   3179.   8290.    534.   1.28   6.35   1.00   0.36  -0.00     50.   2314.     87.    865.    667.    595.    231.    178.     78.     -0.     -0.    420.   290.   521.   1.00    -84.      0.    198.      0.    181.     21.
  180  72   1891.   1352.   2117.   5213.  10573.    680.   1.37   5.49   1.00   0.37  -0.00     50.   2355.     87.    896.    668.    595.    236.    183.     83.     -0.     -0.    420.   364.   595.   1.00    -78.      0.    220.      0.    197.     27.
  190  72   1721.   1522.   2117.   7208.  12568.    835.   1.47   5.00   1.00   0.37  -0.00     50.   2385.     87.    922.    668.    595.    238.    184.     84.     -0.     -0.    420.   428.   660.   1.00    -99.      0.    241.      0.    214.     30.
  200  72   1319.   1924.   1838.  10329.  15689.    994.   1.58   3.83   1.00   0.34  -0.00     50.   2396.     97.    955.    669.    595.    240.    170.     70.     -0.     -0.    420.   527.   760.   1.00   -115.      0.    257.      0.    217.     43.
  210  72    880.   2363.   1502.  11400.  16760.   1197.   1.71   2.55   1.00   0.42  -0.00     50.   2461.    117.    984.    671.    601.    246.    210.    110.     -0.     -0.    420.   597.   833.   1.00   -118.      0.    260.      0.    207.     57.
  220  72    620.   2622.   1227.  12530.  17890.   1359.   1.81   1.80   1.00   0.38  -0.00     50.   2470.    117.   1004.    675.    603.    247.    192.     92.     -0.     -0.    420.   658.   902.   1.00   -118.      0.    260.      0.    197.     67.
  230  72    432.   2811.   1003.  13130.  18490.   1531.   1.92   1.25   1.00   0.38  -0.00     50.   2496.    117.   1024.    682.    603.    250.    190.     90.     -0.     -0.    420.   720.   980.   1.00   -118.      0.    260.      0.    190.     74.
  240  72    326.   2917.    836.  13275.  18635.   1654.   2.00   0.95   1.00   0.38  -0.00     50.   2518.    117.   1036.    690.    603.    252.    190.     90.     -0.     -0.    420.   761.  1043.   1.00   -118.      0.    260.      0.    185.     79.
  249  72      0.      0.      0.      0.      0.      0.   0.00   0.00   1.00   0.37  -0.00     50.   2518.    117.   1036.    693.    603.    252.    186.     86.     -0.     -0.    420.     0.     0.   1.00   -118.      0.      0.      0.      0.      0.
  259  72      0.      0.      0.      0.      0.      0.   0.00   0.00   1.00   0.42  -0.00     50.   2552.    117.   1036.    699.    605.    255.    209.    109.     -0.     -0.    420.     0.     0.   1.00   -118.      0.      0.      0.      0.      0.
  269  72      0.      0.      0.      0.      0.      0.   0.00   0.00   1.00   0.42  -0.00     50.   2562.    117.   1036.    703.    611.    256.    209.    109.     -0.     -0.    420.     0.     0.   1.00   -118.      0.      0.      0.      0.      0.


Station=  WAGE , Soil=  2, Manage=  1, Rotat=  2 YrRot=  5 , NYear=  7 , NRot=  6 , Crop=  5, Irr.=  1, IOPT=  1,                  Runof=0.10, CO2=550. , StYear=1969, StDay=  1

 Planting on day 270, 1972
 Crop emergence on day   0, 1972
 Wageningen, long rotation 2, soil2, future                                      

 DAY  YEAR  WLVG    WLVD    WST    WSO     TAGB    TSUML    DVS    LAI  TRANRF  SMACT  SMACTL   RD    TRAIN   TIRR   TTRANS  TESOIL  TDRAIN  TRUNOF    WTOT   WAVT    WTOTL     WAVTL  WTOTLX  PARAB    PAR    NNI   NMINT  NMIN    NUPT     NFIX   NLIV   NLOSS  
  270  72    137.      0.     59.      0.    195.      0.   0.00   0.30   1.00   0.42   0.42     10.   2562.    117.   1036.    704.    611.    256.     42.     22.    482.    252.    105.     0.     0.   1.00      0.     30.      0.      0.     11.      0.
  276  72    137.      0.     59.      0.    195.      0.   0.00   0.30   1.00   0.40   0.42     10.   2563.    117.   1037.    705.    611.    256.     40.     20.    482.    252.    105.     0.    25.   1.00      0.     30.      0.      0.     11.      0.
  280  72    223.      0.     95.      0.    318.      9.   0.04   0.43   1.00   0.39   0.42     15.   2563.    117.   1037.    706.    611.    256.     53.     26.    467.    244.    105.     4.    50.   1.00     -2.     27.      5.      0.     16.      0.
  290  72    392.      0.    168.      0.    561.     28.   0.11   0.91   1.00   0.39   0.42     27.   2563.    117.   1039.    708.    611.    256.    100.     49.    417.    218.    105.    16.    91.   1.00     -6.     20.     16.      0.     28.      0.
  300  72    538.      0.    231.      0.    769.     35.   0.14   1.23   1.00   0.42   0.42     39.   2579.    117.   1041.    710.    614.    258.    157.     82.    367.    192.    105.    28.   118.   1.00     -8.     12.     26.      0.     37.      0.
  310  72    739.      0.    317.      0.   1055.     38.   0.16   1.67   1.00   0.42   0.42     51.   2587.    117.   1042.    711.    618.    259.    207.    108.    317.    166.    105.    39.   138.   1.00    -16.      4.     42.      0.     53.      0.
  320  72    874.      0.    375.      0.   1249.     38.   0.16   1.96   1.00   0.42   0.42     63.   2634.    117.   1045.    714.    654.    263.    259.    136.    266.    139.    105.    46.   150.   1.00    -21.      0.     51.      0.     63.      0.
  330  72    987.      0.    423.      0.   1410.     38.   0.16   2.21   1.00   0.42   0.42     75.   2662.    117.   1047.    715.    676.    266.    309.    162.    216.    113.    105.    56.   165.   1.00    -30.      0.     60.      0.     71.      0.
  340  72   1105.      0.    474.      0.   1578.     38.   0.16   2.46   1.00   0.42   0.42     87.   2667.    117.   1049.    716.    678.    267.    360.    188.    165.     87.    105.    66.   179.   1.00    -37.      0.     67.      0.     79.      0.
  350  72   1238.      0.    530.      0.   1768.     38.   0.16   2.75   1.00   0.42   0.42     99.   2684.    117.   1051.    717.    691.    268.    409.    214.    115.     60.    105.    74.   189.   1.00    -48.      0.     78.      0.     89.      0.
  360  72   1260.      0.    540.      0.   1800.     38.   0.16   2.80   1.00   0.42   0.42    111.   2684.    117.   1052.    717.    691.    268.    458.    239.     65.     34.    105.    83.   201.   1.00    -50.      0.     80.      0.     91.      0.
    5  73   1283.      0.    550.      0.   1833.     38.   0.16   2.85   1.00   0.42   0.42    123.   2684.    117.   1054.    717.    691.    268.    507.    264.     14.      7.    105.    92.   212.   1.00    -51.      0.     81.      0.     92.      0.
   15  73   1307.      0.    560.      0.   1867.     38.   0.16   2.90   1.00   0.42   0.00    125.   2686.    117.   1054.    717.    691.    269.    522.    272.      0.      0.    105.    98.   220.   1.00    -53.      0.     83.      0.     95.      0.
   25  73   1361.      0.    583.      0.   1944.     38.   0.16   3.02   1.00   0.42   0.00    125.   2693.    117.   1056.    717.    693.    269.    525.    275.      0.      0.    105.   106.   231.   1.00    -56.      0.     86.      0.     97.      0.
   35  73   1485.      0.    636.      0.   2121.     38.   0.16   3.29   1.00   0.42   0.00    125.   2711.    117.   1058.    718.    706.    271.    525.    275.      0.      0.    105.   119.   246.   1.00    -66.      0.     96.      0.    107.      0.
   45  73   1561.      0.    669.      0.   2229.     39.   0.16   3.45   1.00   0.42   0.00    125.   2749.    117.   1061.    719.    736.    275.    525.    275.      0.      0.    105.   130.   259.   1.00    -71.      0.    101.      0.    113.      0.
   55  73   1644.      0.    704.      0.   2348.     41.   0.17   3.64   1.00   0.42   0.00    125.   2778.    117.   1065.    720.    757.    278.    525.    275.      0.      0.    105.   145.   277.   1.00    -75.      0.    105.      0.    116.      0.
   65  73   1820.      0.    780.      0.   2600.     46.   0.19   4.02   1.00   0.42   0.00    125.   2785.    117.   1069.    721.    759.    279.    524.    274.      0.      0.    105.   177.   314.   1.00    -82.      0.    112.      0.    123.      0.
   75  73   1977.     38.    866.      0.   2880.     52.   0.22   4.36   1.00   0.42   0.00    125.   2794.    117.   1076.    722.    765.    279.    519.    269.      0.      0.    105.   223.   366.   1.00    -95.      0.    125.      0.    136.      0.
   85  73   2184.    122.   1056.      0.   3362.     71.   0.30   4.80   1.00   0.41   0.00    125.   2800.    117.   1085.    723.    765.    280.    514.    264.      0.      0.    105.   268.   415.   1.00   -102.      0.    132.      0.    143.      1.
   95  73   2254.    268.   1286.      0.   3808.     90.   0.38   4.94   1.00   0.42   0.00    125.   2841.    117.   1097.    725.    777.    284.    525.    275.      0.      0.    105.   315.   465.   1.00   -106.      0.    136.      0.    146.      2.
  105  73   2313.    453.   1587.      0.   4354.    105.   0.44   5.06   1.00   0.42   0.00    125.   2859.    117.   1109.    727.    782.    286.    522.    272.      0.      0.    105.   372.   526.   1.00   -112.      0.    142.      0.    150.      3.
  115  73   2713.    716.   2612.      0.   6042.    143.   0.60   5.90   1.00   0.41   0.00    125.   2873.    117.   1127.    729.    782.    287.    516.    266.      0.      0.    105.   438.   596.   1.00   -123.      0.    153.      0.    160.      5.
  125  73   2771.   1142.   3695.      0.   7608.    205.   0.85   5.99   1.00   0.41   0.00    125.   2896.    117.   1144.    730.    782.    290.    518.    268.      0.      0.    105.   499.   659.   1.00   -132.      0.    162.      0.    165.      8.
  135  73   2618.   1684.   5549.     82.   9932.    286.   1.08   5.62   1.00   0.41   0.00    125.   2915.    117.   1166.    732.    782.    291.    511.    261.      0.      0.    105.   565.   728.   1.00    -52.      0.    166.      0.    165.     12.
  145  73   2171.   2402.   7180.    682.  12435.    396.   1.26   4.63   1.00   0.39   0.00    125.   2926.    117.   1198.    734.    782.    293.    486.    236.      0.      0.    105.   660.   829.   1.00    -65.      0.    179.      0.    173.     18.
  155  73   1576.   2996.   8100.   2157.  14829.    519.   1.47   3.36   1.00   0.39   0.00    125.   2956.    117.   1222.    739.    782.    296.    485.    235.      0.      0.    105.   728.   905.   1.00    -67.      0.    181.      0.    170.     22.
  165  73   1157.   3415.   7320.   4062.  17058.    635.   1.66   2.47   1.00   0.37   0.00    125.   2956.    117.   1246.    743.    782.    296.    457.    207.      0.      0.    105.   810.  1007.   1.00    -67.      0.    181.      0.    162.     30.
  175  73    816.   3756.   5991.   5294.  18302.    779.   1.90   1.74   1.00   0.34   0.00    125.   2956.    117.   1273.    748.    782.    296.    425.    175.      0.      0.    105.   894.  1130.   1.00    -39.      0.    181.      0.    154.     38.
  180  73    695.   3877.   5526.   5391.  18399.    851.   2.02   1.48   1.00   0.34   0.00    125.   2969.    117.   1284.    752.    782.    297.    420.    170.      0.      0.    105.   922.  1178.   1.00    -39.      0.    181.      0.    151.     41.
  184  73      0.      0.      0.      0.      0.      0.   0.00   0.00   1.00   0.33   0.00    125.   2969.    117.   1284.    761.    782.    297.    412.    162.      0.      0.    105.     0.     0.   1.00    -39.      0.      0.      0.      0.      0.
  194  73      0.      0.      0.      0.      0.      0.   0.00   0.00   1.00   0.33   0.00    125.   2978.    117.   1284.    772.    782.    298.    409.    159.      0.      0.    105.     0.     0.   1.00    -39.      0.      0.      0.      0.      0.
  204  73      0.      0.      0.      0.      0.      0.   0.00   0.00   1.00   0.34   0.00    125.   3009.    117.   1284.    787.    782.    301.    422.    172.      0.      0.    105.     0.     0.   1.00    -39.      0.      0.      0.      0.      0.
  214  73      0.      0.      0.      0.      0.      0.   0.00   0.00   1.00   0.34   0.00    125.   3025.    117.   1284.    800.    782.    302.    423.    173.      0.      0.    105.     0.     0.   1.00    -39.      0.      0.      0.      0.      0.
  224  73      0.      0.      0.      0.      0.      0.   0.00   0.00   1.00   0.34   0.00    125.   3046.    117.   1284.    813.    782.    305.    429.    179.      0.      0.    105.     0.     0.   1.00    -39.      0.      0.      0.      0.      0.
  234  73      0.      0.      0.      0.      0.      0.   0.00   0.00   1.00   0.34   0.00    125.   3046.    117.   1284.    820.    782.    305.    422.    172.      0.      0.    105.     0.     0.   1.00    -39.      0.      0.      0.      0.      0.
  244  73      0.      0.      0.      0.      0.      0.   0.00   0.00   1.00   0.35   0.00    125.   3069.    117.   1284.    825.    782.    307.    438.    188.      0.      0.    105.     0.     0.   1.00    -39.      0.      0.      0.      0.      0.
  254  73      0.      0.      0.      0.      0.      0.   0.00   0.00   1.00   0.35   0.00    125.   3072.    117.   1284.    831.    782.    307.    435.    185.      0.      0.    105.     0.     0.   1.00    -39.      0.      0.      0.      0.      0.
  264  73      0.      0.      0.      0.      0.      0.   0.00   0.00   1.00   0.36   0.00    125.   3096.    117.   1284.    839.    782.    310.    448.    198.      0.      0.    105.     0.     0.   1.00    -39.      0.      0.      0.      0.      0.
  274  73      0.      0.      0.      0.      0.      0.   0.00   0.00   1.00   0.38   0.00    125.   3132.    117.   1284.    846.    782.    313.    475.    225.      0.      0.    105.     0.     0.   1.00    -39.      0.      0.      0.      0.      0.
  276  73      0.      0.      0.      0.      0.      0.   0.00   0.00   1.00   0.38   0.00    125.   3132.    117.   1284.    846.    782.    313.    474.    224.      0.      0.    105.     0.     0.   1.00    -39.      0.      0.      0.      0.      0.
  284  73      0.      0.      0.      0.      0.      0.   0.00   0.00   1.00   0.39   0.00    125.   3152.    117.   1284.    849.    782.    315.    489.    239.      0.      0.    105.     0.     0.   1.00    -39.      0.      0.      0.      0.      0.
  294  73      0.      0.      0.      0.      0.      0.   0.00   0.00   1.00   0.42   0.00    125.   3212.    117.   1284.    852.    797.    321.    525.    275.      0.      0.    105.     0.     0.   1.00    -39.      0.      0.      0.      0.      0.
  304  73      0.      0.      0.      0.      0.      0.   0.00   0.00   1.00   0.42   0.00    125.   3218.    117.   1284.    853.    801.    322.    525.    275.      0.      0.    105.     0.     0.   1.00    -39.      0.      0.      0.      0.      0.
  314  73      0.      0.      0.      0.      0.      0.   0.00   0.00   1.00   0.42   0.00    125.   3237.    117.   1284.    855.    817.    324.    525.    275.      0.      0.    105.     0.     0.   1.00    -39.      0.      0.      0.      0.      0.
  324  73      0.      0.      0.      0.      0.      0.   0.00   0.00   1.00   0.42   0.00    125.   3272.    117.   1284.    858.    845.    327.    525.    275.      0.      0.    105.     0.     0.   1.00    -39.      0.      0.      0.      0.      0.
  334  73      0.      0.      0.      0.      0.      0.   0.00   0.00   1.00   0.42   0.00    125.   3297.    117.   1284.    858.    867.    330.    525.    275.      0.      0.    105.     0.     0.   1.00    -39.      0.      0.      0.      0.      0.
  344  73      0.      0.      0.      0.      0.      0.   0.00   0.00   1.00   0.42   0.00    125.   3326.    117.   1284.    859.    892.    333.    525.    275.      0.      0.    105.     0.     0.   1.00    -39.      0.      0.      0.      0.      0.
  354  73      0.      0.      0.      0.      0.      0.   0.00   0.00   1.00   0.42   0.00    125.   3355.    117.   1284.    860.    917.    335.    525.    275.      0.      0.    105.     0.     0.   1.00    -39.      0.      0.      0.      0.      0.
  364  73      0.      0.      0.      0.      0.      0.   0.00   0.00   1.00   0.42   0.00    125.   3361.    117.   1284.    861.    921.    336.    525.    275.      0.      0.    105.     0.     0.   1.00    -39.      0.      0.      0.      0.      0.
    9  74      0.      0.      0.      0.      0.      0.   0.00   0.00   1.00   0.42   0.00    125.   3375.    117.   1284.    862.    933.    337.    525.    275.      0.      0.    105.     0.     0.   1.00    -39.      0.      0.      0.      0.      0.
   19  74      0.      0.      0.      0.      0.      0.   0.00   0.00   1.00   0.42   0.00    125.   3404.    117.   1284.    867.    955.    340.    525.    275.      0.      0.    105.     0.     0.   1.00    -39.      0.      0.      0.      0.      0.
   29  74      0.      0.      0.      0.      0.      0.   0.00   0.00   1.00   0.42   0.00    125.   3418.    117.   1284.    869.    965.    342.    525.    275.      0.      0.    105.     0.     0.   1.00    -39.      0.      0.      0.      0.      0.
   39  74      0.      0.      0.      0.      0.      0.   0.00   0.00   1.00   0.42   0.00    125.   3426.    117.   1284.    871.    970.    343.    525.    275.      0.      0.    105.     0.     0.   1.00    -39.      0.      0.      0.      0.      0.
   49  74      0.      0.      0.      0.      0.      0.   0.00   0.00   1.00   0.42   0.00    125.   3445.    117.   1284.    875.    985.    345.    524.    274.      0.      0.    105.     0.     0.   1.00    -39.      0.      0.      0.      0.      0.
   59  74      0.      0.      0.      0.      0.      0.   0.00   0.00   1.00   0.42   0.00    125.   3449.    117.   1284.    876.    986.    345.    525.    275.      0.      0.    105.     0.     0.   1.00    -39.      0.      0.      0.      0.      0.
   69  74      0.      0.      0.      0.      0.      0.   0.00   0.00   1.00   0.42   0.00    125.   3467.    117.   1284.    878.   1001.    347.    524.    274.      0.      0.    105.     0.     0.   1.00    -39.      0.      0.      0.      0.      0.
   79  74      0.      0.      0.      0.      0.      0.   0.00   0.00   1.00   0.42   0.00    125.   3496.    117.   1284.    884.   1021.    350.    525.    275.      0.      0.    105.     0.     0.   1.00    -39.      0.      0.      0.      0.      0.


Station=  WAGE , Soil=  2, Manage=  1, Rotat=  2 YrRot=  6 , NYear=  7 , NRot=  6 , Crop=  6, Irr.=  1, IOPT=  1,                  Runof=0.10, CO2=550. , StYear=1969, StDay=  1

 Planting on day  80, 1974
 Crop emergence on day   0, 1974
 Wageningen, long rotation 2, soil2, future                                      

 DAY  YEAR  WLVG    WLVD    WST    WSO     TAGB    TSUML    DVS    LAI  TRANRF  SMACT  SMACTL   RD    TRAIN   TIRR   TTRANS  TESOIL  TDRAIN  TRUNOF    WTOT   WAVT    WTOTL     WAVTL  WTOTLX  PARAB    PAR    NNI   NMINT  NMIN    NUPT     NFIX   NLIV   NLOSS  
   80  74     11.      0.     11.      0.     22.      0.   0.00   0.03   1.00   0.42   0.42     10.   3503.    117.   1284.    884.   1027.    350.     42.     22.    378.    198.    210.     0.     0.   1.00      0.     30.      0.      0.      2.      0.
   90  74     11.      0.     11.      0.     22.      0.   0.00   0.03   1.00   0.35   0.42     10.   3504.    117.   1285.    891.   1027.    350.     35.     15.    378.    198.    210.     0.    55.   1.00      0.     30.      0.      0.      2.      0.
  100  74     45.      0.     43.      0.     88.    132.   0.16   0.15   1.00   0.35   0.42     22.   3504.    117.   1286.    898.   1027.    350.     73.     32.    332.    174.    210.     5.   141.   1.00      7.     22.      1.      3.      5.      0.
  110  74    112.      0.    100.      0.    212.    227.   0.27   0.38   1.00   0.35   0.42     34.   3504.    117.   1289.    902.   1027.    350.    116.     51.    282.    148.    210.    23.   233.   1.00     13.     15.      2.      8.     12.      0.
  120  74    237.      0.    198.      0.    436.    309.   0.37   0.87   1.00   0.37   0.42     46.   3514.    117.   1294.    909.   1027.    351.    164.     74.    232.    121.    210.    46.   306.   1.00     19.      8.      4.     14.     20.      0.
  130  74    589.      0.    452.      0.   1041.    414.   0.50   2.31   1.00   0.36   0.42     58.   3515.    117.   1304.    911.   1027.    351.    202.     88.    181.     95.    210.    84.   362.   1.00     22.      0.      8.     30.     40.      0.
  140  74   1657.     56.   1289.     63.   3066.    571.   0.69   6.81   1.00   0.36   0.42     70.   3548.    117.   1335.    914.   1027.    355.    249.    111.    131.     69.    210.   175.   458.   1.00     92.      0.     22.     88.    111.      1.
  150  74   2008.    545.   2179.    311.   5043.    711.   0.85   8.32   1.00   0.34   0.42     82.   3558.    117.   1365.    915.   1027.    356.    278.    116.     81.     42.    210.   266.   549.   1.00     83.      0.     31.    125.    153.      6.
  160  74   1953.   1181.   3106.    716.   6956.    848.   1.01   8.12   1.00   0.36   0.42     94.   3601.    117.   1396.    915.   1027.    360.    336.    150.     30.     16.    210.   357.   641.   1.00     75.      0.     39.    156.    184.     13.
  170  74   1830.   1828.   4322.   1902.   9882.   1016.   1.14   7.63   1.00   0.34   0.09    100.   3615.    117.   1432.    915.   1027.    362.    343.    143.      0.      0.    210.   464.   747.   1.00     64.      0.     50.    198.    230.     20.
  180  74   1451.   2392.   5152.   3955.  12950.   1194.   1.27   6.05   1.00   0.32   0.09    100.   3630.    117.   1464.    915.   1027.    363.    324.    124.      0.      0.    210.   558.   842.   1.00     78.      0.     64.    256.    297.     26.
  190  74   1097.   2810.   5568.   5700.  15175.   1363.   1.39   4.58   1.00   0.33   0.09    100.   3672.    117.   1490.    916.   1027.    367.    335.    135.      0.      0.    210.   631.   916.   1.00     73.      0.     69.    275.    315.     30.
  200  74    810.   3123.   5641.   7358.  17048.   1532.   1.52   3.38   1.00   0.32   0.09    100.   3688.    117.   1516.    918.   1027.    369.    320.    120.      0.      0.    210.   703.   991.   1.00     73.      0.     69.    275.    311.     34.
  210  74    585.   3349.   4618.   8739.  18439.   1699.   1.64   2.44   1.00   0.31   0.09    100.   3700.    117.   1538.    921.   1027.    370.    306.    106.      0.      0.    210.   767.  1062.   1.00     73.      0.     69.    275.    300.     45.
  220  74    418.   3515.   3775.   9762.  19463.   1872.   1.77   1.74   1.00   0.29   0.09    100.   3709.    117.   1558.    925.   1027.    371.    290.     90.      0.      0.    210.   830.  1139.   1.00     73.      0.     69.    275.    291.     54.
  230  74    291.   3642.   3084.  10299.  20000.   2063.   1.91   1.22   1.00   0.33   0.09    100.   3766.    127.   1573.    934.   1027.    377.    327.    127.      0.      0.    210.   878.  1210.   1.00     73.      0.     69.    275.    284.     61.
  238  74    230.   3703.   2677.  10560.  20261.   2184.   2.00   0.96   1.00   0.31   0.09    100.   3768.    127.   1584.    939.   1027.    377.    313.    113.      0.      0.    210.   918.  1278.   1.00     73.      0.     69.    275.    280.     65.
  239  74      0.      0.      0.      0.      0.      0.   0.00   0.00   1.00   0.33   0.09    100.   3787.    127.   1584.    943.   1027.    379.    327.    127.      0.      0.    210.     0.     0.   1.00     73.      0.      0.      0.      0.      0.
  249  74      0.      0.      0.      0.      0.      0.   0.00   0.00   1.00   0.36   0.09    100.   3836.    127.   1584.    953.   1027.    384.    361.    161.      0.      0.    210.     0.     0.   1.00     73.      0.      0.      0.      0.      0.
  259  74      0.      0.      0.      0.      0.      0.   0.00   0.00   1.00   0.37   0.09    100.   3856.    127.   1584.    963.   1027.    386.    368.    168.      0.      0.    210.     0.     0.   1.00     73.      0.      0.      0.      0.      0.
  269  74      0.      0.      0.      0.      0.      0.   0.00   0.00   1.00   0.40   0.09    100.   3897.    127.   1584.    969.   1027.    390.    400.    200.      0.      0.    210.     0.     0.   1.00     73.      0.      0.      0.      0.      0.
  279  74      0.      0.      0.      0.      0.      0.   0.00   0.00   1.00   0.42   0.09    100.   3928.    127.   1584.    974.   1030.    393.    420.    220.      0.      0.    210.     0.     0.   1.00     73.      0.      0.      0.      0.      0.
  289  74      0.      0.      0.      0.      0.      0.   0.00   0.00   1.00   0.42   0.09    100.   3948.    127.   1584.    977.   1044.    395.    420.    220.      0.      0.    210.     0.     0.   1.00     73.      0.      0.      0.      0.      0.
  299  74      0.      0.      0.      0.      0.      0.   0.00   0.00   1.00   0.42   0.09    100.   3992.    127.   1584.    981.   1080.    399.    420.    220.      0.      0.    210.     0.     0.   1.00     73.      0.      0.      0.      0.      0.
  309  74      0.      0.      0.      0.      0.      0.   0.00   0.00   1.00   0.42   0.09    100.   4041.    127.   1584.    984.   1122.    404.    420.    220.      0.      0.    210.     0.     0.   1.00     73.      0.      0.      0.      0.      0.
  319  74      0.      0.      0.      0.      0.      0.   0.00   0.00   1.00   0.42   0.09    100.   4057.    127.   1584.    988.   1132.    406.    420.    220.      0.      0.    210.     0.     0.   1.00     73.      0.      0.      0.      0.      0.
  329  74      0.      0.      0.      0.      0.      0.   0.00   0.00   1.00   0.42   0.09    100.   4099.    127.   1584.    991.   1166.    410.    420.    220.      0.      0.    210.     0.     0.   1.00     73.      0.      0.      0.      0.      0.
  339  74      0.      0.      0.      0.      0.      0.   0.00   0.00   1.00   0.42   0.09    100.   4134.    127.   1584.    995.   1193.    413.    420.    220.      0.      0.    210.     0.     0.   1.00     73.      0.      0.      0.      0.      0.
  349  74      0.      0.      0.      0.      0.      0.   0.00   0.00   1.00   0.42   0.09    100.   4176.    127.   1584.    999.   1228.    418.    420.    220.      0.      0.    210.     0.     0.   1.00     73.      0.      0.      0.      0.      0.
  359  74      0.      0.      0.      0.      0.      0.   0.00   0.00   1.00   0.42   0.09    100.   4200.    127.   1584.   1003.   1245.    420.    420.    220.      0.      0.    210.     0.     0.   1.00     73.      0.      0.      0.      0.      0.
    4  75      0.      0.      0.      0.      0.      0.   0.00   0.00   1.00   0.42   0.09    100.   4239.    127.   1584.   1008.   1275.    424.    420.    220.      0.      0.    210.     0.     0.   1.00     73.      0.      0.      0.      0.      0.
   14  75      0.      0.      0.      0.      0.      0.   0.00   0.00   1.00   0.42   0.09    100.   4263.    127.   1584.   1010.   1296.    426.    419.    219.      0.      0.    210.     0.     0.   1.00     73.      0.      0.      0.      0.      0.


Station=  WAGE , Soil=  2, Manage=  1, Rotat=  2 YrRot=  1 , NYear=  7 , NRot=  6 , Crop=  1, Irr.=  1, IOPT=  1,                  Runof=0.10, CO2=550. , StYear=1969, StDay=  1

 Planting on day   0, 1975
 Crop emergence on day  20, 1975
 Wageningen, long rotation 2, soil2, future                                      

 DAY  YEAR  WLVG    WLVD    WST    WSO     TAGB    TSUML    DVS    LAI  TRANRF  SMACT  SMACTL   RD    TRAIN   TIRR   TTRANS  TESOIL  TDRAIN  TRUNOF    WTOT   WAVT    WTOTL     WAVTL  WTOTLX  PARAB    PAR    NNI   NMINT  NMIN    NUPT     NFIX   NLIV   NLOSS  
   20  75     68.      0.     37.      0.    105.      0.   0.00   0.14   1.00   0.42   0.42     10.   4278.    127.   1584.   1013.   1305.    428.     42.     22.    483.    253.    105.     0.     0.   1.00      0.     30.      0.      0.      8.      0.
   30  75     77.      0.     41.      0.    118.      0.   0.00   0.26   1.00   0.42   0.42     22.   4320.    127.   1585.   1020.   1336.    432.     87.     46.    438.    229.    105.     2.    14.   1.00      7.     22.      1.      0.      9.      0.
   40  75     88.      0.     48.      0.    136.      0.   0.00   0.44   1.00   0.42   0.42     34.   4332.    127.   1586.   1022.   1344.    433.    136.     71.    387.    203.    105.     7.    40.   1.00     13.     15.      2.      0.     11.      0.
   50  75    107.      0.     57.      0.    164.      1.   0.00   0.68   1.00   0.42   0.42     46.   4350.    127.   1587.   1025.   1356.    435.    188.     99.    337.    176.    105.    13.    63.   1.00     19.      8.      4.      0.     12.      0.
   60  75    138.      0.     75.      0.    213.      5.   0.01   0.82   1.00   0.41   0.42     58.   4350.    127.   1589.   1027.   1356.    435.    235.    121.    286.    150.    105.    30.   108.   1.00     21.      0.      9.      0.     17.      0.
   70  75    220.      0.    119.      0.    339.     20.   0.03   0.99   1.00   0.42   0.42     70.   4374.    127.   1592.   1032.   1366.    437.    289.    151.    236.    124.    105.    40.   133.   1.00     13.      0.     17.      0.     26.      0.
   80  75    234.      0.    126.      0.    360.     34.   0.05   1.02   1.00   0.42   0.42     82.   4393.    127.   1594.   1035.   1377.    439.    339.    178.    186.     97.    105.    49.   152.   1.00     11.      0.     19.      0.     27.      0.
   90  75    293.      0.    158.      0.    451.     57.   0.08   1.15   1.00   0.42   0.42     94.   4427.    127.   1598.   1041.   1398.    443.    389.    203.    135.     71.    105.    73.   202.   1.00      5.      0.     25.      0.     33.      0.
  100  75    328.      0.    176.      0.    505.     87.   0.12   1.22   1.00   0.42   0.42    106.   4447.    127.   1603.   1048.   1404.    445.    440.    231.     85.     44.    105.    98.   251.   1.00      2.      0.     28.      0.     36.      0.
  110  75    460.      0.    241.      0.    700.    155.   0.21   1.50   1.00   0.42   0.42    118.   4474.    127.   1607.   1054.   1418.    447.    491.    257.     34.     18.    105.   117.   286.   1.00     -6.      0.     36.      0.     44.      0.
  120  75   1311.      0.    661.      0.   1972.    261.   0.36   3.30   1.00   0.41   0.00    125.   4484.    127.   1619.   1059.   1418.    448.    518.    268.      0.      0.    105.   173.   364.   1.00    -50.      0.     80.      0.     88.      0.
  130  75   2343.     70.   1544.      0.   3956.    376.   0.52   5.47   1.00   0.41   0.00    125.   4510.    127.   1640.   1062.   1418.    451.    517.    267.      0.      0.    105.   248.   445.   1.00    -99.      0.    129.      0.    137.      0.
  140  75   2806.    464.   3073.      0.   6344.    510.   0.71   6.38   1.00   0.41   0.00    125.   4525.    127.   1661.   1064.   1418.    453.    508.    258.      0.      0.    105.   325.   525.   1.00    -39.      0.    153.      0.    160.      2.
  150  75   2782.    973.   5539.      0.   9294.    636.   0.88   6.26   1.00   0.38   0.00    125.   4525.    127.   1690.   1064.   1418.    453.    478.    228.      0.      0.    105.   422.   624.   1.00    -61.      0.    175.      0.    179.      4.
  160  75   2342.   1456.   7192.   1220.  12211.    758.   1.04   5.27   1.00   0.37   0.00    125.   4543.    127.   1719.   1066.   1418.    454.    463.    213.      0.      0.    105.   519.   724.   1.00    -69.      0.    183.      0.    185.      6.
  170  75   1665.   2134.   7192.   4396.  15387.    935.   1.23   3.74   1.00   0.36   0.00    125.   4568.    127.   1750.   1069.   1418.    457.    452.    202.      0.      0.    105.   609.   821.   1.00    -76.      0.    190.      0.    190.      9.
  180  75   1179.   2619.   7192.   7130.  18120.   1114.   1.42   2.65   1.00   0.37   0.00    125.   4611.    127.   1774.   1075.   1418.    461.    460.    210.      0.      0.    105.   689.   915.   1.00    -53.      0.    195.      0.    193.     10.
  190  75    831.   2967.   6501.   9184.  20174.   1297.   1.61   1.87   1.00   0.36   0.00    125.   4637.    127.   1798.   1084.   1418.    464.    451.    201.      0.      0.    105.   765.  1017.   1.00    -53.      0.    195.      0.    190.     14.
  200  75    568.   3230.   5312.  10048.  21038.   1502.   1.82   1.28   1.00   0.36   0.00    125.   4670.    127.   1813.   1096.   1418.    467.    454.    204.      0.      0.    105.   813.  1094.   1.00    -53.      0.    195.      0.    186.     18.
  210  75    402.   3396.   4340.  10351.  21341.   1681.   2.01   0.90   1.00   0.37   0.00    125.   4704.    127.   1824.   1110.   1418.    470.    460.    210.      0.      0.    105.   848.  1168.   1.00    -53.      0.    195.      0.    183.     21.
  211  75    402.   3396.   4340.  10351.  21341.   1681.   2.01   0.90   1.00   0.37   0.00    125.   4704.    127.   1825.   1111.   1418.    470.    458.    208.      0.      0.    105.   848.  1168.   1.00    -53.      0.    195.      0.    183.     21.
  219  75      0.      0.      0.      0.      0.      0.   0.00   0.00   1.00   0.36   0.00    125.   4711.    127.   1825.   1127.   1418.    471.    447.    197.      0.      0.    105.     0.     0.   1.00    -53.      0.      0.      0.      0.      0.
  229  75      0.      0.      0.      0.      0.      0.   0.00   0.00   1.00   0.36   0.00    125.   4736.    127.   1825.   1145.   1418.    474.    452.    202.      0.      0.    105.     0.     0.   1.00    -53.      0.      0.      0.      0.      0.
  239  75      0.      0.      0.      0.      0.      0.   0.00   0.00   1.00   0.37   0.00    125.   4757.    127.   1825.   1157.   1418.    476.    459.    209.      0.      0.    105.     0.     0.   1.00    -53.      0.      0.      0.      0.      0.
  249  75      0.      0.      0.      0.      0.      0.   0.00   0.00   1.00   0.36   0.00    125.   4761.    127.   1825.   1164.   1418.    476.    456.    206.      0.      0.    105.     0.     0.   1.00    -53.      0.      0.      0.      0.      0.
  259  75      0.      0.      0.      0.      0.      0.   0.00   0.00   1.00   0.38   0.00    125.   4799.    127.   1825.   1174.   1418.    480.    480.    230.      0.      0.    105.     0.     0.   1.00    -53.      0.      0.      0.      0.      0.
  269  75      0.      0.      0.      0.      0.      0.   0.00   0.00   1.00   0.39   0.00    125.   4820.    127.   1825.   1182.   1418.    482.    491.    241.      0.      0.    105.     0.     0.   1.00    -53.      0.      0.      0.      0.      0.
  279  75      0.      0.      0.      0.      0.      0.   0.00   0.00   1.00   0.39   0.00    125.   4833.    127.   1825.   1191.   1418.    483.    494.    244.      0.      0.    105.     0.     0.   1.00    -53.      0.      0.      0.      0.      0.
  289  75      0.      0.      0.      0.      0.      0.   0.00   0.00   1.00   0.40   0.00    125.   4842.    127.   1825.   1194.   1418.    484.    499.    249.      0.      0.    105.     0.     0.   1.00    -53.      0.      0.      0.      0.      0.
  299  75      0.      0.      0.      0.      0.      0.   0.00   0.00   1.00   0.40   0.00    125.   4844.    127.   1825.   1195.   1418.    484.    499.    249.      0.      0.    105.     0.     0.   1.00    -53.      0.      0.      0.      0.      0.
  309  75      0.      0.      0.      0.      0.      0.   0.00   0.00   1.00   0.40   0.00    125.   4852.    127.   1825.   1197.   1418.    485.    505.    255.      0.      0.    105.     0.     0.   1.00    -53.      0.      0.      0.      0.      0.
  319  75      0.      0.      0.      0.      0.      0.   0.00   0.00   1.00   0.41   0.00    125.   4858.    127.   1825.   1197.   1418.    486.    510.    260.      0.      0.    105.     0.     0.   1.00    -53.      0.      0.      0.      0.      0.
  329  75      0.      0.      0.      0.      0.      0.   0.00   0.00   1.00   0.42   0.00    125.   4895.    127.   1825.   1200.   1434.    490.    525.    275.      0.      0.    105.     0.     0.   1.00    -53.      0.      0.      0.      0.      0.
  339  75      0.      0.      0.      0.      0.      0.   0.00   0.00   1.00   0.42   0.00    125.   4940.    127.   1825.   1202.   1472.    494.    525.    275.      0.      0.    105.     0.     0.   1.00    -53.      0.      0.      0.      0.      0.
  349  75      0.      0.      0.      0.      0.      0.   0.00   0.00   1.00   0.42   0.00    125.   4944.    127.   1825.   1202.   1474.    494.    525.    275.      0.      0.    105.     0.     0.   1.00    -53.      0.      0.      0.      0.      0.
  359  75      0.      0.      0.      0.      0.      0.   0.00   0.00   1.00   0.42   0.00    125.   4949.    127.   1825.   1203.   1478.    495.    525.    275.      0.      0.    105.     0.     0.   1.00    -53.      0.      0.      0.      0.      0.
    1  76      0.      0.      0.      0.      0.      0.   0.00   0.00   1.00   0.42   0.00    125.   4967.    127.   1825.   1205.   1493.    497.    525.    275.      0.      0.    105.     0.     0.   1.00    -53.      0.      0.      0.      0.      0.


DATA-FILE  WARO1PTS.OUT


Name of run: WARO5


Station=  WAGE , Soil=  2, Manage=  1, Rotat=  3 YrRot=  1 , NYear=  7 , NRot=  6 , Crop=  1, Irr.=  2, IOPT=  2,                  Runof=0.10, CO2=550. , StYear=1969, StDay=  1

 DAY  YEAR  WLVG    WLVD    WST    WSO     TAGB    TSUML    DVS    LAI  TRANRF  SMACT  SMACTL   RD    TRAIN   TIRR   TTRANS  TESOIL  TDRAIN  TRUNOF    WTOT   WAVT    WTOTL      WAVTL WTOTLX  PARAB    PAR    NNI   NMINT  NMIN    NUPT       NFIX   NLIV   NLOSS  
    1  69      0.      0.      0.      0.      0.      0.   0.00   0.00   1.00   0.37   0.37     10.   4967.    127.   1825.   1205.   1493.    497.    525.    275.      0.      0.    105.     0.     0.   1.00    -53.      0.      0.      0.      0.      0.
    3  69      0.      0.      0.      0.      0.      0.   0.00   0.00   1.00   0.40   0.37     10.      3.      0.      0.      0.      0.      0.     40.     20.    426.    196.     92.     0.     0.   1.00    -53.      0.      0.      0.      0.      0.
   13  69      0.      0.      0.      0.      0.      0.   0.00   0.00   1.00   0.40   0.37     10.      5.      0.      0.      1.      0.      0.     40.     20.    426.    196.     92.     0.     0.   1.00    -53.      0.      0.      0.      0.      0.


Station=  WAGE , Soil=  2, Manage=  1, Rotat=  3 YrRot=  1 , NYear=  7 , NRot=  6 , Crop=  1, Irr.=  2, IOPT=  2,                  Runof=0.10, CO2=550. , StYear=1969, StDay=  1

 Planting on day   0, 1969
 Crop emergence on day  20, 1969
 Wageningen, long rotation 3, soil2, future                                      

 DAY  YEAR  WLVG    WLVD    WST    WSO     TAGB    TSUML    DVS    LAI  TRANRF  SMACT  SMACTL   RD    TRAIN   TIRR   TTRANS  TESOIL  TDRAIN  TRUNOF    WTOT   WAVT    WTOTL     WAVTL  WTOTLX  PARAB    PAR    NNI   NMINT  NMIN    NUPT     NFIX   NLIV   NLOSS  
   20  69     68.      0.     37.      0.    105.      0.   0.00   0.14   1.00   0.42   0.38     10.     18.      0.      0.      3.      0.      2.     42.     22.    433.    203.     94.     0.     0.   1.00      0.     30.      0.      0.      8.      0.
   30  69     75.      0.     41.      0.    116.      0.   0.00   0.29   1.00   0.41   0.38     22.     34.      0.      0.      4.      0.      3.     86.     45.    401.    192.     94.     1.    10.   1.00      7.     22.      1.      0.      9.      0.
   40  69     84.      0.     45.      0.    129.      0.   0.00   0.43   1.00   0.42   0.39     34.     50.      0.      1.      8.      0.      5.    137.     72.    361.    176.     94.     4.    27.   1.00     13.     15.      2.      0.     10.      0.
   50  69     84.      0.     45.      0.    129.      0.   0.00   0.43   1.00   0.42   0.41     46.     69.      0.      1.      8.      0.      7.    188.     98.    326.    166.     94.    10.    53.   1.00     21.      8.      2.      0.     10.      0.
   60  69     98.      0.     53.      0.    151.      1.   0.00   0.58   1.00   0.42   0.42     58.     80.      0.      2.     11.      0.      8.    236.    123.    283.    147.     94.    16.    75.   1.00     26.      0.      4.      0.     12.      0.
   70  69    108.      0.     58.      0.    166.      6.   0.01   0.76   1.00   0.41   0.42     70.     83.      0.      4.     14.      0.      8.    284.    147.    233.    121.     94.    31.   119.   1.00     25.      0.      5.      0.     13.      0.
   80  69    132.      0.     71.      0.    203.     17.   0.02   0.81   1.00   0.42   0.42     82.    119.      0.      6.     18.     10.     12.    338.    177.    186.     97.    105.    39.   140.   1.00     23.      0.      7.      0.     15.      0.
   90  69    142.      0.     76.      0.    219.     32.   0.04   0.83   1.00   0.42   0.42     94.    126.      0.     10.     22.     10.     13.    387.    202.    135.     71.    105.    58.   190.   1.00     21.      0.      9.      0.     17.      0.
  100  69    435.      0.    233.      0.    668.     96.   0.13   1.45   1.00   0.40   0.42    106.    138.      0.     19.     30.     16.     14.    424.    214.     85.     44.    105.    93.   266.   1.00     -3.      0.     33.      0.     42.      0.
  110  69    667.      0.    346.      0.   1013.    154.   0.21   1.94   1.00   0.42   0.42    118.    184.      0.     30.     40.     25.     18.    487.    254.     34.     18.    105.   132.   326.   1.00    -26.      0.     56.      0.     64.      0.
  120  69   1424.      0.    727.      0.   2152.    249.   0.35   3.55   1.00   0.41   0.02    125.    212.      0.     43.     46.     34.     21.    518.    268.      0.      0.    105.   187.   397.   1.00    -62.      0.     92.      0.    100.      0.
  130  69   2265.     54.   1492.      0.   3811.    386.   0.54   5.32   1.00   0.40   0.02    125.    218.      0.     64.     49.     34.     22.    500.    250.      0.      0.    105.   252.   469.   1.00    -93.      0.    123.      0.    131.      0.
  140  69   2588.    389.   2870.      0.   5848.    545.   0.76   5.94   1.00   0.40   0.02    125.    257.      0.     93.     51.     34.     26.    503.    253.      0.      0.    105.   319.   537.   1.00    -30.      0.    144.      0.    151.      2.
  150  69   2503.    752.   5333.      0.   8589.    693.   0.96   5.70   1.00   0.39   0.02    125.    275.      0.    122.     53.     34.     28.    488.    238.      0.      0.    105.   402.   623.   1.00    -45.      0.    159.      0.    164.      3.
  160  69   1961.   1295.   5595.   2264.  11115.    833.   1.12   4.46   1.00   0.40   0.02    125.    316.      0.    151.     55.     34.     32.    494.    244.      0.      0.    105.   475.   700.   1.00    -47.      0.    161.      0.    164.      5.
  170  69   1353.   1903.   5595.   6011.  14862.   1031.   1.33   3.08   1.00   0.38   0.02    125.    331.     20.    194.     61.     34.     33.    478.    228.      0.      0.    105.   581.   818.   1.00    -57.      0.    171.      0.    172.      8.
  180  69    970.   2285.   5595.   7912.  16763.   1202.   1.51   2.21   1.00   0.37   0.02    125.    346.     20.    215.     69.     34.     35.    462.    212.      0.      0.    105.   642.   894.   1.00    -29.      0.    171.      0.    170.      9.
  190  69    685.   2571.   4572.   9251.  18102.   1384.   1.70   1.56   1.00   0.36   0.02    125.    365.     20.    235.     78.     34.     37.    451.    201.      0.      0.    105.   700.   979.   1.00    -29.      0.    171.      0.    167.     13.
  200  69    484.   2772.   3736.   9883.  18734.   1566.   1.89   1.10   1.00   0.35   0.02    125.    376.     20.    250.     90.     34.     38.    434.    184.      0.      0.    105.   744.  1060.   1.00    -29.      0.    171.      0.    163.     16.
  206  69    397.   2859.   3377.  10067.  18918.   1673.   2.00   0.90   1.00   0.35   0.02    125.    389.     40.    260.    104.     34.     39.    442.    192.      0.      0.    105.   768.  1112.   1.00    -29.      0.    171.      0.    162.     18.
  209  69      0.      0.      0.      0.      0.      0.   0.00   0.00   1.00   0.35   0.02    125.    389.     40.    260.    109.     34.     39.    437.    187.      0.      0.    105.     0.     0.   1.00    -29.      0.      0.      0.      0.      0.
  219  69      0.      0.      0.      0.      0.      0.   0.00   0.00   1.00   0.35   0.02    125.    406.     40.    260.    127.     34.     41.    433.    183.      0.      0.    105.     0.     0.   1.00    -29.      0.      0.      0.      0.      0.
  229  69      0.      0.      0.      0.      0.      0.   0.00   0.00   1.00   0.35   0.02    125.    434.     40.    260.    148.     34.     43.    438.    188.      0.      0.    105.     0.     0.   1.00    -29.      0.      0.      0.      0.      0.
  239  69      0.      0.      0.      0.      0.      0.   0.00   0.00   1.00   0.39   0.02    125.    506.     40.    260.    164.     34.     51.    487.    237.      0.      0.    105.     0.     0.   1.00    -29.      0.      0.      0.      0.      0.
  249  69      0.      0.      0.      0.      0.      0.   0.00   0.00   1.00   0.39   0.02    125.    518.     40.    260.    174.     34.     52.    487.    237.      0.      0.    105.     0.     0.   1.00    -29.      0.      0.      0.      0.      0.
  259  69      0.      0.      0.      0.      0.      0.   0.00   0.00   1.00   0.39   0.02    125.    518.     40.    260.    179.     34.     52.    482.    232.      0.      0.    105.     0.     0.   1.00    -29.      0.      0.      0.      0.      0.
  269  69      0.      0.      0.      0.      0.      0.   0.00   0.00   1.00   0.39   0.02    125.    524.     40.    260.    185.     34.     52.    482.    232.      0.      0.    105.     0.     0.   1.00    -29.      0.      0.      0.      0.      0.
  279  69      0.      0.      0.      0.      0.      0.   0.00   0.00   1.00   0.39   0.02    125.    531.     40.    260.    191.     34.     53.    482.    232.      0.      0.    105.     0.     0.   1.00    -29.      0.      0.      0.      0.      0.
  289  69      0.      0.      0.      0.      0.      0.   0.00   0.00   1.00   0.39   0.02    125.    532.     40.    260.    192.     34.     53.    482.    232.      0.      0.    105.     0.     0.   1.00    -29.      0.      0.      0.      0.      0.
  299  69      0.      0.      0.      0.      0.      0.   0.00   0.00   1.00   0.39   0.02    125.    545.     40.    260.    198.     34.     55.    488.    238.      0.      0.    105.     0.     0.   1.00    -29.      0.      0.      0.      0.      0.
  309  69      0.      0.      0.      0.      0.      0.   0.00   0.00   1.00   0.39   0.02    125.    554.     40.    260.    201.     34.     55.    492.    242.      0.      0.    105.     0.     0.   1.00    -29.      0.      0.      0.      0.      0.
  319  69      0.      0.      0.      0.      0.      0.   0.00   0.00   1.00   0.42   0.02    125.    592.     40.    260.    206.     34.     59.    522.    272.      0.      0.    105.     0.     0.   1.00    -29.      0.      0.      0.      0.      0.
  329  69      0.      0.      0.      0.      0.      0.   0.00   0.00   1.00   0.42   0.02    125.    599.     40.    260.    209.     34.     60.    525.    275.      0.      0.    105.     0.     0.   1.00    -29.      0.      0.      0.      0.      0.
  339  69      0.      0.      0.      0.      0.      0.   0.00   0.00   1.00   0.42   0.02    125.    611.     40.    260.    209.     45.     61.    525.    275.      0.      0.    105.     0.     0.   1.00    -29.      0.      0.      0.      0.      0.
  349  69      0.      0.      0.      0.      0.      0.   0.00   0.00   1.00   0.42   0.02    125.    621.     40.    260.    210.     54.     62.    525.    275.      0.      0.    105.     0.     0.   1.00    -29.      0.      0.      0.      0.      0.
  359  69      0.      0.      0.      0.      0.      0.   0.00   0.00   1.00   0.42   0.02    125.    643.     40.    260.    211.     73.     64.    525.    275.      0.      0.    105.     0.     0.   1.00    -29.      0.      0.      0.      0.      0.
    4  70      0.      0.      0.      0.      0.      0.   0.00   0.00   1.00   0.42   0.02    125.    648.     40.    260.    211.     77.     65.    525.    275.      0.      0.    105.     0.     0.   1.00    -29.      0.      0.      0.      0.      0.
   14  70      0.      0.      0.      0.      0.      0.   0.00   0.00   1.00   0.42   0.02    125.    658.     40.    260.    212.     84.     66.    525.    275.      0.      0.    105.     0.     0.   1.00    -29.      0.      0.      0.      0.      0.
   20  70      0.      0.      0.      0.      0.      0.   0.00   0.00   1.00   0.42   0.02    125.    663.     40.    260.    212.     89.     66.    525.    275.      0.      0.    105.     0.     0.   1.00    -29.      0.      0.      0.      0.      0.
   24  70      0.      0.      0.      0.      0.      0.   0.00   0.00   1.00   0.42   0.02    125.    668.     40.    260.    212.     93.     67.    525.    275.      0.      0.    105.     0.     0.   1.00    -29.      0.      0.      0.      0.      0.
   34  70      0.      0.      0.      0.      0.      0.   0.00   0.00   1.00   0.42   0.02    125.    700.     40.    260.    213.    121.     70.    525.    275.      0.      0.    105.     0.     0.   1.00    -29.      0.      0.      0.      0.      0.
   44  70      0.      0.      0.      0.      0.      0.   0.00   0.00   1.00   0.42   0.02    125.    727.     40.    260.    216.    143.     73.    525.    275.      0.      0.    105.     0.     0.   1.00    -29.      0.      0.      0.      0.      0.
   54  70      0.      0.      0.      0.      0.      0.   0.00   0.00   1.00   0.42   0.02    125.    777.     40.    260.    218.    186.     78.    525.    275.      0.      0.    105.     0.     0.   1.00    -29.      0.      0.      0.      0.      0.
   64  70      0.      0.      0.      0.      0.      0.   0.00   0.00   1.00   0.42   0.02    125.    795.     40.    260.    222.    199.     80.    525.    275.      0.      0.    105.     0.     0.   1.00    -29.      0.      0.      0.      0.      0.
   74  70      0.      0.      0.      0.      0.      0.   0.00   0.00   1.00   0.42   0.02    125.    799.     40.    260.    224.    201.     80.    524.    274.      0.      0.    105.     0.     0.   1.00    -29.      0.      0.      0.      0.      0.
   84  70      0.      0.      0.      0.      0.      0.   0.00   0.00   1.00   0.42   0.02    125.    822.     40.    260.    228.    216.     82.    525.    275.      0.      0.    105.     0.     0.   1.00    -29.      0.      0.      0.      0.      0.
   94  70      0.      0.      0.      0.      0.      0.   0.00   0.00   1.00   0.42   0.02    125.    854.     40.    260.    237.    237.     85.    524.    274.      0.      0.    105.     0.     0.   1.00    -29.      0.      0.      0.      0.      0.


Station=  WAGE , Soil=  2, Manage=  1, Rotat=  3 YrRot=  2 , NYear=  7 , NRot=  6 , Crop=  2, Irr.=  2, IOPT=  2,                  Runof=0.10, CO2=550. , StYear=1969, StDay=  1

 Planting on day 100, 1970
 Crop emergence on day   0, 1970
 Wageningen, long rotation 3, soil2, future                                      

 DAY  YEAR  WLVG    WLVD    WST    WSO     TAGB    TSUML    DVS    LAI  TRANRF  SMACT  SMACTL   RD    TRAIN   TIRR   TTRANS  TESOIL  TDRAIN  TRUNOF    WTOT   WAVT    WTOTL     WAVTL  WTOTLX  PARAB    PAR    NNI   NMINT  NMIN    NUPT     NFIX   NLIV   NLOSS  
  100  70      0.      0.      0.      0.      0.      0.   0.00   0.00   1.00   0.42   0.42     10.    883.     40.    260.    241.    258.     88.     42.     22.    462.    242.    126.     0.     0.   1.00      0.     30.      0.      0.      0.      0.
  110  70      0.      0.      0.      0.      0.      0.   0.00   0.00   1.00   0.38   0.42     10.    898.     40.    261.    255.    261.     90.     38.     18.    462.    242.    126.     0.    48.   1.00      0.     30.      0.      0.      0.      0.
  114  70      0.      0.      0.      0.      0.      0.   0.00   0.00   1.00   0.41   0.42     10.    905.     40.    261.    258.    261.     90.     41.     21.    462.    242.    126.     0.    61.   1.00      0.     30.      0.      0.      0.      0.
  120  70      1.      0.      0.      0.      1.     40.   0.06   0.00   1.00   0.41   0.42     17.    929.     40.    261.    272.    269.     93.     66.     34.    437.    229.    126.     0.   102.   1.00      4.     26.      0.      0.      0.      0.
  130  70      4.      0.      1.      0.      4.    151.   0.23   0.01   1.00   0.38   0.42     29.    935.     40.    261.    287.    269.     94.    107.     51.    386.    202.    126.     0.   186.   1.00     12.     18.      0.      0.      0.      0.
  140  70     20.      0.      7.      0.     26.    282.   0.43   0.04   1.00   0.38   0.42     41.    942.     40.    261.    298.    269.     94.    152.     72.    336.    176.    126.     1.   266.   1.00    102.     10.      1.      0.      1.      0.
  150  70     97.      0.     46.      0.    143.    389.   0.60   0.19   1.00   0.38   0.42     53.    950.     40.    262.    310.    269.     95.    197.     93.    286.    150.    126.     6.   346.   1.00    105.      3.      6.      0.      6.      0.
  160  70    625.      0.    398.      0.   1023.    529.   0.81   1.25   1.00   0.36   0.42     65.    951.     40.    272.    317.    269.     95.    231.    103.    235.    123.    126.    40.   457.   1.00     77.      0.     37.      0.     37.      0.
  170  70   1958.      0.   1603.     23.   3584.    682.   1.03   3.92   1.00   0.35   0.42     77.    960.     60.    301.    329.    269.     96.    269.    117.    185.     97.    126.   131.   575.   1.00    -11.      0.    125.      0.    125.      0.
  180  70   2836.    178.   2700.    727.   6441.    852.   1.16   5.67   1.00   0.33   0.42     89.    968.     60.    336.    331.    269.     97.    289.    113.    134.     70.    126.   221.   669.   1.00    -70.      0.    212.      0.    208.      4.
  190  70   2892.    536.   3192.   2055.   8675.    997.   1.26   5.78   1.00   0.35   0.42    101.   1018.     60.    365.    332.    269.    102.    354.    154.     84.     44.    126.   285.   734.   1.00   -100.      0.    242.      0.    230.     13.
  200  70   2399.   1200.   3491.   4213.  11303.   1141.   1.36   4.80   1.00   0.38   0.42    113.   1071.     60.    394.    334.    269.    107.    422.    198.     34.     18.    126.   359.   810.   1.00   -124.      0.    266.      0.    238.     29.
  210  70   1792.   1903.   3683.   5847.  13225.   1286.   1.47   3.58   1.00   0.40   0.00    120.   1100.     80.    418.    337.    269.    110.    475.    235.      0.      0.    126.   415.   869.   1.00   -140.      0.    282.      0.    236.     46.
  220  70   1321.   2505.   3438.   8087.  15860.   1460.   1.59   2.64   1.00   0.38   0.00    120.   1107.     80.    445.    340.    269.    111.    451.    211.      0.      0.    126.   495.   959.   1.00   -146.      0.    288.      0.    217.     71.
  230  70   1012.   2903.   2954.   9605.  17626.   1609.   1.70   2.03   1.00   0.39   0.00    120.   1130.    100.    463.    346.    269.    113.    468.    228.      0.      0.    126.   549.  1027.   1.00   -146.      0.    288.      0.    193.     95.
  240  70    787.   3209.   2524.  11021.  19243.   1759.   1.80   1.57   1.00   0.38   0.00    120.   1139.    100.    479.    352.    269.    114.    454.    214.      0.      0.    126.   599.  1098.   1.00   -146.      0.    288.      0.    174.    114.
  250  70    622.   3445.   2139.  12279.  20658.   1902.   1.91   1.24   1.00   0.36   0.00    120.   1142.    100.    492.    358.    269.    114.    437.    197.      0.      0.    126.   643.  1168.   1.00   -146.      0.    288.      0.    158.    130.
  260  70    478.   3625.   1781.  12931.  21382.   2040.   2.00   0.96   1.00   0.40   0.00    120.   1216.    100.    502.    368.    269.    122.    484.    244.      0.      0.    126.   665.  1209.   1.00   -146.      0.    288.      0.    145.    142.
  261  70    478.   3625.   1781.  12931.  21382.   2040.   2.00   0.96   1.00   0.40   0.00    120.   1216.    100.    502.    369.    269.    122.    483.    243.      0.      0.    126.   665.  1209.   1.00   -146.      0.    288.      0.    145.    142.
  269  70      0.      0.      0.      0.      0.      0.   0.00   0.00   1.00   0.40   0.00    120.   1216.    100.    502.    372.    269.    122.    479.    239.      0.      0.    126.     0.     0.   1.00   -146.      0.      0.      0.      0.      0.
  279  70      0.      0.      0.      0.      0.      0.   0.00   0.00   1.00   0.42   0.00    120.   1250.    100.    502.    379.    269.    125.    503.    263.      0.      0.    126.     0.     0.   1.00   -146.      0.      0.      0.      0.      0.
  289  70      0.      0.      0.      0.      0.      0.   0.00   0.00   1.00   0.42   0.00    120.   1253.    100.    502.    382.    270.    125.    502.    262.      0.      0.    126.     0.     0.   1.00   -146.      0.      0.      0.      0.      0.
  299  70      0.      0.      0.      0.      0.      0.   0.00   0.00   1.00   0.42   0.00    120.   1285.    100.    502.    385.    294.    128.    504.    264.      0.      0.    126.     0.     0.   1.00   -146.      0.      0.      0.      0.      0.
  309  70      0.      0.      0.      0.      0.      0.   0.00   0.00   1.00   0.42   0.00    120.   1348.    100.    502.    390.    346.    135.    504.    264.      0.      0.    126.     0.     0.   1.00   -146.      0.      0.      0.      0.      0.
  319  70      0.      0.      0.      0.      0.      0.   0.00   0.00   1.00   0.42   0.00    120.   1361.    100.    502.    393.    354.    136.    504.    264.      0.      0.    126.     0.     0.   1.00   -146.      0.      0.      0.      0.      0.
  329  70      0.      0.      0.      0.      0.      0.   0.00   0.00   1.00   0.42   0.00    120.   1384.    100.    502.    396.    372.    138.    504.    264.      0.      0.    126.     0.     0.   1.00   -146.      0.      0.      0.      0.      0.
  339  70      0.      0.      0.      0.      0.      0.   0.00   0.00   1.00   0.42   0.00    120.   1422.    100.    502.    398.    405.    142.    504.    264.      0.      0.    126.     0.     0.   1.00   -146.      0.      0.      0.      0.      0.
  349  70      0.      0.      0.      0.      0.      0.   0.00   0.00   1.00   0.42   0.00    120.   1431.    100.    502.    398.    413.    143.    504.    264.      0.      0.    126.     0.     0.   1.00   -146.      0.      0.      0.      0.      0.
  359  70      0.      0.      0.      0.      0.      0.   0.00   0.00   1.00   0.42   0.00    120.   1436.    100.    502.    398.    417.    144.    504.    264.      0.      0.    126.     0.     0.   1.00   -146.      0.      0.      0.      0.      0.
    4  71      0.      0.      0.      0.      0.      0.   0.00   0.00   1.00   0.42   0.00    120.   1442.    100.    502.    398.    422.    144.    504.    264.      0.      0.    126.     0.     0.   1.00   -146.      0.      0.      0.      0.      0.
   14  71      0.      0.      0.      0.      0.      0.   0.00   0.00   1.00   0.42   0.00    120.   1444.    100.    502.    398.    424.    144.    504.    264.      0.      0.    126.     0.     0.   1.00   -146.      0.      0.      0.      0.      0.
   24  71      0.      0.      0.      0.      0.      0.   0.00   0.00   1.00   0.42   0.00    120.   1469.    100.    502.    400.    445.    147.    504.    264.      0.      0.    126.     0.     0.   1.00   -146.      0.      0.      0.      0.      0.
   34  71      0.      0.      0.      0.      0.      0.   0.00   0.00   1.00   0.42   0.00    120.   1502.    100.    502.    402.    472.    150.    504.    264.      0.      0.    126.     0.     0.   1.00   -146.      0.      0.      0.      0.      0.
   44  71      0.      0.      0.      0.      0.      0.   0.00   0.00   1.00   0.42   0.00    120.   1509.    100.    502.    403.    478.    151.    504.    264.      0.      0.    126.     0.     0.   1.00   -146.      0.      0.      0.      0.      0.
   54  71      0.      0.      0.      0.      0.      0.   0.00   0.00   1.00   0.42   0.00    120.   1532.    100.    502.    406.    496.    153.    504.    264.      0.      0.    126.     0.     0.   1.00   -146.      0.      0.      0.      0.      0.
   64  71      0.      0.      0.      0.      0.      0.   0.00   0.00   1.00   0.42   0.00    120.   1537.    100.    502.    408.    499.    154.    504.    264.      0.      0.    126.     0.     0.   1.00   -146.      0.      0.      0.      0.      0.
   74  71      0.      0.      0.      0.      0.      0.   0.00   0.00   1.00   0.42   0.00    120.   1550.    100.    502.    411.    507.    155.    504.    264.      0.      0.    126.     0.     0.   1.00   -146.      0.      0.      0.      0.      0.
   84  71      0.      0.      0.      0.      0.      0.   0.00   0.00   1.00   0.42   0.00    120.   1570.    100.    502.    418.    518.    157.    504.    264.      0.      0.    126.     0.     0.   1.00   -146.      0.      0.      0.      0.      0.
   94  71      0.      0.      0.      0.      0.      0.   0.00   0.00   1.00   0.42   0.00    120.   1573.    100.    502.    422.    518.    157.    502.    262.      0.      0.    126.     0.     0.   1.00   -146.      0.      0.      0.      0.      0.
  104  71      0.      0.      0.      0.      0.      0.   0.00   0.00   1.00   0.42   0.00    120.   1573.    100.    502.    424.    518.    157.    500.    260.      0.      0.    126.     0.     0.   1.00   -146.      0.      0.      0.      0.      0.
  114  71      0.      0.      0.      0.      0.      0.   0.00   0.00   1.00   0.42   0.00    120.   1580.    100.    502.    430.    518.    158.    501.    261.      0.      0.    126.     0.     0.   1.00   -146.      0.      0.      0.      0.      0.


Station=  WAGE , Soil=  2, Manage=  1, Rotat=  3 YrRot=  3 , NYear=  7 , NRot=  6 , Crop=  3, Irr.=  2, IOPT=  2,                  Runof=0.10, CO2=550. , StYear=1969, StDay=  1

 Planting on day 120, 1971
 Crop emergence on day   0, 1971
 Wageningen, long rotation 3, soil2, future                                      

 DAY  YEAR  WLVG    WLVD    WST    WSO     TAGB    TSUML    DVS    LAI  TRANRF  SMACT  SMACTL   RD    TRAIN   TIRR   TTRANS  TESOIL  TDRAIN  TRUNOF    WTOT   WAVT    WTOTL     WAVTL  WTOTLX  PARAB    PAR    NNI   NMINT  NMIN    NUPT     NFIX   NLIV   NLOSS  
  120  71     19.      0.     11.      0.     30.      0.   0.00   0.05   1.00   0.41   0.42     10.   1592.    100.    502.    436.    522.    159.     41.     21.    377.    197.    209.     0.     0.   1.00      0.     30.      0.      0.      2.      0.
  130  71     19.      0.     11.      0.     30.      0.   0.00   0.05   1.00   0.33   0.42     10.   1599.    100.    504.    448.    522.    160.     33.     13.    377.    197.    209.     0.   104.   1.00      0.     30.      0.      0.      2.      0.
  132  71     19.      0.     11.      0.     30.      0.   0.00   0.05   0.90   0.27   0.42     10.   1599.    100.    504.    454.    522.    160.     27.      7.    377.    197.    209.     0.   129.   1.00      0.     30.      0.      0.      2.      0.
  140  71     97.      0.     60.      0.    157.     95.   0.14   0.28   1.00   0.40   0.42     20.   1642.    100.    505.    475.    526.    164.     73.     36.    343.    180.    210.     5.   196.   1.00     84.     24.      6.      0.      8.      0.
  150  71    442.      0.    271.      0.    714.    187.   0.27   1.16   1.00   0.39   0.42     32.   1660.    100.    511.    491.    526.    166.    119.     58.    292.    153.    210.    27.   276.   1.00     70.     16.     27.      0.     29.      0.
  160  71   1894.      0.   1269.      0.   3164.    309.   0.44   4.04   1.00   0.32   0.42     44.   1660.    100.    535.    498.    526.    166.    138.     53.    242.    127.    210.   102.   380.   1.00    -10.      9.    115.      0.    117.      0.
  170  71   2539.    119.   2119.      0.   4776.    399.   0.57   5.10   1.00   0.42   0.42     56.   1720.    120.    557.    502.    534.    172.    228.    120.    192.    100.    210.   159.   441.   1.00    -38.      2.    151.      0.    152.      1.
  180  71   3108.    425.   3718.      0.   7251.    502.   0.72   5.78   1.00   0.41   0.42     68.   1758.    120.    584.    504.    544.    176.    275.    142.    141.     74.    210.   228.   512.   1.00    -40.      0.    182.      0.    182.      2.
  190  71   3508.    900.   6899.      0.  11308.    630.   0.91   6.01   1.00   0.37   0.42     80.   1760.    120.    622.    505.    544.    176.    287.    130.     91.     48.    210.   336.   624.   1.00    -64.      0.    206.      0.    203.      5.
  200  71   3192.   1737.   9685.    504.  15118.    753.   1.07   5.24   1.00   0.33   0.42     92.   1760.    120.    656.    506.    544.    176.    302.    122.     40.     21.    210.   431.   721.   1.00    -83.      0.    225.      0.    218.      9.
  210  71   2353.   2741.  10356.   2150.  17600.    886.   1.22   3.80   1.00   0.36   0.09    100.   1789.    140.    680.    509.    544.    179.    362.    162.      0.      0.    210.   494.   789.   1.00    -92.      0.    234.      0.    221.     15.
  220  71   1604.   3490.  10356.   5385.  20835.   1033.   1.39   2.59   1.00   0.35   0.09    100.   1813.    140.    707.    515.    544.    181.    351.    151.      0.      0.    210.   565.   871.   1.00    -96.      0.    238.      0.    221.     18.
  230  71   1136.   3958.   9946.   6958.  22408.   1153.   1.53   1.83   1.00   0.36   0.09    100.   1823.    160.    722.    522.    544.    182.    358.    158.      0.      0.    210.   609.   932.   1.00    -96.      0.    238.      0.    217.     22.
  240  71    786.   4308.   8127.   8672.  24122.   1289.   1.69   1.27   1.00   0.36   0.09    100.   1852.    160.    736.    533.    544.    185.    358.    158.      0.      0.    210.   654.  1006.   1.00    -96.      0.    238.      0.    209.     31.
  250  71    561.   4533.   6640.   9536.  24987.   1404.   1.82   0.91   1.00   0.35   0.09    100.   1857.    160.    746.    540.    544.    186.    346.    146.      0.      0.    210.   684.  1069.   1.00    -96.      0.    238.      0.    203.     37.
  260  71    424.   4670.   5425.   9867.  25317.   1483.   1.92   0.68   1.00   0.34   0.09    100.   1858.    160.    752.    544.    544.    186.    337.    137.      0.      0.    210.   709.  1136.   1.00    -96.      0.    238.      0.    198.     42.
  269  71    332.   4762.   4616.   9957.  25407.   1558.   2.00   0.54   1.00   0.34   0.09    100.   1869.    160.    755.    548.    544.    187.    340.    140.      0.      0.    210.   724.  1182.   1.00    -96.      0.    238.      0.    195.     45.
  269  71      0.      0.      0.      0.      0.      0.   0.00   0.00   1.00   0.34   0.09    100.   1869.    160.    755.    549.    544.    187.    339.    139.      0.      0.    210.     0.     0.   1.00    -96.      0.      0.      0.      0.      0.
  279  71      0.      0.      0.      0.      0.      0.   0.00   0.00   1.00   0.34   0.09    100.   1875.    160.    755.    554.    544.    187.    340.    140.      0.      0.    210.     0.     0.   1.00    -96.      0.      0.      0.      0.      0.
  289  71      0.      0.      0.      0.      0.      0.   0.00   0.00   1.00   0.34   0.09    100.   1878.    160.    755.    557.    544.    188.    339.    139.      0.      0.    210.     0.     0.   1.00    -96.      0.      0.      0.      0.      0.
  299  71      0.      0.      0.      0.      0.      0.   0.00   0.00   1.00   0.35   0.09    100.   1898.    160.    755.    562.    544.    190.    352.    152.      0.      0.    210.     0.     0.   1.00    -96.      0.      0.      0.      0.      0.
  309  71      0.      0.      0.      0.      0.      0.   0.00   0.00   1.00   0.35   0.09    100.   1898.    160.    755.    564.    544.    190.    351.    151.      0.      0.    210.     0.     0.   1.00    -96.      0.      0.      0.      0.      0.
  319  71      0.      0.      0.      0.      0.      0.   0.00   0.00   1.00   0.36   0.09    100.   1909.    160.    755.    566.    544.    191.    358.    158.      0.      0.    210.     0.     0.   1.00    -96.      0.      0.      0.      0.      0.
  329  71      0.      0.      0.      0.      0.      0.   0.00   0.00   1.00   0.39   0.09    100.   1945.    160.    755.    569.    544.    195.    387.    187.      0.      0.    210.     0.     0.   1.00    -96.      0.      0.      0.      0.      0.
  339  71      0.      0.      0.      0.      0.      0.   0.00   0.00   1.00   0.40   0.09    100.   1957.    160.    755.    570.    544.    196.    398.    198.      0.      0.    210.     0.     0.   1.00    -96.      0.      0.      0.      0.      0.
  349  71      0.      0.      0.      0.      0.      0.   0.00   0.00   1.00   0.40   0.09    100.   1963.    160.    755.    571.    544.    196.    402.    202.      0.      0.    210.     0.     0.   1.00    -96.      0.      0.      0.      0.      0.
  359  71      0.      0.      0.      0.      0.      0.   0.00   0.00   1.00   0.42   0.09    100.   1984.    160.    755.    571.    545.    198.    420.    220.      0.      0.    210.     0.     0.   1.00    -96.      0.      0.      0.      0.      0.
    4  72      0.      0.      0.      0.      0.      0.   0.00   0.00   1.00   0.42   0.09    100.   1986.    160.    755.    571.    546.    199.    420.    220.      0.      0.    210.     0.     0.   1.00    -96.      0.      0.      0.      0.      0.
   14  72      0.      0.      0.      0.      0.      0.   0.00   0.00   1.00   0.42   0.09    100.   1991.    160.    755.    572.    550.    199.    420.    220.      0.      0.    210.     0.     0.   1.00    -96.      0.      0.      0.      0.      0.
   24  72      0.      0.      0.      0.      0.      0.   0.00   0.00   1.00   0.42   0.09    100.   2005.    160.    755.    573.    561.    200.    420.    220.      0.      0.    210.     0.     0.   1.00    -96.      0.      0.      0.      0.      0.
   34  72      0.      0.      0.      0.      0.      0.   0.00   0.00   1.00   0.42   0.09    100.   2018.    160.    755.    575.    571.    202.    420.    220.      0.      0.    210.     0.     0.   1.00    -96.      0.      0.      0.      0.      0.
   44  72      0.      0.      0.      0.      0.      0.   0.00   0.00   1.00   0.42   0.09    100.   2040.    160.    755.    579.    587.    204.    420.    220.      0.      0.    210.     0.     0.   1.00    -96.      0.      0.      0.      0.      0.
   54  72      0.      0.      0.      0.      0.      0.   0.00   0.00   1.00   0.42   0.09    100.   2045.    160.    755.    581.    590.    204.    420.    220.      0.      0.    210.     0.     0.   1.00    -96.      0.      0.      0.      0.      0.
   64  72      0.      0.      0.      0.      0.      0.   0.00   0.00   1.00   0.42   0.09    100.   2050.    160.    755.    583.    591.    205.    420.    220.      0.      0.    210.     0.     0.   1.00    -96.      0.      0.      0.      0.      0.
   74  72      0.      0.      0.      0.      0.      0.   0.00   0.00   1.00   0.42   0.09    100.   2061.    160.    755.    589.    599.    206.    418.    218.      0.      0.    210.     0.     0.   1.00    -96.      0.      0.      0.      0.      0.
   84  72      0.      0.      0.      0.      0.      0.   0.00   0.00   1.00   0.41   0.09    100.   2061.    160.    755.    594.    599.    206.    412.    212.      0.      0.    210.     0.     0.   1.00    -96.      0.      0.      0.      0.      0.
   94  72      0.      0.      0.      0.      0.      0.   0.00   0.00   1.00   0.42   0.09    100.   2101.    160.    755.    603.    618.    210.    420.    220.      0.      0.    210.     0.     0.   1.00    -96.      0.      0.      0.      0.      0.


Station=  WAGE , Soil=  2, Manage=  1, Rotat=  3 YrRot=  4 , NYear=  7 , NRot=  6 , Crop=  4, Irr.=  2, IOPT=  2,                  Runof=0.10, CO2=550. , StYear=1969, StDay=  1

 Planting on day 100, 1972
 Crop emergence on day   0, 1972
 Wageningen, long rotation 3, soil2, future                                      

 DAY  YEAR  WLVG    WLVD    WST    WSO     TAGB    TSUML    DVS    LAI  TRANRF  SMACT  SMACTL   RD    TRAIN   TIRR   TTRANS  TESOIL  TDRAIN  TRUNOF    WTOT   WAVT    WTOTL     WAVTL  WTOTLX  PARAB    PAR    NNI   NMINT  NMIN    NUPT     NFIX   NLIV   NLOSS  
  100  72     48.      0.     12.      0.     60.      0.   0.00   0.14   1.00   0.42   0.42     10.   2137.    160.    755.    613.    640.    214.     42.     22.    168.     88.    420.     0.     0.   1.00      0.     30.      0.      0.      4.      0.
  110  72     48.      0.     12.      0.     60.      0.   0.00   0.14   1.00   0.39   0.42     10.   2168.    160.    757.    626.    656.    217.     39.     19.    168.     88.    420.     0.    61.   1.00      0.     30.      0.      0.      4.      0.
  120  72     48.      0.     12.      0.     60.      0.   0.00   0.14   1.00   0.31   0.42     10.   2176.    160.    759.    639.    658.    218.     31.     11.    168.     88.    420.     0.   137.   1.00      0.     30.      0.      0.      4.      0.
  126  72     48.      0.     12.      0.     60.      0.   0.00   0.14   1.00   0.29   0.42     10.   2187.    160.    761.    648.    658.    219.     29.      9.    168.     88.    420.     0.   176.   1.00      0.     30.      0.      0.      4.      0.
  130  72    182.      0.     46.      0.    228.     52.   0.35   0.37   1.00   0.30   0.42     15.   2188.    160.    762.    652.    658.    219.     40.     13.    153.     80.    420.     6.   213.   1.00     -3.     27.      6.      0.      9.      0.
  140  72    742.      0.    185.      0.    927.    145.   0.97   2.04   1.00   0.42   0.42     27.   2246.    160.    770.    662.    674.    225.    108.     56.    102.     54.    420.    36.   264.   1.00     61.     20.     34.      0.     38.      0.
  150  72   2101.    110.    681.    385.   3278.    276.   1.11   6.13   1.00   0.40   0.42     39.   2275.    160.    802.    664.    674.    228.    150.     75.     52.     27.    420.   123.   354.   1.00    -18.     12.    120.      0.    121.      2.
  160  72   2369.    568.   1143.   1225.   5304.    409.   1.20   6.92   1.00   0.39   0.42     50.   2298.    160.    830.    664.    674.    230.    193.     94.      2.      1.    420.   194.   425.   1.00    -52.      4.    161.      0.    154.     11.
  170  72   2183.   1052.   1867.   3179.   8281.    534.   1.28   6.34   1.00   0.40  -0.00     50.   2314.    180.    862.    664.    674.    231.    198.     98.     -0.     -0.    420.   290.   521.   1.00    -84.      0.    198.      0.    180.     21.
  180  72   1889.   1346.   2116.   5213.  10564.    680.   1.37   5.49   1.00   0.40  -0.00     50.   2355.    180.    893.    665.    678.    236.    199.     99.     -0.     -0.    420.   364.   595.   1.00    -78.      0.    220.      0.    197.     27.
  190  72   1720.   1516.   2116.   7208.  12559.    835.   1.47   5.00   1.00   0.39  -0.00     50.   2385.    180.    919.    665.    681.    238.    196.     96.     -0.     -0.    420.   428.   660.   1.00    -98.      0.    240.      0.    214.     30.
  200  72   1318.   1918.   1837.  10328.  15679.    994.   1.58   3.83   1.00   0.35  -0.00     50.   2396.    180.    952.    666.    681.    240.    173.     73.     -0.     -0.    420.   527.   760.   1.00   -114.      0.    256.      0.    217.     43.
  210  72    879.   2356.   1501.  11400.  16751.   1197.   1.71   2.55   1.00   0.42  -0.00     50.   2461.    200.    981.    668.    691.    246.    210.    110.     -0.     -0.    420.   597.   833.   1.00   -118.      0.    260.      0.    207.     57.
  220  72    620.   2616.   1226.  12529.  17880.   1359.   1.81   1.80   1.00   0.38  -0.00     50.   2470.    200.   1002.    672.    693.    247.    192.     92.     -0.     -0.    420.   658.   902.   1.00   -118.      0.    260.      0.    197.     66.
  230  72    431.   2804.   1002.  13129.  18480.   1531.   1.92   1.25   1.00   0.40  -0.00     50.   2496.    220.   1021.    679.    703.    250.    199.     99.     -0.     -0.    420.   719.   980.   1.00   -118.      0.    260.      0.    190.     74.
  240  72    326.   2910.    835.  13275.  18626.   1654.   2.00   0.95   1.00   0.40  -0.00     50.   2518.    220.   1033.    687.    703.    252.    199.     99.     -0.     -0.    420.   761.  1043.   1.00   -118.      0.    260.      0.    185.     79.
  249  72      0.      0.      0.      0.      0.      0.   0.00   0.00   1.00   0.39  -0.00     50.   2518.    220.   1033.    690.    703.    252.    195.     95.     -0.     -0.    420.     0.     0.   1.00   -118.      0.      0.      0.      0.      0.
  259  72      0.      0.      0.      0.      0.      0.   0.00   0.00   1.00   0.42  -0.00     50.   2552.    220.   1033.    697.    713.    255.    209.    109.     -0.     -0.    420.     0.     0.   1.00   -118.      0.      0.      0.      0.      0.
  269  72      0.      0.      0.      0.      0.      0.   0.00   0.00   1.00   0.42  -0.00     50.   2562.    220.   1033.    701.    719.    256.    209.    109.     -0.     -0.    420.     0.     0.   1.00   -118.      0.      0.      0.      0.      0.


Station=  WAGE , Soil=  2, Manage=  1, Rotat=  3 YrRot=  5 , NYear=  7 , NRot=  6 , Crop=  5, Irr.=  2, IOPT=  2,                  Runof=0.10, CO2=550. , StYear=1969, StDay=  1

 Planting on day 270, 1972
 Crop emergence on day   0, 1972
 Wageningen, long rotation 3, soil2, future                                      

 DAY  YEAR  WLVG    WLVD    WST    WSO     TAGB    TSUML    DVS    LAI  TRANRF  SMACT  SMACTL   RD    TRAIN   TIRR   TTRANS  TESOIL  TDRAIN  TRUNOF    WTOT   WAVT    WTOTL     WAVTL  WTOTLX  PARAB    PAR    NNI   NMINT  NMIN    NUPT     NFIX   NLIV   NLOSS  
  270  72    137.      0.     59.      0.    195.      0.   0.00   0.30   1.00   0.42   0.42     10.   2562.    220.   1033.    701.    719.    256.     42.     22.    482.    252.    105.     0.     0.   1.00      0.     30.      0.      0.     11.      0.
  276  72    137.      0.     59.      0.    195.      0.   0.00   0.30   1.00   0.40   0.42     10.   2563.    220.   1034.    702.    719.    256.     40.     20.    482.    252.    105.     0.    25.   1.00      0.     30.      0.      0.     11.      0.
  280  72    223.      0.     95.      0.    318.      9.   0.04   0.43   1.00   0.39   0.42     15.   2563.    220.   1034.    704.    719.    256.     53.     26.    467.    244.    105.     4.    50.   1.00     -2.     27.      5.      0.     16.      0.
  290  72    392.      0.    168.      0.    561.     28.   0.11   0.91   1.00   0.39   0.42     27.   2563.    220.   1036.    705.    719.    256.    100.     49.    417.    218.    105.    16.    91.   1.00     -6.     20.     16.      0.     28.      0.
  300  72    538.      0.    231.      0.    769.     35.   0.14   1.23   1.00   0.42   0.42     39.   2579.    220.   1038.    707.    723.    258.    157.     82.    367.    192.    105.    28.   118.   1.00     -8.     12.     26.      0.     37.      0.
  310  72    739.      0.    317.      0.   1055.     38.   0.16   1.67   1.00   0.42   0.42     51.   2587.    220.   1039.    708.    727.    259.    207.    108.    317.    166.    105.    39.   138.   1.00    -16.      4.     42.      0.     53.      0.
  320  72    874.      0.    375.      0.   1249.     38.   0.16   1.96   1.00   0.42   0.42     63.   2634.    220.   1042.    711.    762.    263.    259.    136.    266.    139.    105.    46.   150.   1.00    -21.      0.     51.      0.     63.      0.
  330  72    987.      0.    423.      0.   1410.     38.   0.16   2.21   1.00   0.42   0.42     75.   2662.    220.   1044.    712.    784.    266.    309.    162.    216.    113.    105.    56.   165.   1.00    -30.      0.     60.      0.     71.      0.
  340  72   1105.      0.    474.      0.   1578.     38.   0.16   2.46   1.00   0.42   0.42     87.   2667.    220.   1046.    713.    786.    267.    360.    188.    165.     87.    105.    66.   179.   1.00    -37.      0.     67.      0.     79.      0.
  350  72   1238.      0.    530.      0.   1768.     38.   0.16   2.75   1.00   0.42   0.42     99.   2684.    220.   1048.    714.    800.    268.    409.    214.    115.     60.    105.    74.   189.   1.00    -48.      0.     78.      0.     89.      0.
  360  72   1260.      0.    540.      0.   1800.     38.   0.16   2.80   1.00   0.42   0.42    111.   2684.    220.   1049.    714.    800.    268.    458.    239.     65.     34.    105.    83.   201.   1.00    -50.      0.     80.      0.     91.      0.
    5  73   1283.      0.    550.      0.   1833.     38.   0.16   2.85   1.00   0.42   0.42    123.   2684.    220.   1051.    714.    800.    268.    507.    264.     14.      7.    105.    92.   212.   1.00    -51.      0.     81.      0.     92.      0.
   15  73   1307.      0.    560.      0.   1867.     38.   0.16   2.90   1.00   0.42   0.00    125.   2686.    220.   1051.    714.    800.    269.    522.    272.      0.      0.    105.    98.   220.   1.00    -53.      0.     83.      0.     95.      0.
   25  73   1361.      0.    583.      0.   1944.     38.   0.16   3.02   1.00   0.42   0.00    125.   2693.    220.   1053.    715.    801.    269.    525.    275.      0.      0.    105.   106.   231.   1.00    -56.      0.     86.      0.     97.      0.
   35  73   1485.      0.    636.      0.   2121.     38.   0.16   3.29   1.00   0.42   0.00    125.   2711.    220.   1055.    715.    815.    271.    525.    275.      0.      0.    105.   119.   246.   1.00    -66.      0.     96.      0.    107.      0.
   45  73   1561.      0.    669.      0.   2229.     39.   0.16   3.45   1.00   0.42   0.00    125.   2749.    220.   1058.    716.    845.    275.    525.    275.      0.      0.    105.   130.   259.   1.00    -71.      0.    101.      0.    113.      0.
   55  73   1644.      0.    704.      0.   2348.     41.   0.17   3.64   1.00   0.42   0.00    125.   2778.    220.   1062.    717.    866.    278.    525.    275.      0.      0.    105.   145.   277.   1.00    -75.      0.    105.      0.    116.      0.
   65  73   1820.      0.    780.      0.   2600.     46.   0.19   4.02   1.00   0.42   0.00    125.   2785.    220.   1066.    718.    868.    279.    524.    274.      0.      0.    105.   177.   314.   1.00    -82.      0.    112.      0.    123.      0.
   75  73   1977.     38.    866.      0.   2880.     52.   0.22   4.36   1.00   0.42   0.00    125.   2794.    220.   1073.    719.    873.    279.    519.    269.      0.      0.    105.   223.   366.   1.00    -95.      0.    125.      0.    136.      0.
   85  73   2184.    122.   1056.      0.   3362.     71.   0.30   4.80   1.00   0.41   0.00    125.   2800.    220.   1082.    720.    873.    280.    514.    264.      0.      0.    105.   268.   415.   1.00   -102.      0.    132.      0.    143.      1.
   95  73   2254.    268.   1286.      0.   3808.     90.   0.38   4.94   1.00   0.42   0.00    125.   2841.    220.   1094.    722.    886.    284.    525.    275.      0.      0.    105.   315.   465.   1.00   -106.      0.    136.      0.    146.      2.
  105  73   2313.    453.   1587.      0.   4354.    105.   0.44   5.06   1.00   0.42   0.00    125.   2859.    220.   1106.    724.    891.    286.    522.    272.      0.      0.    105.   372.   526.   1.00   -112.      0.    142.      0.    150.      3.
  115  73   2713.    716.   2612.      0.   6042.    143.   0.60   5.90   1.00   0.41   0.00    125.   2873.    220.   1124.    726.    891.    287.    516.    266.      0.      0.    105.   438.   596.   1.00   -123.      0.    153.      0.    160.      5.
  125  73   2771.   1142.   3695.      0.   7608.    205.   0.85   5.99   1.00   0.41   0.00    125.   2896.    220.   1141.    727.    891.    290.    518.    268.      0.      0.    105.   499.   659.   1.00   -132.      0.    162.      0.    165.      8.
  135  73   2618.   1684.   5549.     82.   9932.    286.   1.08   5.62   1.00   0.41   0.00    125.   2915.    220.   1163.    729.    891.    291.    511.    261.      0.      0.    105.   565.   728.   1.00    -52.      0.    166.      0.    165.     12.
  145  73   2171.   2402.   7180.    682.  12435.    396.   1.26   4.63   1.00   0.39   0.00    125.   2926.    220.   1195.    731.    891.    293.    486.    236.      0.      0.    105.   660.   829.   1.00    -65.      0.    179.      0.    173.     18.
  155  73   1576.   2996.   8100.   2157.  14829.    519.   1.47   3.36   1.00   0.39   0.00    125.   2956.    220.   1219.    736.    891.    296.    485.    235.      0.      0.    105.   728.   905.   1.00    -67.      0.    181.      0.    170.     22.
  165  73   1157.   3415.   7320.   4062.  17058.    635.   1.66   2.47   1.00   0.37   0.00    125.   2956.    220.   1243.    740.    891.    296.    457.    207.      0.      0.    105.   810.  1007.   1.00    -67.      0.    181.      0.    162.     30.
  175  73    816.   3756.   5991.   5294.  18302.    779.   1.90   1.74   1.00   0.35   0.00    125.   2956.    240.   1270.    752.    891.    296.    438.    188.      0.      0.    105.   894.  1130.   1.00    -39.      0.    181.      0.    154.     38.
  180  73    695.   3877.   5526.   5391.  18399.    851.   2.02   1.48   1.00   0.35   0.00    125.   2969.    240.   1281.    758.    891.    297.    432.    182.      0.      0.    105.   922.  1178.   1.00    -39.      0.    181.      0.    151.     41.
  184  73      0.      0.      0.      0.      0.      0.   0.00   0.00   1.00   0.34   0.00    125.   2969.    240.   1281.    766.    891.    297.    424.    174.      0.      0.    105.     0.     0.   1.00    -39.      0.      0.      0.      0.      0.
  194  73      0.      0.      0.      0.      0.      0.   0.00   0.00   1.00   0.34   0.00    125.   2978.    240.   1281.    777.    891.    298.    421.    171.      0.      0.    105.     0.     0.   1.00    -39.      0.      0.      0.      0.      0.
  204  73      0.      0.      0.      0.      0.      0.   0.00   0.00   1.00   0.35   0.00    125.   3009.    240.   1281.    793.    891.    301.    434.    184.      0.      0.    105.     0.     0.   1.00    -39.      0.      0.      0.      0.      0.
  214  73      0.      0.      0.      0.      0.      0.   0.00   0.00   1.00   0.35   0.00    125.   3025.    240.   1281.    805.    891.    302.    435.    185.      0.      0.    105.     0.     0.   1.00    -39.      0.      0.      0.      0.      0.
  224  73      0.      0.      0.      0.      0.      0.   0.00   0.00   1.00   0.35   0.00    125.   3046.    240.   1281.    819.    891.    305.    440.    190.      0.      0.    105.     0.     0.   1.00    -39.      0.      0.      0.      0.      0.
  234  73      0.      0.      0.      0.      0.      0.   0.00   0.00   1.00   0.35   0.00    125.   3046.    240.   1281.    825.    891.    305.    434.    184.      0.      0.    105.     0.     0.   1.00    -39.      0.      0.      0.      0.      0.
  244  73      0.      0.      0.      0.      0.      0.   0.00   0.00   1.00   0.36   0.00    125.   3069.    240.   1281.    831.    891.    307.    450.    200.      0.      0.    105.     0.     0.   1.00    -39.      0.      0.      0.      0.      0.
  254  73      0.      0.      0.      0.      0.      0.   0.00   0.00   1.00   0.36   0.00    125.   3072.    240.   1281.    837.    891.    307.    447.    197.      0.      0.    105.     0.     0.   1.00    -39.      0.      0.      0.      0.      0.
  264  73      0.      0.      0.      0.      0.      0.   0.00   0.00   1.00   0.37   0.00    125.   3096.    240.   1281.    845.    891.    310.    460.    210.      0.      0.    105.     0.     0.   1.00    -39.      0.      0.      0.      0.      0.
  274  73      0.      0.      0.      0.      0.      0.   0.00   0.00   1.00   0.39   0.00    125.   3132.    240.   1281.    851.    891.    313.    486.    236.      0.      0.    105.     0.     0.   1.00    -39.      0.      0.      0.      0.      0.
  276  73      0.      0.      0.      0.      0.      0.   0.00   0.00   1.00   0.39   0.00    125.   3132.    240.   1281.    851.    891.    313.    486.    236.      0.      0.    105.     0.     0.   1.00    -39.      0.      0.      0.      0.      0.
  284  73      0.      0.      0.      0.      0.      0.   0.00   0.00   1.00   0.40   0.00    125.   3152.    240.   1281.    854.    891.    315.    501.    251.      0.      0.    105.     0.     0.   1.00    -39.      0.      0.      0.      0.      0.
  294  73      0.      0.      0.      0.      0.      0.   0.00   0.00   1.00   0.42   0.00    125.   3212.    240.   1281.    857.    918.    321.    525.    275.      0.      0.    105.     0.     0.   1.00    -39.      0.      0.      0.      0.      0.
  304  73      0.      0.      0.      0.      0.      0.   0.00   0.00   1.00   0.42   0.00    125.   3218.    240.   1281.    859.    922.    322.    525.    275.      0.      0.    105.     0.     0.   1.00    -39.      0.      0.      0.      0.      0.
  314  73      0.      0.      0.      0.      0.      0.   0.00   0.00   1.00   0.42   0.00    125.   3237.    240.   1281.    861.    937.    324.    525.    275.      0.      0.    105.     0.     0.   1.00    -39.      0.      0.      0.      0.      0.
  324  73      0.      0.      0.      0.      0.      0.   0.00   0.00   1.00   0.42   0.00    125.   3272.    240.   1281.    863.    965.    327.    525.    275.      0.      0.    105.     0.     0.   1.00    -39.      0.      0.      0.      0.      0.
  334  73      0.      0.      0.      0.      0.      0.   0.00   0.00   1.00   0.42   0.00    125.   3297.    240.   1281.    864.    987.    330.    525.    275.      0.      0.    105.     0.     0.   1.00    -39.      0.      0.      0.      0.      0.
  344  73      0.      0.      0.      0.      0.      0.   0.00   0.00   1.00   0.42   0.00    125.   3326.    240.   1281.    864.   1012.    333.    525.    275.      0.      0.    105.     0.     0.   1.00    -39.      0.      0.      0.      0.      0.
  354  73      0.      0.      0.      0.      0.      0.   0.00   0.00   1.00   0.42   0.00    125.   3355.    240.   1281.    866.   1037.    335.    525.    275.      0.      0.    105.     0.     0.   1.00    -39.      0.      0.      0.      0.      0.
  364  73      0.      0.      0.      0.      0.      0.   0.00   0.00   1.00   0.42   0.00    125.   3361.    240.   1281.    866.   1042.    336.    525.    275.      0.      0.    105.     0.     0.   1.00    -39.      0.      0.      0.      0.      0.
    9  74      0.      0.      0.      0.      0.      0.   0.00   0.00   1.00   0.42   0.00    125.   3375.    240.   1281.    868.   1053.    337.    525.    275.      0.      0.    105.     0.     0.   1.00    -39.      0.      0.      0.      0.      0.
   19  74      0.      0.      0.      0.      0.      0.   0.00   0.00   1.00   0.42   0.00    125.   3404.    240.   1281.    872.   1076.    340.    525.    275.      0.      0.    105.     0.     0.   1.00    -39.      0.      0.      0.      0.      0.
   29  74      0.      0.      0.      0.      0.      0.   0.00   0.00   1.00   0.42   0.00    125.   3418.    240.   1281.    874.   1085.    342.    525.    275.      0.      0.    105.     0.     0.   1.00    -39.      0.      0.      0.      0.      0.
   39  74      0.      0.      0.      0.      0.      0.   0.00   0.00   1.00   0.42   0.00    125.   3426.    240.   1281.    876.   1091.    343.    525.    275.      0.      0.    105.     0.     0.   1.00    -39.      0.      0.      0.      0.      0.
   49  74      0.      0.      0.      0.      0.      0.   0.00   0.00   1.00   0.42   0.00    125.   3445.    240.   1281.    880.   1105.    345.    524.    274.      0.      0.    105.     0.     0.   1.00    -39.      0.      0.      0.      0.      0.
   59  74      0.      0.      0.      0.      0.      0.   0.00   0.00   1.00   0.42   0.00    125.   3449.    240.   1281.    881.   1107.    345.    525.    275.      0.      0.    105.     0.     0.   1.00    -39.      0.      0.      0.      0.      0.
   69  74      0.      0.      0.      0.      0.      0.   0.00   0.00   1.00   0.42   0.00    125.   3467.    240.   1281.    884.   1121.    347.    524.    274.      0.      0.    105.     0.     0.   1.00    -39.      0.      0.      0.      0.      0.
   79  74      0.      0.      0.      0.      0.      0.   0.00   0.00   1.00   0.42   0.00    125.   3496.    240.   1281.    889.   1142.    350.    525.    275.      0.      0.    105.     0.     0.   1.00    -39.      0.      0.      0.      0.      0.


Station=  WAGE , Soil=  2, Manage=  1, Rotat=  3 YrRot=  6 , NYear=  7 , NRot=  6 , Crop=  6, Irr.=  2, IOPT=  2,                  Runof=0.10, CO2=550. , StYear=1969, StDay=  1

 Planting on day  80, 1974
 Crop emergence on day   0, 1974
 Wageningen, long rotation 3, soil2, future                                      

 DAY  YEAR  WLVG    WLVD    WST    WSO     TAGB    TSUML    DVS    LAI  TRANRF  SMACT  SMACTL   RD    TRAIN   TIRR   TTRANS  TESOIL  TDRAIN  TRUNOF    WTOT   WAVT    WTOTL     WAVTL  WTOTLX  PARAB    PAR    NNI   NMINT  NMIN    NUPT     NFIX   NLIV   NLOSS  
   80  74     11.      0.     11.      0.     22.      0.   0.00   0.03   1.00   0.42   0.42     10.   3503.    240.   1281.    889.   1147.    350.     42.     22.    378.    198.    210.     0.     0.   1.00      0.     30.      0.      0.      2.      0.
   90  74     11.      0.     11.      0.     22.      0.   0.00   0.03   1.00   0.35   0.42     10.   3504.    240.   1282.    897.   1147.    350.     35.     15.    378.    198.    210.     0.    55.   1.00      0.     30.      0.      0.      2.      0.
  100  74     45.      0.     43.      0.     88.    132.   0.16   0.15   1.00   0.35   0.42     22.   3504.    240.   1283.    903.   1147.    350.     73.     32.    332.    174.    210.     5.   141.   1.00      7.     22.      1.      3.      5.      0.
  110  74    112.      0.    100.      0.    212.    227.   0.27   0.38   1.00   0.35   0.42     34.   3504.    240.   1286.    908.   1147.    350.    116.     51.    282.    148.    210.    23.   233.   1.00     13.     15.      2.      8.     12.      0.
  120  74    237.      0.    198.      0.    436.    309.   0.37   0.87   1.00   0.37   0.42     46.   3514.    240.   1291.    914.   1147.    351.    164.     74.    232.    121.    210.    46.   306.   1.00     19.      8.      4.     14.     20.      0.
  130  74    589.      0.    452.      0.   1041.    414.   0.50   2.31   1.00   0.36   0.42     58.   3515.    240.   1301.    917.   1147.    351.    202.     88.    181.     95.    210.    84.   362.   1.00     22.      0.      8.     30.     40.      0.
  140  74   1657.     56.   1289.     63.   3066.    571.   0.69   6.81   1.00   0.36   0.42     70.   3548.    240.   1332.    920.   1147.    355.    249.    111.    131.     69.    210.   175.   458.   1.00     92.      0.     22.     88.    111.      1.
  150  74   2008.    545.   2179.    311.   5043.    711.   0.85   8.32   1.00   0.34   0.42     82.   3558.    240.   1362.    920.   1147.    356.    278.    116.     81.     42.    210.   266.   549.   1.00     83.      0.     31.    125.    153.      6.
  160  74   1953.   1181.   3106.    716.   6956.    848.   1.01   8.12   1.00   0.36   0.42     94.   3601.    240.   1393.    920.   1147.    360.    336.    150.     30.     16.    210.   357.   641.   1.00     75.      0.     39.    156.    184.     13.
  170  74   1830.   1828.   4322.   1902.   9882.   1016.   1.14   7.63   1.00   0.36   0.09    100.   3615.    260.   1429.    920.   1147.    362.    363.    163.      0.      0.    210.   464.   747.   1.00     64.      0.     50.    198.    230.     20.
  180  74   1451.   2392.   5152.   3955.  12950.   1194.   1.27   6.05   1.00   0.34   0.09    100.   3630.    260.   1461.    921.   1147.    363.    344.    144.      0.      0.    210.   558.   842.   1.00     78.      0.     64.    256.    297.     26.
  190  74   1097.   2810.   5568.   5700.  15175.   1363.   1.39   4.58   1.00   0.35   0.09    100.   3672.    260.   1487.    922.   1147.    367.    355.    155.      0.      0.    210.   631.   916.   1.00     73.      0.     69.    275.    315.     30.
  200  74    810.   3123.   5641.   7358.  17048.   1532.   1.52   3.38   1.00   0.34   0.09    100.   3688.    260.   1513.    924.   1147.    369.    340.    140.      0.      0.    210.   703.   991.   1.00     73.      0.     69.    275.    311.     34.
  210  74    585.   3349.   4618.   8739.  18439.   1699.   1.64   2.44   1.00   0.35   0.09    100.   3700.    280.   1535.    927.   1147.    370.    346.    146.      0.      0.    210.   767.  1062.   1.00     73.      0.     69.    275.    300.     45.
  220  74    418.   3515.   3775.   9762.  19463.   1872.   1.77   1.74   1.00   0.33   0.09    100.   3709.    280.   1555.    931.   1147.    371.    329.    129.      0.      0.    210.   830.  1139.   1.00     73.      0.     69.    275.    291.     54.
  230  74    291.   3642.   3084.  10299.  20000.   2063.   1.91   1.22   1.00   0.38   0.09    100.   3766.    300.   1571.    940.   1147.    377.    377.    177.      0.      0.    210.   878.  1210.   1.00     73.      0.     69.    275.    284.     61.
  238  74    230.   3703.   2677.  10560.  20261.   2184.   2.00   0.96   1.00   0.36   0.09    100.   3768.    300.   1581.    945.   1147.    377.    363.    163.      0.      0.    210.   918.  1278.   1.00     73.      0.     69.    275.    280.     65.
  239  74      0.      0.      0.      0.      0.      0.   0.00   0.00   1.00   0.38   0.09    100.   3787.    300.   1581.    949.   1147.    379.    377.    177.      0.      0.    210.     0.     0.   1.00     73.      0.      0.      0.      0.      0.
  249  74      0.      0.      0.      0.      0.      0.   0.00   0.00   1.00   0.41   0.09    100.   3836.    300.   1581.    959.   1147.    384.    410.    210.      0.      0.    210.     0.     0.   1.00     73.      0.      0.      0.      0.      0.
  259  74      0.      0.      0.      0.      0.      0.   0.00   0.00   1.00   0.42   0.09    100.   3856.    300.   1581.    969.   1147.    386.    418.    218.      0.      0.    210.     0.     0.   1.00     73.      0.      0.      0.      0.      0.
  269  74      0.      0.      0.      0.      0.      0.   0.00   0.00   1.00   0.42   0.09    100.   3897.    300.   1581.    975.   1177.    390.    420.    220.      0.      0.    210.     0.     0.   1.00     73.      0.      0.      0.      0.      0.
  279  74      0.      0.      0.      0.      0.      0.   0.00   0.00   1.00   0.42   0.09    100.   3928.    300.   1581.    980.   1200.    393.    420.    220.      0.      0.    210.     0.     0.   1.00     73.      0.      0.      0.      0.      0.
  289  74      0.      0.      0.      0.      0.      0.   0.00   0.00   1.00   0.42   0.09    100.   3948.    300.   1581.    983.   1214.    395.    420.    220.      0.      0.    210.     0.     0.   1.00     73.      0.      0.      0.      0.      0.
  299  74      0.      0.      0.      0.      0.      0.   0.00   0.00   1.00   0.42   0.09    100.   3992.    300.   1581.    986.   1250.    399.    420.    220.      0.      0.    210.     0.     0.   1.00     73.      0.      0.      0.      0.      0.
  309  74      0.      0.      0.      0.      0.      0.   0.00   0.00   1.00   0.42   0.09    100.   4041.    300.   1581.    989.   1291.    404.    420.    220.      0.      0.    210.     0.     0.   1.00     73.      0.      0.      0.      0.      0.
  319  74      0.      0.      0.      0.      0.      0.   0.00   0.00   1.00   0.42   0.09    100.   4057.    300.   1581.    993.   1302.    406.    420.    220.      0.      0.    210.     0.     0.   1.00     73.      0.      0.      0.      0.      0.
  329  74      0.      0.      0.      0.      0.      0.   0.00   0.00   1.00   0.42   0.09    100.   4099.    300.   1581.    997.   1336.    410.    420.    220.      0.      0.    210.     0.     0.   1.00     73.      0.      0.      0.      0.      0.
  339  74      0.      0.      0.      0.      0.      0.   0.00   0.00   1.00   0.42   0.09    100.   4134.    300.   1581.   1001.   1363.    413.    420.    220.      0.      0.    210.     0.     0.   1.00     73.      0.      0.      0.      0.      0.
  349  74      0.      0.      0.      0.      0.      0.   0.00   0.00   1.00   0.42   0.09    100.   4176.    300.   1581.   1004.   1398.    418.    420.    220.      0.      0.    210.     0.     0.   1.00     73.      0.      0.      0.      0.      0.
  359  74      0.      0.      0.      0.      0.      0.   0.00   0.00   1.00   0.42   0.09    100.   4200.    300.   1581.   1008.   1415.    420.    420.    220.      0.      0.    210.     0.     0.   1.00     73.      0.      0.      0.      0.      0.
    4  75      0.      0.      0.      0.      0.      0.   0.00   0.00   1.00   0.42   0.09    100.   4239.    300.   1581.   1014.   1445.    424.    420.    220.      0.      0.    210.     0.     0.   1.00     73.      0.      0.      0.      0.      0.
   14  75      0.      0.      0.      0.      0.      0.   0.00   0.00   1.00   0.42   0.09    100.   4263.    300.   1581.   1016.   1466.    426.    419.    219.      0.      0.    210.     0.     0.   1.00     73.      0.      0.      0.      0.      0.


Station=  WAGE , Soil=  2, Manage=  1, Rotat=  3 YrRot=  1 , NYear=  7 , NRot=  6 , Crop=  1, Irr.=  2, IOPT=  2,                  Runof=0.10, CO2=550. , StYear=1969, StDay=  1

 Planting on day   0, 1975
 Crop emergence on day  20, 1975
 Wageningen, long rotation 3, soil2, future                                      

 DAY  YEAR  WLVG    WLVD    WST    WSO     TAGB    TSUML    DVS    LAI  TRANRF  SMACT  SMACTL   RD    TRAIN   TIRR   TTRANS  TESOIL  TDRAIN  TRUNOF    WTOT   WAVT    WTOTL     WAVTL  WTOTLX  PARAB    PAR    NNI   NMINT  NMIN    NUPT     NFIX   NLIV   NLOSS  
   20  75     68.      0.     37.      0.    105.      0.   0.00   0.14   1.00   0.42   0.42     10.   4278.    300.   1581.   1019.   1475.    428.     42.     22.    483.    253.    105.     0.     0.   1.00      0.     30.      0.      0.      8.      0.
   30  75     77.      0.     41.      0.    118.      0.   0.00   0.26   1.00   0.42   0.42     22.   4320.    300.   1582.   1026.   1506.    432.     87.     46.    438.    229.    105.     2.    14.   1.00      7.     22.      1.      0.      9.      0.
   40  75     88.      0.     48.      0.    136.      0.   0.00   0.44   1.00   0.42   0.42     34.   4332.    300.   1583.   1028.   1514.    433.    136.     71.    387.    203.    105.     7.    40.   1.00     13.     15.      2.      0.     11.      0.
   50  75    107.      0.     57.      0.    164.      1.   0.00   0.68   1.00   0.42   0.42     46.   4350.    300.   1584.   1031.   1526.    435.    188.     99.    337.    176.    105.    13.    63.   1.00     19.      8.      4.      0.     12.      0.
   60  75    138.      0.     75.      0.    213.      5.   0.01   0.82   1.00   0.41   0.42     58.   4350.    300.   1586.   1032.   1526.    435.    235.    121.    286.    150.    105.    30.   108.   1.00     21.      0.      9.      0.     17.      0.
   70  75    220.      0.    119.      0.    339.     20.   0.03   0.99   1.00   0.42   0.42     70.   4374.    300.   1589.   1037.   1536.    437.    289.    151.    236.    124.    105.    40.   133.   1.00     13.      0.     17.      0.     26.      0.
   80  75    234.      0.    126.      0.    360.     34.   0.05   1.02   1.00   0.42   0.42     82.   4393.    300.   1591.   1041.   1547.    439.    339.    178.    186.     97.    105.    49.   152.   1.00     11.      0.     19.      0.     27.      0.
   90  75    293.      0.    158.      0.    451.     57.   0.08   1.15   1.00   0.42   0.42     94.   4427.    300.   1595.   1047.   1568.    443.    389.    203.    135.     71.    105.    73.   202.   1.00      5.      0.     25.      0.     33.      0.
  100  75    328.      0.    176.      0.    505.     87.   0.12   1.22   1.00   0.42   0.42    106.   4447.    300.   1600.   1054.   1574.    445.    440.    231.     85.     44.    105.    98.   251.   1.00      2.      0.     28.      0.     36.      0.
  110  75    460.      0.    241.      0.    700.    155.   0.21   1.50   1.00   0.42   0.42    118.   4474.    300.   1604.   1060.   1587.    447.    491.    257.     34.     18.    105.   117.   286.   1.00     -6.      0.     36.      0.     44.      0.
  120  75   1311.      0.    661.      0.   1972.    261.   0.36   3.30   1.00   0.41   0.00    125.   4484.    300.   1616.   1064.   1587.    448.    518.    268.      0.      0.    105.   173.   364.   1.00    -50.      0.     80.      0.     88.      0.
  130  75   2343.     70.   1544.      0.   3956.    376.   0.52   5.47   1.00   0.41   0.00    125.   4510.    300.   1637.   1068.   1587.    451.    517.    267.      0.      0.    105.   248.   445.   1.00    -99.      0.    129.      0.    137.      0.
  140  75   2806.    464.   3073.      0.   6344.    510.   0.71   6.38   1.00   0.41   0.00    125.   4525.    300.   1658.   1070.   1587.    453.    508.    258.      0.      0.    105.   325.   525.   1.00    -39.      0.    153.      0.    160.      2.
  150  75   2782.    973.   5539.      0.   9294.    636.   0.88   6.26   1.00   0.38   0.00    125.   4525.    300.   1687.   1070.   1587.    453.    478.    228.      0.      0.    105.   422.   624.   1.00    -61.      0.    175.      0.    179.      4.
  160  75   2342.   1456.   7192.   1220.  12211.    758.   1.04   5.27   1.00   0.37   0.00    125.   4543.    300.   1717.   1072.   1587.    454.    463.    213.      0.      0.    105.   519.   724.   1.00    -69.      0.    183.      0.    185.      6.
  170  75   1665.   2134.   7192.   4396.  15387.    935.   1.23   3.74   1.00   0.38   0.00    125.   4568.    320.   1747.   1075.   1587.    457.    472.    222.      0.      0.    105.   609.   821.   1.00    -76.      0.    190.      0.    190.      9.
  180  75   1179.   2619.   7192.   7130.  18120.   1114.   1.42   2.65   1.00   0.38   0.00    125.   4611.    320.   1771.   1081.   1587.    461.    480.    230.      0.      0.    105.   689.   915.   1.00    -53.      0.    195.      0.    193.     10.
  190  75    831.   2967.   6501.   9184.  20174.   1297.   1.61   1.87   1.00   0.38   0.00    125.   4637.    320.   1795.   1090.   1587.    464.    471.    221.      0.      0.    105.   765.  1017.   1.00    -53.      0.    195.      0.    190.     14.
  200  75    568.   3230.   5312.  10048.  21038.   1502.   1.82   1.28   1.00   0.38   0.00    125.   4670.    320.   1810.   1101.   1587.    467.    474.    224.      0.      0.    105.   813.  1094.   1.00    -53.      0.    195.      0.    186.     18.
  210  75    402.   3396.   4340.  10351.  21341.   1681.   2.01   0.90   1.00   0.40   0.00    125.   4704.    340.   1821.   1116.   1587.    470.    499.    249.      0.      0.    105.   848.  1168.   1.00    -53.      0.    195.      0.    183.     21.
  211  75    402.   3396.   4340.  10351.  21341.   1681.   2.01   0.90   1.00   0.40   0.00    125.   4704.    340.   1822.   1118.   1587.    470.    497.    247.      0.      0.    105.   848.  1168.   1.00    -53.      0.    195.      0.    183.     21.
  219  75      0.      0.      0.      0.      0.      0.   0.00   0.00   1.00   0.39   0.00    125.   4711.    340.   1822.   1134.   1587.    471.    486.    236.      0.      0.    105.     0.     0.   1.00    -53.      0.      0.      0.      0.      0.
  229  75      0.      0.      0.      0.      0.      0.   0.00   0.00   1.00   0.39   0.00    125.   4736.    340.   1822.   1152.   1587.    474.    491.    241.      0.      0.    105.     0.     0.   1.00    -53.      0.      0.      0.      0.      0.
  239  75      0.      0.      0.      0.      0.      0.   0.00   0.00   1.00   0.40   0.00    125.   4757.    340.   1822.   1164.   1587.    476.    498.    248.      0.      0.    105.     0.     0.   1.00    -53.      0.      0.      0.      0.      0.
  249  75      0.      0.      0.      0.      0.      0.   0.00   0.00   1.00   0.40   0.00    125.   4761.    340.   1822.   1171.   1587.    476.    495.    245.      0.      0.    105.     0.     0.   1.00    -53.      0.      0.      0.      0.      0.
  259  75      0.      0.      0.      0.      0.      0.   0.00   0.00   1.00   0.42   0.00    125.   4799.    340.   1822.   1181.   1587.    480.    519.    269.      0.      0.    105.     0.     0.   1.00    -53.      0.      0.      0.      0.      0.
  269  75      0.      0.      0.      0.      0.      0.   0.00   0.00   1.00   0.42   0.00    125.   4820.    340.   1822.   1189.   1593.    482.    525.    275.      0.      0.    105.     0.     0.   1.00    -53.      0.      0.      0.      0.      0.
  279  75      0.      0.      0.      0.      0.      0.   0.00   0.00   1.00   0.42   0.00    125.   4833.    340.   1822.   1198.   1598.    483.    522.    272.      0.      0.    105.     0.     0.   1.00    -53.      0.      0.      0.      0.      0.
  289  75      0.      0.      0.      0.      0.      0.   0.00   0.00   1.00   0.42   0.00    125.   4842.    340.   1822.   1201.   1600.    484.    525.    275.      0.      0.    105.     0.     0.   1.00    -53.      0.      0.      0.      0.      0.
  299  75      0.      0.      0.      0.      0.      0.   0.00   0.00   1.00   0.42   0.00    125.   4844.    340.   1822.   1202.   1601.    484.    525.    275.      0.      0.    105.     0.     0.   1.00    -53.      0.      0.      0.      0.      0.
  309  75      0.      0.      0.      0.      0.      0.   0.00   0.00   1.00   0.42   0.00    125.   4852.    340.   1822.   1204.   1606.    485.    525.    275.      0.      0.    105.     0.     0.   1.00    -53.      0.      0.      0.      0.      0.
  319  75      0.      0.      0.      0.      0.      0.   0.00   0.00   1.00   0.42   0.00    125.   4858.    340.   1822.   1204.   1611.    486.    525.    275.      0.      0.    105.     0.     0.   1.00    -53.      0.      0.      0.      0.      0.
  329  75      0.      0.      0.      0.      0.      0.   0.00   0.00   1.00   0.42   0.00    125.   4895.    340.   1822.   1206.   1642.    490.    525.    275.      0.      0.    105.     0.     0.   1.00    -53.      0.      0.      0.      0.      0.
  339  75      0.      0.      0.      0.      0.      0.   0.00   0.00   1.00   0.42   0.00    125.   4940.    340.   1822.   1209.   1681.    494.    525.    275.      0.      0.    105.     0.     0.   1.00    -53.      0.      0.      0.      0.      0.
  349  75      0.      0.      0.      0.      0.      0.   0.00   0.00   1.00   0.42   0.00    125.   4944.    340.   1822.   1209.   1683.    494.    525.    275.      0.      0.    105.     0.     0.   1.00    -53.      0.      0.      0.      0.      0.
  359  75      0.      0.      0.      0.      0.      0.   0.00   0.00   1.00   0.42   0.00    125.   4949.    340.   1822.   1210.   1687.    495.    525.    275.      0.      0.    105.     0.     0.   1.00    -53.      0.      0.      0.      0.      0.
    1  76      0.      0.      0.      0.      0.      0.   0.00   0.00   1.00   0.42   0.00    125.   4967.    340.   1822.   1212.   1702.    497.    525.    275.      0.      0.    105.     0.     0.   1.00    -53.      0.      0.      0.      0.      0.


DATA-FILE  WARO1PTS.OUT


Name of run: WARO6


Station=  WAGE , Soil=  2, Manage=  2, Rotat=  4 YrRot=  1 , NYear=  7 , NRot=  6 , Crop=  1, Irr.=  0, IOPT=  3,                  Runof=0.10, CO2=550. , StYear=1969, StDay=  1

 DAY  YEAR  WLVG    WLVD    WST    WSO     TAGB    TSUML    DVS    LAI  TRANRF  SMACT  SMACTL   RD    TRAIN   TIRR   TTRANS  TESOIL  TDRAIN  TRUNOF    WTOT   WAVT    WTOTL      WAVTL WTOTLX  PARAB    PAR    NNI   NMINT  NMIN    NUPT       NFIX   NLIV   NLOSS  
    1  69      0.      0.      0.      0.      0.      0.   0.00   0.00   1.00   0.37   0.37     10.   4967.    340.   1822.   1212.   1702.    497.    525.    275.      0.      0.    105.     0.     0.   1.00    -53.      0.      0.      0.      0.      0.
    3  69      0.      0.      0.      0.      0.      0.   0.00   0.00   1.00   0.40   0.37     10.      3.      0.      0.      0.      0.      0.     40.     20.    426.    196.     92.     0.     0.   1.00    -53.      0.      0.      0.      0.      0.
   13  69      0.      0.      0.      0.      0.      0.   0.00   0.00   1.00   0.40   0.37     10.      5.      0.      0.      1.      0.      0.     40.     20.    426.    196.     92.     0.     0.   1.00    -53.      0.      0.      0.      0.      0.


Station=  WAGE , Soil=  2, Manage=  2, Rotat=  4 YrRot=  1 , NYear=  7 , NRot=  6 , Crop=  1, Irr.=  0, IOPT=  3,                  Runof=0.10, CO2=550. , StYear=1969, StDay=  1

 Planting on day   0, 1969
 Crop emergence on day  20, 1969
 Wageningen, long rotation 4, soil2, future                                      

 DAY  YEAR  WLVG    WLVD    WST    WSO     TAGB    TSUML    DVS    LAI  TRANRF  SMACT  SMACTL   RD    TRAIN   TIRR   TTRANS  TESOIL  TDRAIN  TRUNOF    WTOT   WAVT    WTOTL     WAVTL  WTOTLX  PARAB    PAR    NNI   NMINT  NMIN    NUPT     NFIX   NLIV   NLOSS  
   20  69     68.      0.     37.      0.    105.      0.   0.00   0.14   1.00   0.42   0.38     10.     18.      0.      0.      3.      0.      2.     42.     22.    433.    203.     94.     0.     0.   1.00      0.     30.      0.      0.      8.      0.
   30  69     75.      0.     41.      0.    116.      0.   0.00   0.28   1.00   0.41   0.38     22.     34.      0.      0.      4.      0.      3.     86.     45.    401.    192.     94.     1.    10.   0.98      7.     22.      1.      0.      9.      0.
   40  69     83.      1.     45.      0.    128.      0.   0.00   0.42   1.00   0.42   0.39     34.     50.      0.      1.      8.      0.      5.    137.     72.    361.    176.     94.     4.    27.   1.00     13.     15.      2.      0.     10.      0.
   50  69     83.      1.     45.      0.    128.      0.   0.00   0.43   1.00   0.42   0.41     46.     69.      0.      1.      8.      0.      7.    188.     98.    326.    166.     94.    10.    53.   1.00     21.      8.      2.      0.     10.      0.
   60  69     96.      1.     53.      0.    151.      1.   0.00   0.56   1.00   0.42   0.42     58.     80.      0.      2.     11.      0.      8.    236.    123.    283.    147.     94.    16.    75.   1.00     27.      0.      3.      0.     12.      0.
   70  69    105.      2.     59.      0.    165.      6.   0.01   0.76   1.00   0.41   0.42     70.     83.      0.      4.     14.      0.      8.    284.    147.    233.    121.     94.    30.   119.   1.00     25.      0.      5.      0.     13.      0.
   80  69    127.      3.     72.      0.    202.     17.   0.02   0.81   1.00   0.42   0.42     82.    119.      0.      6.     18.     10.     12.    338.    177.    186.     97.    105.    38.   140.   0.96     23.      0.      7.      0.     15.      0.
   90  69    136.      4.     78.      0.    218.     32.   0.04   0.83   1.00   0.42   0.42     94.    126.      0.     10.     22.     10.     13.    387.    202.    135.     71.    105.    58.   190.   1.00     22.      0.      8.      0.     17.      0.
  100  69    374.     14.    257.      0.    645.     96.   0.13   1.30   1.00   0.40   0.42    106.    138.      0.     19.     30.     17.     14.    424.    215.     85.     44.    105.    91.   266.   0.86      0.      0.     30.      0.     38.      0.
  110  69    473.     70.    394.      0.    937.    154.   0.21   1.49   1.00   0.42   0.42    118.    184.      0.     28.     41.     25.     18.    487.    254.     34.     18.    105.   126.   326.   0.67      0.      0.     30.      0.     38.      0.
  120  69    666.    185.    797.      0.   1648.    249.   0.35   1.82   1.00   0.41   0.02    125.    212.      0.     39.     49.     35.     21.    518.    268.      0.      0.    105.   170.   397.   0.45      0.      0.     30.      0.     38.      1.
  130  69    711.    376.   1329.      0.   2416.    386.   0.54   1.89   1.00   0.40   0.02    125.    218.      0.     53.     56.     35.     22.    503.    253.      0.      0.    105.   218.   469.   0.38      0.      0.     30.      0.     37.      2.
  140  69    838.    490.   2165.      0.   3494.    545.   0.76   2.17   1.00   0.41   0.02    125.    257.      0.     71.     69.     35.     26.    507.    257.      0.      0.    105.   265.   537.   0.99     73.      0.     69.      0.     75.      2.
  150  69   1038.    500.   4113.      0.   5651.    693.   0.96   2.59   1.00   0.39   0.02    125.    275.      0.     92.     78.     35.     28.    494.    244.      0.      0.    105.   331.   623.   1.00     60.      0.     82.      0.     89.      2.
  160  69    834.    704.   4327.   1792.   7657.    833.   1.12   2.08   1.00   0.40   0.02    125.    316.      0.    113.     87.     35.     32.    501.    251.      0.      0.    105.   389.   700.   1.00     57.      0.     85.      0.     91.      3.
  170  69    574.    964.   4327.   4542.  10406.   1031.   1.33   1.43   1.00   0.38   0.02    125.    331.      0.    142.     99.     35.     33.    472.    222.      0.      0.    105.   467.   818.   0.90     98.      0.    100.      0.    104.      4.
  180  69    339.   1199.   4327.   5611.  11476.   1202.   1.51   0.90   1.00   0.37   0.02    125.    346.      0.    155.    113.     35.     35.    458.    208.      0.      0.    105.   506.   894.   0.37     98.      0.    100.      0.    104.      5.
  190  69    163.   1374.   3536.   5925.  11790.   1384.   1.70   0.52   1.00   0.36   0.02    125.    365.      0.    165.    129.     35.     37.    450.    200.      0.      0.    105.   536.   979.   0.19     98.      0.    100.      0.    101.      8.
  200  69     73.   1465.   2889.   5973.  11838.   1566.   1.89   0.31   1.00   0.35   0.02    125.    376.      0.    170.    146.     35.     38.    437.    187.      0.      0.    105.   554.  1060.   0.09     98.      0.    100.      0.     99.     10.
  206  69     47.   1491.   2611.   5978.  11843.   1673.   2.00   0.24   1.00   0.35   0.02    125.    389.      0.    174.    157.     35.     39.    434.    184.      0.      0.    105.   562.  1112.   0.06     98.      0.    100.      0.     98.     11.
  209  69      0.      0.      0.      0.      0.      0.   0.00   0.00   1.00   0.34   0.02    125.    389.      0.    174.    164.     35.     39.    428.    178.      0.      0.    105.     0.     0.   1.00     98.      0.      0.      0.      0.      0.
  219  69      0.      0.      0.      0.      0.      0.   0.00   0.00   1.00   0.33   0.02    125.    406.      0.    174.    188.     35.     41.    418.    168.      0.      0.    105.     0.     0.   1.00     98.      0.      0.      0.      0.      0.
  229  69      0.      0.      0.      0.      0.      0.   0.00   0.00   1.00   0.33   0.02    125.    434.      0.    174.    216.     35.     43.    416.    166.      0.      0.    105.     0.     0.   1.00     98.      0.      0.      0.      0.      0.
  239  69      0.      0.      0.      0.      0.      0.   0.00   0.00   1.00   0.37   0.02    125.    506.      0.    174.    238.     35.     51.    459.    209.      0.      0.    105.     0.     0.   1.00     98.      0.      0.      0.      0.      0.
  249  69      0.      0.      0.      0.      0.      0.   0.00   0.00   1.00   0.36   0.02    125.    518.      0.    174.    252.     35.     52.    456.    206.      0.      0.    105.     0.     0.   1.00     98.      0.      0.      0.      0.      0.
  259  69      0.      0.      0.      0.      0.      0.   0.00   0.00   1.00   0.36   0.02    125.    518.      0.    174.    258.     35.     52.    450.    200.      0.      0.    105.     0.     0.   1.00     98.      0.      0.      0.      0.      0.
  269  69      0.      0.      0.      0.      0.      0.   0.00   0.00   1.00   0.36   0.02    125.    524.      0.    174.    264.     35.     52.    448.    198.      0.      0.    105.     0.     0.   1.00     98.      0.      0.      0.      0.      0.
  279  69      0.      0.      0.      0.      0.      0.   0.00   0.00   1.00   0.36   0.02    125.    531.      0.    174.    272.     35.     53.    447.    197.      0.      0.    105.     0.     0.   1.00     98.      0.      0.      0.      0.      0.
  289  69      0.      0.      0.      0.      0.      0.   0.00   0.00   1.00   0.36   0.02    125.    532.      0.    174.    274.     35.     53.    446.    196.      0.      0.    105.     0.     0.   1.00     98.      0.      0.      0.      0.      0.
  299  69      0.      0.      0.      0.      0.      0.   0.00   0.00   1.00   0.36   0.02    125.    545.      0.    174.    281.     35.     55.    451.    201.      0.      0.    105.     0.     0.   1.00     98.      0.      0.      0.      0.      0.
  309  69      0.      0.      0.      0.      0.      0.   0.00   0.00   1.00   0.36   0.02    125.    554.      0.    174.    286.     35.     55.    454.    204.      0.      0.    105.     0.     0.   1.00     98.      0.      0.      0.      0.      0.
  319  69      0.      0.      0.      0.      0.      0.   0.00   0.00   1.00   0.39   0.02    125.    592.      0.    174.    292.     35.     59.    482.    232.      0.      0.    105.     0.     0.   1.00     98.      0.      0.      0.      0.      0.
  329  69      0.      0.      0.      0.      0.      0.   0.00   0.00   1.00   0.39   0.02    125.    599.      0.    174.    296.     35.     60.    484.    234.      0.      0.    105.     0.     0.   1.00     98.      0.      0.      0.      0.      0.
  339  69      0.      0.      0.      0.      0.      0.   0.00   0.00   1.00   0.40   0.02    125.    611.      0.    174.    296.     35.     61.    495.    245.      0.      0.    105.     0.     0.   1.00     98.      0.      0.      0.      0.      0.
  349  69      0.      0.      0.      0.      0.      0.   0.00   0.00   1.00   0.40   0.02    125.    621.      0.    174.    297.     35.     62.    504.    254.      0.      0.    105.     0.     0.   1.00     98.      0.      0.      0.      0.      0.
  359  69      0.      0.      0.      0.      0.      0.   0.00   0.00   1.00   0.42   0.02    125.    643.      0.    174.    298.     35.     64.    522.    272.      0.      0.    105.     0.     0.   1.00     98.      0.      0.      0.      0.      0.
    4  70      0.      0.      0.      0.      0.      0.   0.00   0.00   1.00   0.42   0.02    125.    648.      0.    174.    298.     36.     65.    525.    275.      0.      0.    105.     0.     0.   1.00     98.      0.      0.      0.      0.      0.
   14  70      0.      0.      0.      0.      0.      0.   0.00   0.00   1.00   0.42   0.02    125.    658.      0.    174.    300.     43.     66.    525.    275.      0.      0.    105.     0.     0.   1.00     98.      0.      0.      0.      0.      0.
   20  70      0.      0.      0.      0.      0.      0.   0.00   0.00   1.00   0.42   0.02    125.    663.      0.    174.    300.     47.     66.    525.    275.      0.      0.    105.     0.     0.   1.00     98.      0.      0.      0.      0.      0.
   24  70      0.      0.      0.      0.      0.      0.   0.00   0.00   1.00   0.42   0.02    125.    668.      0.    174.    301.     52.     67.    525.    275.      0.      0.    105.     0.     0.   1.00     98.      0.      0.      0.      0.      0.
   34  70      0.      0.      0.      0.      0.      0.   0.00   0.00   1.00   0.42   0.02    125.    700.      0.    174.    302.     80.     70.    525.    275.      0.      0.    105.     0.     0.   1.00     98.      0.      0.      0.      0.      0.
   44  70      0.      0.      0.      0.      0.      0.   0.00   0.00   1.00   0.42   0.02    125.    727.      0.    174.    305.    100.     73.    525.    275.      0.      0.    105.     0.     0.   1.00     98.      0.      0.      0.      0.      0.
   54  70      0.      0.      0.      0.      0.      0.   0.00   0.00   1.00   0.42   0.02    125.    777.      0.    174.    308.    143.     78.    525.    275.      0.      0.    105.     0.     0.   1.00     98.      0.      0.      0.      0.      0.
   64  70      0.      0.      0.      0.      0.      0.   0.00   0.00   1.00   0.42   0.02    125.    795.      0.    174.    313.    155.     80.    525.    275.      0.      0.    105.     0.     0.   1.00     98.      0.      0.      0.      0.      0.
   74  70      0.      0.      0.      0.      0.      0.   0.00   0.00   1.00   0.42   0.02    125.    799.      0.    174.    316.    156.     80.    524.    274.      0.      0.    105.     0.     0.   1.00     98.      0.      0.      0.      0.      0.
   84  70      0.      0.      0.      0.      0.      0.   0.00   0.00   1.00   0.42   0.02    125.    822.      0.    174.    321.    170.     82.    525.    275.      0.      0.    105.     0.     0.   1.00     98.      0.      0.      0.      0.      0.
   94  70      0.      0.      0.      0.      0.      0.   0.00   0.00   1.00   0.42   0.02    125.    854.      0.    174.    333.    188.     85.    523.    273.      0.      0.    105.     0.     0.   1.00     98.      0.      0.      0.      0.      0.


Station=  WAGE , Soil=  2, Manage=  2, Rotat=  4 YrRot=  2 , NYear=  7 , NRot=  6 , Crop=  2, Irr.=  0, IOPT=  3,                  Runof=0.10, CO2=550. , StYear=1969, StDay=  1

 Planting on day 100, 1970
 Crop emergence on day   0, 1970
 Wageningen, long rotation 4, soil2, future                                      

 DAY  YEAR  WLVG    WLVD    WST    WSO     TAGB    TSUML    DVS    LAI  TRANRF  SMACT  SMACTL   RD    TRAIN   TIRR   TTRANS  TESOIL  TDRAIN  TRUNOF    WTOT   WAVT    WTOTL     WAVTL  WTOTLX  PARAB    PAR    NNI   NMINT  NMIN    NUPT     NFIX   NLIV   NLOSS  
  100  70      0.      0.      0.      0.      0.      0.   0.00   0.00   1.00   0.42   0.42     10.    883.      0.    174.    339.    207.     88.     42.     22.    462.    242.    126.     0.     0.   0.00      0.     30.      0.      0.      0.      0.
  110  70      0.      0.      0.      0.      0.      0.   0.00   0.00   1.00   0.38   0.42     10.    898.      0.    174.    352.    211.     90.     38.     18.    462.    242.    126.     0.    48.   0.00      0.     30.      0.      0.      0.      0.
  114  70      0.      0.      0.      0.      0.      0.   0.00   0.00   1.00   0.41   0.42     10.    905.      0.    174.    356.    211.     90.     41.     21.    462.    242.    126.     0.    61.   1.00      0.     30.      0.      0.      0.      0.
  120  70      1.      0.      0.      0.      1.     40.   0.06   0.00   1.00   0.41   0.42     17.    929.      0.    174.    370.    219.     93.     66.     34.    437.    229.    126.     0.   102.   0.84      4.     26.      0.      0.      0.      0.
  130  70      2.      0.      1.      0.      3.    151.   0.23   0.00   1.00   0.38   0.42     29.    935.      0.    174.    384.    219.     94.    107.     51.    386.    202.    126.     0.   186.   0.70     12.     18.      0.      0.      0.      0.
  140  70      7.      1.      5.      0.     12.    282.   0.43   0.01   1.00   0.38   0.42     41.    942.      0.    174.    396.    219.     94.    152.     72.    336.    176.    126.     1.   266.   0.90    131.     10.      1.      0.      1.      0.
  150  70     21.      2.     17.      0.     40.    389.   0.60   0.04   1.00   0.38   0.42     53.    950.      0.    174.    408.    219.     95.    198.     94.    286.    150.    126.     2.   346.   0.88    137.      3.      2.      0.      2.      0.
  160  70     77.      7.     90.      0.    174.    529.   0.81   0.14   1.00   0.37   0.42     65.    951.      0.    176.    417.    219.     95.    239.    111.    235.    123.    126.     7.   457.   0.70    136.      0.      6.      0.      6.      0.
  170  70    241.     26.    362.      5.    635.    682.   1.03   0.43   1.00   0.35   0.42     77.    960.      0.    181.    440.    219.     96.    269.    117.    185.     97.    126.    25.   575.   0.66    179.      0.     19.      0.     19.      1.
  180  70    486.     62.    792.    261.   1601.    852.   1.16   0.87   1.00   0.35   0.42     89.    968.      0.    191.    452.    219.     97.    304.    128.    134.     70.    126.    57.   669.   0.91    153.      0.     45.      0.     44.      1.
  190  70    652.     87.   1059.    945.   2743.    997.   1.26   1.18   1.00   0.37   0.42    101.   1018.      0.    203.    468.    219.    102.    372.    172.     84.     44.    126.    90.   734.   0.89    136.      0.     62.      0.     60.      2.
  200  70    595.    235.   1237.   2181.   4248.   1141.   1.36   1.09   1.00   0.40   0.42    113.   1071.      0.    217.    480.    219.    107.    444.    220.     34.     18.    126.   133.   810.   0.95    119.      0.     79.      0.     73.      6.
  210  70    453.    423.   1338.   3016.   5230.   1286.   1.47   0.83   1.00   0.40   0.00    120.   1100.      0.    228.    495.    219.    110.    478.    238.      0.      0.    126.   161.   869.   0.95    108.      0.     90.      0.     80.     10.
  220  70    317.    609.   1272.   3988.   6374.   1460.   1.59   0.59   1.00   0.39   0.00    120.   1107.      0.    239.    506.    219.    111.    462.    222.      0.      0.    126.   197.   959.   0.56    104.      0.     94.      0.     76.     18.
  230  70    170.    766.   1076.   4294.   6730.   1609.   1.70   0.33   1.00   0.39   0.00    120.   1130.      0.    244.    521.    219.    113.    462.    222.      0.      0.    126.   216.  1027.   0.23    104.      0.     94.      0.     67.     27.
  240  70     78.    859.    887.   4366.   6813.   1759.   1.80   0.18   1.00   0.38   0.00    120.   1139.      0.    247.    534.    219.    114.    453.    213.      0.      0.    126.   227.  1098.   0.10    104.      0.     94.      0.     61.     33.
  250  70     34.    904.    726.   4378.   6826.   1902.   1.91   0.10   1.00   0.37   0.00    120.   1142.      0.    249.    545.    219.    114.    444.    204.      0.      0.    126.   234.  1168.   0.04    104.      0.     94.      0.     57.     38.
  257  70     19.    919.    630.   4378.   6826.   1999.   1.97   0.07   1.00   0.39   0.00    120.   1188.      0.    250.    557.    219.    119.    472.    232.      0.      0.    126.   236.  1198.   0.03    104.      0.     94.      0.     54.     40.
  257  70      0.      0.      0.      0.      0.      0.   0.00   0.00   1.00   0.39   0.00    120.   1192.      0.    250.    559.    219.    119.    474.    234.      0.      0.    126.     0.     0.   1.00    104.      0.      0.      0.      0.      0.
  258  70      0.      0.      0.      0.      0.      0.   0.00   0.00   1.00   0.40   0.00    120.   1199.      0.    250.    561.    219.    120.    478.    238.      0.      0.    126.     0.     0.   1.00    104.      0.      0.      0.      0.      0.
  268  70      0.      0.      0.      0.      0.      0.   0.00   0.00   1.00   0.41   0.00    120.   1223.      0.    250.    571.    219.    122.    490.    250.      0.      0.    126.     0.     0.   1.00    104.      0.      0.      0.      0.      0.
  278  70      0.      0.      0.      0.      0.      0.   0.00   0.00   1.00   0.42   0.00    120.   1257.      0.    250.    582.    224.    126.    504.    264.      0.      0.    126.     0.     0.   1.00    104.      0.      0.      0.      0.      0.
  288  70      0.      0.      0.      0.      0.      0.   0.00   0.00   1.00   0.42   0.00    120.   1260.      0.    250.    586.    225.    126.    502.    262.      0.      0.    126.     0.     0.   1.00    104.      0.      0.      0.      0.      0.
  298  70      0.      0.      0.      0.      0.      0.   0.00   0.00   1.00   0.42   0.00    120.   1290.      0.    250.    591.    245.    129.    504.    264.      0.      0.    126.     0.     0.   1.00    104.      0.      0.      0.      0.      0.
  308  70      0.      0.      0.      0.      0.      0.   0.00   0.00   1.00   0.42   0.00    120.   1351.      0.    250.    598.    295.    135.    502.    262.      0.      0.    126.     0.     0.   1.00    104.      0.      0.      0.      0.      0.
  318  70      0.      0.      0.      0.      0.      0.   0.00   0.00   1.00   0.42   0.00    120.   1368.      0.    250.    603.    303.    137.    504.    264.      0.      0.    126.     0.     0.   1.00    104.      0.      0.      0.      0.      0.
  328  70      0.      0.      0.      0.      0.      0.   0.00   0.00   1.00   0.42   0.00    120.   1391.      0.    250.    608.    318.    139.    504.    264.      0.      0.    126.     0.     0.   1.00    104.      0.      0.      0.      0.      0.
  338  70      0.      0.      0.      0.      0.      0.   0.00   0.00   1.00   0.42   0.00    120.   1415.      0.    250.    610.    338.    141.    503.    263.      0.      0.    126.     0.     0.   1.00    104.      0.      0.      0.      0.      0.
  348  70      0.      0.      0.      0.      0.      0.   0.00   0.00   1.00   0.42   0.00    120.   1438.      0.    250.    611.    358.    144.    504.    264.      0.      0.    126.     0.     0.   1.00    104.      0.      0.      0.      0.      0.
  358  70      0.      0.      0.      0.      0.      0.   0.00   0.00   1.00   0.42   0.00    120.   1443.      0.    250.    612.    362.    144.    504.    264.      0.      0.    126.     0.     0.   1.00    104.      0.      0.      0.      0.      0.
    3  71      0.      0.      0.      0.      0.      0.   0.00   0.00   1.00   0.42   0.00    120.   1449.      0.    250.    612.    367.    145.    504.    264.      0.      0.    126.     0.     0.   1.00    104.      0.      0.      0.      0.      0.
   13  71      0.      0.      0.      0.      0.      0.   0.00   0.00   1.00   0.42   0.00    120.   1451.      0.    250.    612.    369.    145.    504.    264.      0.      0.    126.     0.     0.   1.00    104.      0.      0.      0.      0.      0.
   23  71      0.      0.      0.      0.      0.      0.   0.00   0.00   1.00   0.42   0.00    120.   1464.      0.    250.    613.    380.    146.    504.    264.      0.      0.    126.     0.     0.   1.00    104.      0.      0.      0.      0.      0.
   33  71      0.      0.      0.      0.      0.      0.   0.00   0.00   1.00   0.42   0.00    120.   1507.      0.    250.    618.    414.    151.    504.    264.      0.      0.    126.     0.     0.   1.00    104.      0.      0.      0.      0.      0.
   43  71      0.      0.      0.      0.      0.      0.   0.00   0.00   1.00   0.42   0.00    120.   1513.      0.    250.    619.    417.    151.    504.    264.      0.      0.    126.     0.     0.   1.00    104.      0.      0.      0.      0.      0.
   53  71      0.      0.      0.      0.      0.      0.   0.00   0.00   1.00   0.42   0.00    120.   1539.      0.    250.    622.    438.    154.    504.    264.      0.      0.    126.     0.     0.   1.00    104.      0.      0.      0.      0.      0.
   63  71      0.      0.      0.      0.      0.      0.   0.00   0.00   1.00   0.42   0.00    120.   1544.      0.    250.    626.    439.    154.    504.    264.      0.      0.    126.     0.     0.   1.00    104.      0.      0.      0.      0.      0.
   73  71      0.      0.      0.      0.      0.      0.   0.00   0.00   1.00   0.42   0.00    120.   1556.      0.    250.    630.    446.    156.    503.    263.      0.      0.    126.     0.     0.   1.00    104.      0.      0.      0.      0.      0.
   83  71      0.      0.      0.      0.      0.      0.   0.00   0.00   1.00   0.42   0.00    120.   1575.      0.    250.    642.    451.    157.    503.    263.      0.      0.    126.     0.     0.   1.00    104.      0.      0.      0.      0.      0.
   93  71      0.      0.      0.      0.      0.      0.   0.00   0.00   1.00   0.42   0.00    120.   1580.      0.    250.    648.    452.    158.    501.    261.      0.      0.    126.     0.     0.   1.00    104.      0.      0.      0.      0.      0.
  103  71      0.      0.      0.      0.      0.      0.   0.00   0.00   1.00   0.41   0.00    120.   1580.      0.    250.    651.    452.    158.    497.    257.      0.      0.    126.     0.     0.   1.00    104.      0.      0.      0.      0.      0.
  113  71      0.      0.      0.      0.      0.      0.   0.00   0.00   1.00   0.41   0.00    120.   1584.      0.    250.    656.    452.    158.    496.    256.      0.      0.    126.     0.     0.   1.00    104.      0.      0.      0.      0.      0.
  114  71      0.      0.      0.      0.      0.      0.   0.00   0.00   1.00   0.41   0.00    120.   1588.      0.    250.    660.    452.    159.    496.    256.      0.      0.    126.     0.     0.   1.00    104.      0.      0.      0.      0.      0.


Station=  WAGE , Soil=  2, Manage=  2, Rotat=  4 YrRot=  3 , NYear=  7 , NRot=  6 , Crop=  3, Irr.=  0, IOPT=  3,                  Runof=0.10, CO2=550. , StYear=1969, StDay=  1

 Planting on day 120, 1971
 Crop emergence on day   0, 1971
 Wageningen, long rotation 4, soil2, future                                      

 DAY  YEAR  WLVG    WLVD    WST    WSO     TAGB    TSUML    DVS    LAI  TRANRF  SMACT  SMACTL   RD    TRAIN   TIRR   TTRANS  TESOIL  TDRAIN  TRUNOF    WTOT   WAVT    WTOTL     WAVTL  WTOTLX  PARAB    PAR    NNI   NMINT  NMIN    NUPT     NFIX   NLIV   NLOSS  
  120  71     19.      0.     11.      0.     30.      0.   0.00   0.05   1.00   0.40   0.42     10.   1599.      0.    250.    669.    452.    160.     40.     20.    375.    195.    208.     0.     0.   0.00      0.     30.      0.      0.      2.      0.
  130  71     19.      0.     11.      0.     30.      0.   0.00   0.05   1.00   0.33   0.42     10.   1607.      0.    251.    682.    452.    161.     33.     13.    375.    195.    208.     0.   104.   0.00      0.     30.      0.      0.      2.      0.
  132  71     19.      0.     11.      0.     30.      0.   0.00   0.05   0.86   0.26   0.42     10.   1607.      0.    251.    688.    452.    161.     26.      6.    375.    195.    208.     0.   129.   1.00      0.     30.      0.      0.      2.      0.
  140  71     73.      3.     60.      0.    136.     95.   0.14   0.21   1.00   0.40   0.42     20.   1649.      0.    252.    709.    452.    165.     73.     36.    343.    180.    210.     4.   196.   0.83    114.     24.      4.      0.      7.      0.
  150  71    286.     11.    236.      0.    534.    187.   0.27   0.74   1.00   0.39   0.42     32.   1667.      0.    256.    726.    452.    167.    119.     59.    292.    153.    210.    21.   276.   0.80    106.     16.     19.      0.     21.      0.
  160  71   1149.     54.   1107.      0.   2310.    309.   0.44   2.32   1.00   0.34   0.42     44.   1667.      0.    273.    736.    452.    167.    142.     58.    242.    127.    210.    77.   380.   0.92     55.      9.     78.      0.     80.      0.
  170  71   1742.     84.   1871.      0.   3697.    399.   0.57   3.31   1.00   0.41   0.42     56.   1727.      0.    291.    743.    452.    173.    221.    113.    192.    100.    210.   126.   441.   0.97     85.      2.    111.      0.    113.      0.
  180  71   2471.    135.   3391.      0.   5997.    502.   0.72   4.34   1.00   0.41   0.42     68.   1766.      0.    314.    748.    455.    177.    275.    143.    141.     74.    210.   190.   512.   1.00     50.      0.    148.      0.    150.      1.
  190  71   3124.    312.   6489.      0.   9926.    630.   0.91   5.07   1.00   0.37   0.42     80.   1767.      0.    350.    751.    455.    177.    288.    131.     91.     48.    210.   295.   624.   1.00     22.      0.    176.      0.    176.      2.
  200  71   2951.    997.   9224.    495.  13666.    753.   1.07   4.60   1.00   0.34   0.42     92.   1767.      0.    383.    752.    455.    177.    305.    124.     40.     21.    210.   388.   721.   1.00      2.      0.    196.      0.    192.      5.
  210  71   2182.   1926.   9878.   2095.  16081.    886.   1.22   3.36   1.00   0.34   0.09    100.   1796.      0.    406.    756.    455.    180.    344.    144.      0.      0.    210.   449.   789.   1.00      0.      0.    198.      0.    190.     10.
  220  71   1488.   2621.   9878.   5192.  19178.   1033.   1.39   2.29   1.00   0.33   0.09    100.   1820.      0.    432.    763.    455.    182.    334.    134.      0.      0.    210.   517.   871.   1.00      0.      0.    198.      0.    186.     14.
  230  71    994.   3114.   9487.   6638.  20624.   1153.   1.53   1.55   1.00   0.32   0.09    100.   1831.      0.    446.    770.    455.    183.    322.    122.      0.      0.    210.   558.   932.   0.78      0.      0.    198.      0.    182.     18.
  240  71    597.   3511.   7751.   8034.  22020.   1289.   1.69   0.98   1.00   0.32   0.09    100.   1859.      0.    458.    782.    455.    186.    322.    122.      0.      0.    210.   598.  1006.   0.64      0.      0.    198.      0.    174.     26.
  250  71    341.   3768.   6333.   8584.  22570.   1404.   1.82   0.62   1.00   0.31   0.09    100.   1864.      0.    466.    790.    455.    186.    311.    111.      0.      0.    210.   621.  1069.   0.49      0.      0.    198.      0.    168.     32.
  260  71    192.   3916.   5175.   8741.  22727.   1483.   1.92   0.41   1.00   0.30   0.09    100.   1865.      0.    470.    795.    455.    187.    304.    104.      0.      0.    210.   639.  1136.   0.38      0.      0.    198.      0.    163.     37.
  269  71    115.   3993.   4402.   8772.  22758.   1558.   2.00   0.29   1.00   0.31   0.09    100.   1876.      0.    472.    799.    455.    188.    307.    107.      0.      0.    210.   648.  1182.   0.35      0.      0.    198.      0.    160.     40.
  269  71      0.      0.      0.      0.      0.      0.   0.00   0.00   1.00   0.31   0.09    100.   1876.      0.    472.    800.    455.    188.    307.    107.      0.      0.    210.     0.     0.   1.00      0.      0.      0.      0.      0.      0.
  279  71      0.      0.      0.      0.      0.      0.   0.00   0.00   1.00   0.31   0.09    100.   1882.      0.    472.    805.    455.    188.    307.    107.      0.      0.    210.     0.     0.   1.00      0.      0.      0.      0.      0.      0.
  289  71      0.      0.      0.      0.      0.      0.   0.00   0.00   1.00   0.31   0.09    100.   1885.      0.    472.    808.    455.    189.    306.    106.      0.      0.    210.     0.     0.   1.00      0.      0.      0.      0.      0.      0.
  299  71      0.      0.      0.      0.      0.      0.   0.00   0.00   1.00   0.32   0.09    100.   1905.      0.    472.    815.    455.    191.    318.    118.      0.      0.    210.     0.     0.   1.00      0.      0.      0.      0.      0.      0.
  309  71      0.      0.      0.      0.      0.      0.   0.00   0.00   1.00   0.32   0.09    100.   1905.      0.    472.    816.    455.    191.    317.    117.      0.      0.    210.     0.     0.   1.00      0.      0.      0.      0.      0.      0.
  319  71      0.      0.      0.      0.      0.      0.   0.00   0.00   1.00   0.32   0.09    100.   1916.      0.    472.    819.    455.    192.    324.    124.      0.      0.    210.     0.     0.   1.00      0.      0.      0.      0.      0.      0.
  329  71      0.      0.      0.      0.      0.      0.   0.00   0.00   1.00   0.35   0.09    100.   1952.      0.    472.    823.    455.    195.    353.    153.      0.      0.    210.     0.     0.   1.00      0.      0.      0.      0.      0.      0.
  339  71      0.      0.      0.      0.      0.      0.   0.00   0.00   1.00   0.36   0.09    100.   1965.      0.    472.    823.    455.    196.    363.    163.      0.      0.    210.     0.     0.   1.00      0.      0.      0.      0.      0.      0.
  349  71      0.      0.      0.      0.      0.      0.   0.00   0.00   1.00   0.37   0.09    100.   1970.      0.    472.    824.    455.    197.    367.    167.      0.      0.    210.     0.     0.   1.00      0.      0.      0.      0.      0.      0.
  359  71      0.      0.      0.      0.      0.      0.   0.00   0.00   1.00   0.39   0.09    100.   1992.      0.    472.    825.    455.    199.    386.    186.      0.      0.    210.     0.     0.   1.00      0.      0.      0.      0.      0.      0.
    4  72      0.      0.      0.      0.      0.      0.   0.00   0.00   1.00   0.39   0.09    100.   1993.      0.    472.    825.    455.    199.    386.    186.      0.      0.    210.     0.     0.   1.00      0.      0.      0.      0.      0.      0.
   14  72      0.      0.      0.      0.      0.      0.   0.00   0.00   1.00   0.39   0.09    100.   1998.      0.    472.    826.    455.    200.    390.    190.      0.      0.    210.     0.     0.   1.00      0.      0.      0.      0.      0.      0.
   24  72      0.      0.      0.      0.      0.      0.   0.00   0.00   1.00   0.40   0.09    100.   2012.      0.    472.    827.    455.    201.    402.    202.      0.      0.    210.     0.     0.   1.00      0.      0.      0.      0.      0.      0.
   34  72      0.      0.      0.      0.      0.      0.   0.00   0.00   1.00   0.41   0.09    100.   2026.      0.    472.    829.    455.    203.    412.    212.      0.      0.    210.     0.     0.   1.00      0.      0.      0.      0.      0.      0.
   44  72      0.      0.      0.      0.      0.      0.   0.00   0.00   1.00   0.42   0.09    100.   2047.      0.    472.    833.    462.    205.    420.    220.      0.      0.    210.     0.     0.   1.00      0.      0.      0.      0.      0.      0.
   54  72      0.      0.      0.      0.      0.      0.   0.00   0.00   1.00   0.42   0.09    100.   2052.      0.    472.    835.    465.    205.    420.    220.      0.      0.    210.     0.     0.   1.00      0.      0.      0.      0.      0.      0.
   64  72      0.      0.      0.      0.      0.      0.   0.00   0.00   1.00   0.42   0.09    100.   2057.      0.    472.    838.    466.    206.    420.    220.      0.      0.    210.     0.     0.   1.00      0.      0.      0.      0.      0.      0.
   74  72      0.      0.      0.      0.      0.      0.   0.00   0.00   1.00   0.42   0.09    100.   2069.      0.    472.    844.    473.    207.    417.    217.      0.      0.    210.     0.     0.   1.00      0.      0.      0.      0.      0.      0.
   84  72      0.      0.      0.      0.      0.      0.   0.00   0.00   1.00   0.41   0.09    100.   2069.      0.    472.    850.    473.    207.    411.    211.      0.      0.    210.     0.     0.   1.00      0.      0.      0.      0.      0.      0.
   94  72      0.      0.      0.      0.      0.      0.   0.00   0.00   1.00   0.42   0.09    100.   2109.      0.    472.    860.    490.    211.    420.    220.      0.      0.    210.     0.     0.   1.00      0.      0.      0.      0.      0.      0.


Station=  WAGE , Soil=  2, Manage=  2, Rotat=  4 YrRot=  4 , NYear=  7 , NRot=  6 , Crop=  4, Irr.=  0, IOPT=  3,                  Runof=0.10, CO2=550. , StYear=1969, StDay=  1

 Planting on day 100, 1972
 Crop emergence on day   0, 1972
 Wageningen, long rotation 4, soil2, future                                      

 DAY  YEAR  WLVG    WLVD    WST    WSO     TAGB    TSUML    DVS    LAI  TRANRF  SMACT  SMACTL   RD    TRAIN   TIRR   TTRANS  TESOIL  TDRAIN  TRUNOF    WTOT   WAVT    WTOTL     WAVTL  WTOTLX  PARAB    PAR    NNI   NMINT  NMIN    NUPT     NFIX   NLIV   NLOSS  
  100  72     48.      0.     12.      0.     60.      0.   0.00   0.14   1.00   0.42   0.42     10.   2144.      0.    472.    871.    511.    214.     42.     22.    168.     88.    420.     0.     0.   0.00      0.     30.      0.      0.      4.      0.
  110  72     48.      0.     12.      0.     60.      0.   0.00   0.14   1.00   0.39   0.42     10.   2175.      0.    474.    884.    527.    217.     39.     19.    168.     88.    420.     0.    61.   0.00      0.     30.      0.      0.      4.      0.
  120  72     48.      0.     12.      0.     60.      0.   0.00   0.14   1.00   0.31   0.42     10.   2184.      0.    476.    897.    529.    218.     31.     11.    168.     88.    420.     0.   137.   0.00      0.     30.      0.      0.      4.      0.
  126  72     48.      0.     12.      0.     60.      0.   0.00   0.14   1.00   0.29   0.42     10.   2194.      0.    478.    907.    529.    219.     29.      9.    168.     88.    420.     0.   176.   1.00      0.     30.      0.      0.      4.      0.
  130  72    115.      6.     69.      0.    189.     52.   0.35   0.23   1.00   0.30   0.42     15.   2195.      0.    479.    910.    529.    220.     40.     13.    153.     80.    420.     6.   213.   0.45      1.     27.      2.      0.      6.      0.
  140  72    297.     30.    190.      0.    517.    145.   0.97   0.73   1.00   0.42   0.42     27.   2253.      0.    483.    925.    545.    225.    108.     56.    102.     54.    420.    22.   264.   0.76    108.     20.     15.      0.     18.      1.
  150  72   1039.     99.    764.    300.   2202.    276.   1.11   2.71   1.00   0.41   0.42     39.   2282.      0.    505.    934.    545.    228.    153.     78.     52.     27.    420.    89.   354.   0.89     62.     12.     68.      0.     70.      2.
  160  72   1606.    162.   1268.   1106.   4142.    409.   1.20   4.30   1.00   0.39   0.42     50.   2305.      0.    531.    936.    545.    230.    196.     97.      2.      1.    420.   157.   425.   0.91     23.      4.    115.      0.    115.      3.
  170  72   1748.    294.   2002.   3035.   7079.    534.   1.28   4.68   1.00   0.36  -0.00     50.   2322.      0.    562.    937.    545.    232.    181.     81.     -0.     -0.    420.   253.   521.   0.95     39.      0.    159.      0.    157.      6.
  180  72   1648.    394.   2249.   5050.   9341.    680.   1.37   4.42   1.00   0.37  -0.00     50.   2362.      0.    592.    938.    545.    236.    186.     86.     -0.     -0.    420.   326.   595.   0.97     12.      0.    186.      0.    181.      8.
  190  72   1562.    480.   2249.   7017.  11308.    835.   1.47   4.20   1.00   0.37  -0.00     50.   2392.      0.    617.    939.    545.    239.    187.     87.     -0.     -0.    420.   389.   660.   0.83      0.      0.    198.      0.    192.     10.
  200  72   1050.    992.   1952.   9780.  14071.    994.   1.58   2.95   1.00   0.33  -0.00     50.   2404.      0.    650.    940.    545.    240.    163.     63.     -0.     -0.    420.   487.   760.   0.56      0.      0.    198.      0.    178.     24.
  210  72    520.   1522.   1595.  10433.  14724.   1197.   1.71   1.68   1.00   0.38  -0.00     50.   2468.      0.    676.    943.    545.    247.    192.     92.     -0.     -0.    420.   553.   833.   0.31      0.      0.    198.      0.    162.     40.
  220  72    245.   1797.   1303.  10778.  15069.   1359.   1.81   1.02   1.00   0.35  -0.00     50.   2477.      0.    692.    950.    545.    248.    177.     77.     -0.     -0.    420.   604.   902.   0.16      0.      0.    198.      0.    152.     50.
  230  72    107.   1935.   1065.  10848.  15139.   1531.   1.92   0.64   1.00   0.35  -0.00     50.   2504.      0.    705.    962.    545.    250.    176.     76.     -0.     -0.    420.   648.   980.   0.08      0.      0.    198.      0.    146.     56.
  240  72     52.   1990.    888.  10853.  15143.   1654.   2.00   0.46   1.00   0.35  -0.00     50.   2525.      0.    713.    973.    545.    252.    177.     77.     -0.     -0.    420.   674.  1043.   0.04      0.      0.    198.      0.    142.     59.
  249  72      0.      0.      0.      0.      0.      0.   0.00   0.00   1.00   0.34  -0.00     50.   2525.      0.    713.    978.    545.    252.    172.     72.     -0.     -0.    420.     0.     0.   1.00      0.      0.      0.      0.      0.      0.
  259  72      0.      0.      0.      0.      0.      0.   0.00   0.00   1.00   0.39  -0.00     50.   2560.      0.    713.    987.    545.    256.    194.     94.     -0.     -0.    420.     0.     0.   1.00      0.      0.      0.      0.      0.      0.
  269  72      0.      0.      0.      0.      0.      0.   0.00   0.00   1.00   0.40  -0.00     50.   2569.      0.    713.    992.    545.    257.    198.     98.     -0.     -0.    420.     0.     0.   1.00      0.      0.      0.      0.      0.      0.


Station=  WAGE , Soil=  2, Manage=  2, Rotat=  4 YrRot=  5 , NYear=  7 , NRot=  6 , Crop=  5, Irr.=  0, IOPT=  3,                  Runof=0.10, CO2=550. , StYear=1969, StDay=  1

 Planting on day 270, 1972
 Crop emergence on day   0, 1972
 Wageningen, long rotation 4, soil2, future                                      

 DAY  YEAR  WLVG    WLVD    WST    WSO     TAGB    TSUML    DVS    LAI  TRANRF  SMACT  SMACTL   RD    TRAIN   TIRR   TTRANS  TESOIL  TDRAIN  TRUNOF    WTOT   WAVT    WTOTL     WAVTL  WTOTLX  PARAB    PAR    NNI   NMINT  NMIN    NUPT     NFIX   NLIV   NLOSS  
  270  72    137.      0.     59.      0.    195.      0.   0.00   0.30   1.00   0.39   0.41     10.   2569.      0.    713.    992.    545.    257.     39.     19.    475.    245.    103.     0.     0.   0.00      0.     30.      0.      0.     11.      0.
  276  72    137.      0.     59.      0.    195.      0.   0.00   0.30   1.00   0.37   0.41     10.   2570.      0.    713.    994.    545.    257.     37.     17.    475.    245.    103.     0.    25.   1.00      0.     30.      0.      0.     11.      0.
  280  72    205.      4.    104.      0.    314.      9.   0.04   0.40   1.00   0.37   0.41     15.   2570.      0.    714.    996.    545.    257.     50.     23.    460.    237.    103.     4.    50.   0.77      1.     27.      2.      0.     14.      0.
  290  72    293.     31.    191.      0.    515.     28.   0.11   0.76   1.00   0.38   0.41     27.   2570.      0.    716.    997.    545.    257.     97.     46.    411.    212.    103.    15.    91.   0.83      1.     20.     10.      0.     21.      0.
  300  72    383.     49.    254.      0.    687.     35.   0.14   0.95   1.00   0.42   0.41     39.   2586.      0.    717.    999.    545.    259.    157.     81.    362.    187.    103.    24.   118.   0.88      1.     12.     17.      0.     28.      0.
  310  72    486.     83.    344.      0.    912.     38.   0.16   1.15   1.00   0.42   0.42     51.   2594.      0.    718.   1001.    545.    259.    207.    108.    316.    165.    103.    33.   138.   0.87      1.      4.     25.      0.     36.      1.
  320  72    556.    107.    397.      0.   1061.     38.   0.16   1.30   1.00   0.42   0.42     63.   2641.      0.    721.   1004.    577.    264.    259.    136.    266.    139.    105.    39.   150.   0.86      0.      0.     30.      0.     41.      1.
  330  72    579.    154.    445.      0.   1179.     38.   0.16   1.35   1.00   0.42   0.42     75.   2669.      0.    722.   1006.    600.    267.    309.    162.    216.    113.    105.    47.   165.   0.79      0.      0.     30.      0.     40.      1.
  340  72    583.    215.    495.      0.   1294.     38.   0.16   1.35   1.00   0.42   0.42     87.   2674.      0.    723.   1007.    602.    267.    360.    188.    165.     87.    105.    54.   179.   0.75      0.      0.     30.      0.     40.      2.
  350  72    568.    295.    551.      0.   1414.     38.   0.16   1.32   1.00   0.42   0.42     99.   2691.      0.    724.   1008.    615.    269.    409.    214.    115.     60.    105.    59.   189.   0.72      0.      0.     30.      0.     39.      2.
  360  72    506.    367.    560.      0.   1433.     38.   0.16   1.21   1.00   0.42   0.42    111.   2691.      0.    725.   1008.    615.    269.    459.    240.     65.     34.    105.    65.   201.   0.77      0.      0.     30.      0.     39.      3.
    5  73    464.    419.    568.      0.   1452.     38.   0.16   1.12   1.00   0.42   0.42    123.   2691.      0.    726.   1009.    615.    269.    508.    265.     14.      7.    105.    70.   212.   0.80      0.      0.     30.      0.     38.      3.
   15  73    433.    461.    576.      0.   1470.     38.   0.16   1.06   1.00   0.42   0.00    125.   2694.      0.    726.   1009.    615.    269.    524.    274.      0.     -0.    105.    74.   220.   0.83      0.      0.     30.      0.     38.      3.
   25  73    419.    498.    593.      0.   1510.     38.   0.16   1.04   1.00   0.42   0.00    125.   2700.      0.    727.   1010.    618.    270.    525.    275.      0.     -0.    105.    78.   231.   0.83      0.      0.     30.      0.     38.      4.
   35  73    429.    540.    631.      0.   1601.     38.   0.16   1.06   1.00   0.42   0.00    125.   2718.      0.    728.   1011.    632.    272.    525.    275.      0.     -0.    105.    85.   246.   0.78      0.      0.     30.      0.     37.      4.
   45  73    413.    587.    654.      0.   1653.     39.   0.16   1.02   1.00   0.42   0.00    125.   2756.      0.    730.   1013.    663.    276.    525.    275.      0.     -0.    105.    90.   259.   0.78      0.      0.     30.      0.     37.      4.
   55  73    401.    629.    678.      0.   1708.     41.   0.17   1.00   1.00   0.42   0.00    125.   2785.      0.    731.   1016.    684.    278.    525.    275.      0.     -0.    105.    98.   277.   0.78      0.      0.     30.      0.     37.      5.
   65  73    422.    672.    727.      0.   1821.     46.   0.19   1.04   1.00   0.42   0.00    125.   2793.      0.    733.   1020.    686.    279.    524.    274.      0.     -0.    105.   113.   314.   0.73      0.      0.     30.      0.     37.      5.
   75  73    421.    737.    787.      0.   1945.     52.   0.22   1.04   1.00   0.42   0.00    125.   2801.      0.    736.   1023.    692.    280.    521.    271.      0.     -0.    105.   136.   366.   0.71      0.      0.     30.      0.     36.      5.
   85  73    446.    803.    900.      0.   2150.     71.   0.30   1.09   1.00   0.41   0.00    125.   2807.      0.    740.   1027.    692.    281.    518.    268.      0.     -0.    105.   157.   415.   0.67      0.      0.     30.      0.     36.      6.
   95  73    441.    875.   1022.      0.   2339.     90.   0.38   1.08   1.00   0.42   0.00    125.   2848.      0.    745.   1034.    710.    285.    525.    275.      0.     -0.    105.   179.   465.   0.68      0.      0.     30.      0.     35.      6.
  105  73    438.    952.   1177.      0.   2567.    105.   0.44   1.07   1.00   0.42   0.00    125.   2867.      0.    750.   1044.    715.    287.    522.    272.      0.     -0.    105.   207.   526.   0.65      0.      0.     30.      0.     34.      7.
  115  73    512.   1049.   1664.      0.   3225.    143.   0.60   1.20   1.00   0.41   0.00    125.   2880.      0.    757.   1052.    715.    288.    518.    268.      0.     -0.    105.   239.   596.   0.51      0.      0.     30.      0.     34.      8.
  125  73    491.   1176.   2125.      0.   3792.    205.   0.85   1.17   1.00   0.42   0.00    125.   2903.      0.    764.   1061.    715.    290.    523.    273.      0.     -0.    105.   269.   659.   0.56      0.      0.     30.      0.     33.      9.
  135  73    428.   1340.   2897.     30.   4695.    286.   1.08   1.02   1.00   0.41   0.00    125.   2922.      0.    773.   1074.    715.    292.    518.    268.      0.     -0.    105.   300.   728.   1.00     91.      0.     51.      0.     52.     10.
  145  73    420.   1469.   3635.    303.   5828.    396.   1.26   0.96   1.00   0.40   0.00    125.   2933.      0.    786.   1086.    715.    293.    503.    253.      0.     -0.    105.   343.   829.   1.00     85.      0.     57.      0.     57.     11.
  155  73    305.   1584.   4025.    916.   6831.    519.   1.47   0.70   1.00   0.40   0.00    125.   2963.      0.    794.   1104.    715.    296.    505.    255.      0.     -0.    105.   372.   905.   1.00     85.      0.     57.      0.     57.     12.
  165  73    207.   1682.   3597.   1575.   7604.    635.   1.66   0.48   1.00   0.39   0.00    125.   2963.      0.    802.   1115.    715.    296.    486.    236.      0.     -0.    105.   401.  1007.   0.64    141.      0.     57.      0.     54.     15.
  175  73    112.   1777.   2941.   1842.   7874.    779.   1.90   0.29   1.00   0.37   0.00    125.   2963.      0.    809.   1125.    715.    296.    469.    219.      0.     -0.    105.   424.  1130.   0.36    141.      0.     57.      0.     51.     18.
  180  73     83.   1806.   2713.   1854.   7886.    851.   2.02   0.23   1.00   0.38   0.00    125.   2976.      0.    811.   1133.    715.    298.    470.    220.      0.     -0.    105.   431.  1178.   0.29    141.      0.     57.      0.     49.     20.
  184  73      0.      0.      0.      0.      0.      0.   0.00   0.00   1.00   0.36   0.00    125.   2976.      0.    811.   1147.    715.    298.    456.    206.      0.     -0.    105.     0.     0.   1.00    141.      0.      0.      0.      0.      0.
  194  73      0.      0.      0.      0.      0.      0.   0.00   0.00   1.00   0.36   0.00    125.   2985.      0.    811.   1164.    715.    298.    447.    197.      0.     -0.    105.     0.     0.   1.00    141.      0.      0.      0.      0.      0.
  204  73      0.      0.      0.      0.      0.      0.   0.00   0.00   1.00   0.36   0.00    125.   3017.      0.    811.   1189.    715.    302.    450.    200.      0.     -0.    105.     0.     0.   1.00    141.      0.      0.      0.      0.      0.
  214  73      0.      0.      0.      0.      0.      0.   0.00   0.00   1.00   0.36   0.00    125.   3032.      0.    811.   1209.    715.    303.    444.    194.      0.     -0.    105.     0.     0.   1.00    141.      0.      0.      0.      0.      0.
  224  73      0.      0.      0.      0.      0.      0.   0.00   0.00   1.00   0.35   0.00    125.   3053.      0.    811.   1231.    715.    305.    440.    190.      0.     -0.    105.     0.     0.   1.00    141.      0.      0.      0.      0.      0.
  234  73      0.      0.      0.      0.      0.      0.   0.00   0.00   1.00   0.34   0.00    125.   3053.      0.    811.   1242.    715.    305.    430.    180.      0.     -0.    105.     0.     0.   1.00    141.      0.      0.      0.      0.      0.
  244  73      0.      0.      0.      0.      0.      0.   0.00   0.00   1.00   0.35   0.00    125.   3077.      0.    811.   1251.    715.    308.    442.    192.      0.     -0.    105.     0.     0.   1.00    141.      0.      0.      0.      0.      0.
  254  73      0.      0.      0.      0.      0.      0.   0.00   0.00   1.00   0.35   0.00    125.   3080.      0.    811.   1261.    715.    308.    435.    185.      0.     -0.    105.     0.     0.   1.00    141.      0.      0.      0.      0.      0.
  264  73      0.      0.      0.      0.      0.      0.   0.00   0.00   1.00   0.35   0.00    125.   3103.      0.    811.   1273.    715.    310.    444.    194.      0.     -0.    105.     0.     0.   1.00    141.      0.      0.      0.      0.      0.
  274  73      0.      0.      0.      0.      0.      0.   0.00   0.00   1.00   0.37   0.00    125.   3140.      0.    811.   1283.    715.    314.    466.    216.      0.     -0.    105.     0.     0.   1.00    141.      0.      0.      0.      0.      0.
  276  73      0.      0.      0.      0.      0.      0.   0.00   0.00   1.00   0.37   0.00    125.   3140.      0.    811.   1284.    715.    314.    466.    216.      0.     -0.    105.     0.     0.   1.00    141.      0.      0.      0.      0.      0.
  284  73      0.      0.      0.      0.      0.      0.   0.00   0.00   1.00   0.38   0.00    125.   3159.      0.    811.   1288.    715.    316.    479.    229.      0.     -0.    105.     0.     0.   1.00    141.      0.      0.      0.      0.      0.
  294  73      0.      0.      0.      0.      0.      0.   0.00   0.00   1.00   0.42   0.00    125.   3219.      0.    811.   1293.    718.    322.    525.    275.      0.     -0.    105.     0.     0.   1.00    141.      0.      0.      0.      0.      0.
  304  73      0.      0.      0.      0.      0.      0.   0.00   0.00   1.00   0.42   0.00    125.   3225.      0.    811.   1296.    721.    323.    524.    274.      0.     -0.    105.     0.     0.   1.00    141.      0.      0.      0.      0.      0.
  314  73      0.      0.      0.      0.      0.      0.   0.00   0.00   1.00   0.42   0.00    125.   3245.      0.    811.   1299.    736.    324.    524.    274.      0.     -0.    105.     0.     0.   1.00    141.      0.      0.      0.      0.      0.
  324  73      0.      0.      0.      0.      0.      0.   0.00   0.00   1.00   0.42   0.00    125.   3279.      0.    811.   1304.    761.    328.    525.    275.      0.     -0.    105.     0.     0.   1.00    141.      0.      0.      0.      0.      0.
  334  73      0.      0.      0.      0.      0.      0.   0.00   0.00   1.00   0.42   0.00    125.   3304.      0.    811.   1304.    783.    330.    525.    275.      0.     -0.    105.     0.     0.   1.00    141.      0.      0.      0.      0.      0.
  344  73      0.      0.      0.      0.      0.      0.   0.00   0.00   1.00   0.42   0.00    125.   3333.      0.    811.   1305.    808.    333.    525.    275.      0.     -0.    105.     0.     0.   1.00    141.      0.      0.      0.      0.      0.
  354  73      0.      0.      0.      0.      0.      0.   0.00   0.00   1.00   0.42   0.00    125.   3362.      0.    811.   1308.    832.    336.    525.    275.      0.     -0.    105.     0.     0.   1.00    141.      0.      0.      0.      0.      0.
  364  73      0.      0.      0.      0.      0.      0.   0.00   0.00   1.00   0.42   0.00    125.   3368.      0.    811.   1309.    836.    337.    525.    275.      0.     -0.    105.     0.     0.   1.00    141.      0.      0.      0.      0.      0.
    9  74      0.      0.      0.      0.      0.      0.   0.00   0.00   1.00   0.42   0.00    125.   3382.      0.    811.   1311.    846.    338.    525.    275.      0.     -0.    105.     0.     0.   1.00    141.      0.      0.      0.      0.      0.
   19  74      0.      0.      0.      0.      0.      0.   0.00   0.00   1.00   0.42   0.00    125.   3411.      0.    811.   1318.    866.    341.    525.    275.      0.     -0.    105.     0.     0.   1.00    141.      0.      0.      0.      0.      0.
   29  74      0.      0.      0.      0.      0.      0.   0.00   0.00   1.00   0.42   0.00    125.   3425.      0.    811.   1322.    875.    342.    525.    275.      0.     -0.    105.     0.     0.   1.00    141.      0.      0.      0.      0.      0.
   39  74      0.      0.      0.      0.      0.      0.   0.00   0.00   1.00   0.42   0.00    125.   3433.      0.    811.   1325.    879.    343.    525.    275.      0.     -0.    105.     0.     0.   1.00    141.      0.      0.      0.      0.      0.
   49  74      0.      0.      0.      0.      0.      0.   0.00   0.00   1.00   0.42   0.00    125.   3452.      0.    811.   1331.    892.    345.    522.    272.      0.     -0.    105.     0.     0.   1.00    141.      0.      0.      0.      0.      0.
   59  74      0.      0.      0.      0.      0.      0.   0.00   0.00   1.00   0.42   0.00    125.   3456.      0.    811.   1333.    892.    346.    524.    274.      0.     -0.    105.     0.     0.   1.00    141.      0.      0.      0.      0.      0.
   69  74      0.      0.      0.      0.      0.      0.   0.00   0.00   1.00   0.42   0.00    125.   3474.      0.    811.   1336.    906.    347.    524.    274.      0.     -0.    105.     0.     0.   1.00    141.      0.      0.      0.      0.      0.
   79  74      0.      0.      0.      0.      0.      0.   0.00   0.00   1.00   0.42   0.00    125.   3504.      0.    811.   1345.    922.    350.    524.    274.      0.     -0.    105.     0.     0.   1.00    141.      0.      0.      0.      0.      0.


Station=  WAGE , Soil=  2, Manage=  2, Rotat=  4 YrRot=  6 , NYear=  7 , NRot=  6 , Crop=  6, Irr.=  0, IOPT=  3,                  Runof=0.10, CO2=550. , StYear=1969, StDay=  1

 Planting on day  80, 1974
 Crop emergence on day   0, 1974
 Wageningen, long rotation 4, soil2, future                                      

 DAY  YEAR  WLVG    WLVD    WST    WSO     TAGB    TSUML    DVS    LAI  TRANRF  SMACT  SMACTL   RD    TRAIN   TIRR   TTRANS  TESOIL  TDRAIN  TRUNOF    WTOT   WAVT    WTOTL     WAVTL  WTOTLX  PARAB    PAR    NNI   NMINT  NMIN    NUPT     NFIX   NLIV   NLOSS  
   80  74     11.      0.     11.      0.     22.      0.   0.00   0.03   1.00   0.43   0.42     10.   3510.      0.    811.   1346.    927.    351.     43.     23.    378.    198.    210.     0.     0.   0.00      0.     30.      0.      0.      2.      0.
   90  74     11.      0.     11.      0.     22.      0.   0.00   0.03   1.00   0.36   0.42     10.   3511.      0.    812.   1354.    927.    351.     36.     16.    378.    198.    210.     0.    55.   1.00      0.     30.      0.      0.      2.      0.
  100  74     36.      1.     44.      0.     81.    132.   0.16   0.12   1.00   0.35   0.42     22.   3512.      0.    813.   1361.    927.    351.     73.     32.    332.    174.    210.     5.   141.   0.95      7.     22.      1.      2.      5.      0.
  110  74     81.      4.     92.      0.    176.    227.   0.27   0.27   1.00   0.36   0.42     34.   3512.      0.    815.   1365.    927.    351.    117.     51.    282.    148.    210.    18.   233.   1.00     13.     15.      2.      6.      9.      0.
  120  74    161.      8.    172.      0.    341.    309.   0.37   0.57   1.00   0.37   0.42     46.   3521.      0.    818.   1372.    927.    352.    165.     76.    232.    121.    210.    36.   306.   0.97     20.      8.      3.     11.     15.      0.
  130  74    389.     20.    388.      0.    797.    414.   0.50   1.47   1.00   0.36   0.42     58.   3522.      0.    826.   1375.    927.    352.    206.     92.    181.     95.    210.    65.   362.   0.82     25.      0.      5.     22.     29.      0.
  140  74   1187.     73.   1273.     58.   2592.    571.   0.69   4.58   1.00   0.37   0.42     70.   3555.      0.    852.   1380.    927.    356.    254.    117.    131.     69.    210.   147.   458.   0.86    125.      0.     17.     69.     88.      1.
  150  74   1733.    301.   2201.    303.   4538.    711.   0.85   6.83   1.00   0.35   0.42     82.   3566.      0.    882.   1381.    927.    357.    284.    122.     81.     42.    210.   237.   549.   0.94    114.      0.     28.    111.    138.      3.
  160  74   1831.    760.   3147.    706.   6444.    848.   1.01   7.30   1.00   0.37   0.42     94.   3608.      0.    912.   1382.    927.    361.    342.    156.     30.     16.    210.   329.   641.   0.98    106.      0.     36.    146.    176.      8.
  170  74   1709.   1380.   4381.   1887.   9357.   1016.   1.14   6.85   1.00   0.35   0.09    100.   3623.      0.    948.   1382.    927.    362.    349.    149.      0.      0.    210.   435.   747.   0.94    151.      0.     47.    188.    222.     15.
  180  74   1311.   1951.   5216.   3923.  12401.   1194.   1.27   5.27   1.00   0.33   0.09    100.   3637.      0.    980.   1382.    927.    364.    330.    130.      0.      0.    210.   529.   842.   0.93    137.      0.     61.    245.    288.     21.
  190  74    877.   2434.   5605.   5495.  14411.   1363.   1.39   3.56   1.00   0.34   0.09    100.   3680.      0.   1005.   1384.    927.    368.    341.    141.      0.      0.    210.   601.   916.   0.47    132.      0.     66.    264.    305.     26.
  200  74    446.   2873.   5600.   6277.  15311.   1532.   1.52   2.01   1.00   0.33   0.09    100.   3695.      0.   1029.   1388.    927.    369.    327.    127.      0.      0.    210.   667.   991.   0.18    132.      0.     66.    264.    300.     32.
  210  74    203.   3116.   4577.   6486.  15521.   1699.   1.64   1.13   1.00   0.31   0.09    100.   3707.      0.   1045.   1395.    927.    371.    315.    115.      0.      0.    210.   719.  1062.   0.08    132.      0.     66.    264.    289.     42.
  220  74     88.   3230.   3740.   6510.  15545.   1872.   1.77   0.66   1.00   0.30   0.09    100.   3716.      0.   1057.   1402.    927.    372.    303.    103.      0.      0.    210.   757.  1139.   0.04    132.      0.     66.    264.    281.     50.
  230  74     37.   3282.   3056.   6510.  15545.   2063.   1.91   0.39   1.00   0.33   0.09    100.   3773.      0.   1064.   1419.    927.    377.    331.    131.      0.      0.    210.   781.  1210.   0.02    132.      0.     66.    264.    275.     56.
  238  74     20.   3299.   2653.   6510.  15545.   2184.   2.00   0.29   1.00   0.32   0.09    100.   3775.      0.   1069.   1427.    927.    378.    321.    121.      0.      0.    210.   797.  1278.   0.01    132.      0.     66.    264.    272.     60.
  239  74      0.      0.      0.      0.      0.      0.   0.00   0.00   1.00   0.33   0.09    100.   3795.      0.   1069.   1432.    927.    379.    333.    133.      0.      0.    210.     0.     0.   1.00    132.      0.      0.      0.      0.      0.
  249  74      0.      0.      0.      0.      0.      0.   0.00   0.00   1.00   0.36   0.09    100.   3843.      0.   1069.   1448.    927.    384.    361.    161.      0.      0.    210.     0.     0.   1.00    132.      0.      0.      0.      0.      0.
  259  74      0.      0.      0.      0.      0.      0.   0.00   0.00   1.00   0.36   0.09    100.   3863.      0.   1069.   1462.    927.    386.    364.    164.      0.      0.    210.     0.     0.   1.00    132.      0.      0.      0.      0.      0.
  269  74      0.      0.      0.      0.      0.      0.   0.00   0.00   1.00   0.39   0.09    100.   3904.      0.   1069.   1471.    927.    390.    393.    193.      0.      0.    210.     0.     0.   1.00    132.      0.      0.      0.      0.      0.
  279  74      0.      0.      0.      0.      0.      0.   0.00   0.00   1.00   0.41   0.09    100.   3936.      0.   1069.   1478.    927.    394.    414.    214.      0.      0.    210.     0.     0.   1.00    132.      0.      0.      0.      0.      0.
  289  74      0.      0.      0.      0.      0.      0.   0.00   0.00   1.00   0.42   0.09    100.   3956.      0.   1069.   1483.    934.    396.    420.    220.      0.      0.    210.     0.     0.   1.00    132.      0.      0.      0.      0.      0.
  299  74      0.      0.      0.      0.      0.      0.   0.00   0.00   1.00   0.42   0.09    100.   3999.      0.   1069.   1488.    968.    400.    420.    220.      0.      0.    210.     0.     0.   1.00    132.      0.      0.      0.      0.      0.
  309  74      0.      0.      0.      0.      0.      0.   0.00   0.00   1.00   0.42   0.09    100.   4049.      0.   1069.   1493.   1007.    405.    420.    220.      0.      0.    210.     0.     0.   1.00    132.      0.      0.      0.      0.      0.
  319  74      0.      0.      0.      0.      0.      0.   0.00   0.00   1.00   0.42   0.09    100.   4064.      0.   1069.   1499.   1016.    406.    419.    219.      0.      0.    210.     0.     0.   1.00    132.      0.      0.      0.      0.      0.
  329  74      0.      0.      0.      0.      0.      0.   0.00   0.00   1.00   0.42   0.09    100.   4106.      0.   1069.   1504.   1048.    411.    420.    220.      0.      0.    210.     0.     0.   1.00    132.      0.      0.      0.      0.      0.
  339  74      0.      0.      0.      0.      0.      0.   0.00   0.00   1.00   0.42   0.09    100.   4141.      0.   1069.   1510.   1074.    414.    420.    220.      0.      0.    210.     0.     0.   1.00    132.      0.      0.      0.      0.      0.
  349  74      0.      0.      0.      0.      0.      0.   0.00   0.00   1.00   0.42   0.09    100.   4183.      0.   1069.   1515.   1106.    418.    420.    220.      0.      0.    210.     0.     0.   1.00    132.      0.      0.      0.      0.      0.
  359  74      0.      0.      0.      0.      0.      0.   0.00   0.00   1.00   0.42   0.09    100.   4207.      0.   1069.   1521.   1122.    421.    420.    220.      0.      0.    210.     0.     0.   1.00    132.      0.      0.      0.      0.      0.
    4  75      0.      0.      0.      0.      0.      0.   0.00   0.00   1.00   0.42   0.09    100.   4246.      0.   1069.   1529.   1149.    425.    420.    220.      0.      0.    210.     0.     0.   1.00    132.      0.      0.      0.      0.      0.
   14  75      0.      0.      0.      0.      0.      0.   0.00   0.00   1.00   0.42   0.09    100.   4270.      0.   1069.   1532.   1169.    427.    419.    219.      0.      0.    210.     0.     0.   1.00    132.      0.      0.      0.      0.      0.


Station=  WAGE , Soil=  2, Manage=  2, Rotat=  4 YrRot=  1 , NYear=  7 , NRot=  6 , Crop=  1, Irr.=  0, IOPT=  3,                  Runof=0.10, CO2=550. , StYear=1969, StDay=  1

 Planting on day   0, 1975
 Crop emergence on day  20, 1975
 Wageningen, long rotation 4, soil2, future                                      

 DAY  YEAR  WLVG    WLVD    WST    WSO     TAGB    TSUML    DVS    LAI  TRANRF  SMACT  SMACTL   RD    TRAIN   TIRR   TTRANS  TESOIL  TDRAIN  TRUNOF    WTOT   WAVT    WTOTL     WAVTL  WTOTLX  PARAB    PAR    NNI   NMINT  NMIN    NUPT     NFIX   NLIV   NLOSS  
   20  75     68.      0.     37.      0.    105.      0.   0.00   0.14   1.00   0.42   0.42     10.   4285.      0.   1069.   1536.   1177.    429.     42.     22.    483.    253.    105.     0.     0.   1.00      0.     30.      0.      0.      8.      0.
   30  75     76.      0.     41.      0.    118.      0.   0.00   0.26   1.00   0.42   0.42     22.   4328.      0.   1069.   1543.   1207.    433.     87.     46.    438.    229.    105.     2.    14.   0.98      7.     22.      1.      0.      9.      0.
   40  75     87.      1.     48.      0.    136.      0.   0.00   0.43   1.00   0.42   0.42     34.   4339.      0.   1070.   1545.   1216.    434.    136.     71.    387.    203.    105.     7.    40.   0.99     13.     15.      2.      0.     11.      0.
   50  75    104.      2.     58.      0.    163.      1.   0.00   0.66   1.00   0.42   0.42     46.   4357.      0.   1071.   1549.   1227.    436.    188.     99.    337.    176.    105.    13.    63.   0.94     19.      8.      4.      0.     12.      0.
   60  75    132.      3.     75.      0.    211.      5.   0.01   0.81   1.00   0.41   0.42     58.   4357.      0.   1073.   1550.   1227.    436.    235.    121.    286.    150.    105.    29.   108.   1.00     22.      0.      8.      0.     16.      0.
   70  75    205.      7.    122.      0.    334.     20.   0.03   0.96   1.00   0.42   0.42     70.   4382.      0.   1076.   1555.   1237.    438.    289.    151.    236.    124.    105.    40.   133.   0.98     13.      0.     17.      0.     25.      0.
   80  75    218.      8.    129.      0.    355.     34.   0.05   0.98   1.00   0.42   0.42     82.   4400.      0.   1078.   1559.   1249.    440.    339.    178.    186.     97.    105.    48.   152.   1.00     12.      0.     18.      0.     26.      0.
   90  75    272.     10.    161.      0.    443.     57.   0.08   1.10   1.00   0.42   0.42     94.   4435.      0.   1082.   1565.   1270.    443.    389.    203.    135.     71.    105.    71.   202.   1.00      6.      0.     24.      0.     32.      0.
  100  75    304.     11.    179.      0.    495.     87.   0.12   1.17   1.00   0.42   0.42    106.   4454.      0.   1086.   1572.   1276.    445.    440.    231.     85.     44.    105.    95.   251.   1.00      4.      0.     26.      0.     35.      0.
  110  75    421.     17.    246.      0.    684.    155.   0.21   1.41   1.00   0.42   0.42    118.   4481.      0.   1090.   1578.   1289.    448.    491.    257.     34.     18.    105.   114.   286.   0.88      0.      0.     30.      0.     38.      0.
  120  75    720.    141.    733.      0.   1593.    261.   0.36   1.95   1.00   0.41   0.00    125.   4492.      0.   1101.   1584.   1289.    449.    518.    268.      0.      0.    105.   164.   364.   0.46      0.      0.     30.      0.     38.      1.
  130  75    777.    366.   1365.      0.   2509.    376.   0.52   2.04   1.00   0.41   0.00    125.   4517.      0.   1116.   1593.   1289.    452.    518.    268.      0.      0.    105.   220.   445.   0.35      0.      0.     30.      0.     37.      1.
  140  75   1012.    500.   2374.      0.   3887.    510.   0.71   2.55   1.00   0.41   0.00    125.   4532.      0.   1129.   1600.   1289.    453.    510.    260.      0.      0.    105.   278.   525.   0.95     64.      0.     78.      0.     84.      2.
  150  75   1381.    521.   4476.      0.   6377.    636.   0.88   3.31   1.00   0.39   0.00    125.   4532.      0.   1152.   1603.   1289.    453.    485.    235.      0.      0.    105.   360.   624.   0.99     41.      0.    101.      0.    107.      2.
  160  75   1325.    615.   5951.   1095.   8986.    758.   1.04   3.17   1.00   0.38   0.00    125.   4551.      0.   1177.   1608.   1289.    455.    472.    222.      0.      0.    105.   446.   724.   1.00     33.      0.    109.      0.    115.      2.
  170  75    941.    998.   5951.   3839.  11730.    935.   1.23   2.25   1.00   0.37   0.00    125.   4575.      0.   1202.   1615.   1289.    458.    462.    212.      0.      0.    105.   524.   821.   1.00     77.      0.    121.      0.    125.      4.
  180  75    646.   1294.   5951.   6016.  13907.   1114.   1.42   1.55   1.00   0.38   0.00    125.   4619.      0.   1220.   1626.   1289.    462.    471.    221.      0.      0.    105.   589.   915.   0.71     69.      0.    129.      0.    132.      5.
  190  75    351.   1589.   5379.   7092.  14983.   1297.   1.61   0.92   1.00   0.37   0.00    125.   4644.      0.   1236.   1640.   1289.    464.    464.    214.      0.      0.    105.   642.  1017.   0.33     69.      0.    129.      0.    129.      8.
  200  75    161.   1779.   4395.   7293.  15184.   1502.   1.82   0.52   1.00   0.37   0.00    125.   4677.      0.   1245.   1657.   1289.    468.    468.    218.      0.      0.    105.   670.  1094.   0.16     69.      0.    129.      0.    126.     11.
  210  75     72.   1868.   3591.   7316.  15206.   1681.   2.01   0.31   1.00   0.38   0.00    125.   4711.      0.   1249.   1676.   1289.    471.    476.    226.      0.      0.    105.   686.  1168.   0.08     69.      0.    129.      0.    123.     13.
  211  75     72.   1868.   3591.   7316.  15206.   1681.   2.01   0.31   1.00   0.38   0.00    125.   4711.      0.   1250.   1677.   1289.    471.    474.    224.      0.      0.    105.   686.  1168.   0.08     69.      0.    129.      0.    123.     13.
  219  75      0.      0.      0.      0.      0.      0.   0.00   0.00   1.00   0.37   0.00    125.   4718.      0.   1250.   1699.   1289.    472.    458.    208.      0.      0.    105.     0.     0.   1.00     69.      0.      0.      0.      0.      0.
  229  75      0.      0.      0.      0.      0.      0.   0.00   0.00   1.00   0.37   0.00    125.   4744.      0.   1250.   1722.   1289.    474.    458.    208.      0.      0.    105.     0.     0.   1.00     69.      0.      0.      0.      0.      0.
  239  75      0.      0.      0.      0.      0.      0.   0.00   0.00   1.00   0.37   0.00    125.   4764.      0.   1250.   1737.   1289.    476.    461.    211.      0.      0.    105.     0.     0.   1.00     69.      0.      0.      0.      0.      0.
  249  75      0.      0.      0.      0.      0.      0.   0.00   0.00   1.00   0.36   0.00    125.   4768.      0.   1250.   1746.   1289.    477.    456.    206.      0.      0.    105.     0.     0.   1.00     69.      0.      0.      0.      0.      0.
  259  75      0.      0.      0.      0.      0.      0.   0.00   0.00   1.00   0.38   0.00    125.   4806.      0.   1250.   1760.   1289.    481.    477.    227.      0.      0.    105.     0.     0.   1.00     69.      0.      0.      0.      0.      0.
  269  75      0.      0.      0.      0.      0.      0.   0.00   0.00   1.00   0.39   0.00    125.   4827.      0.   1250.   1769.   1289.    483.    486.    236.      0.      0.    105.     0.     0.   1.00     69.      0.      0.      0.      0.      0.
  279  75      0.      0.      0.      0.      0.      0.   0.00   0.00   1.00   0.39   0.00    125.   4840.      0.   1250.   1781.   1289.    484.    486.    236.      0.      0.    105.     0.     0.   1.00     69.      0.      0.      0.      0.      0.
  289  75      0.      0.      0.      0.      0.      0.   0.00   0.00   1.00   0.39   0.00    125.   4849.      0.   1250.   1784.   1289.    485.    491.    241.      0.      0.    105.     0.     0.   1.00     69.      0.      0.      0.      0.      0.
  299  75      0.      0.      0.      0.      0.      0.   0.00   0.00   1.00   0.39   0.00    125.   4851.      0.   1250.   1786.   1289.    485.    491.    241.      0.      0.    105.     0.     0.   1.00     69.      0.      0.      0.      0.      0.
  309  75      0.      0.      0.      0.      0.      0.   0.00   0.00   1.00   0.40   0.00    125.   4859.      0.   1250.   1788.   1289.    486.    496.    246.      0.      0.    105.     0.     0.   1.00     69.      0.      0.      0.      0.      0.
  319  75      0.      0.      0.      0.      0.      0.   0.00   0.00   1.00   0.40   0.00    125.   4865.      0.   1250.   1789.   1289.    487.    501.    251.      0.      0.    105.     0.     0.   1.00     69.      0.      0.      0.      0.      0.
  329  75      0.      0.      0.      0.      0.      0.   0.00   0.00   1.00   0.42   0.00    125.   4902.      0.   1250.   1792.   1296.    490.    525.    275.      0.      0.    105.     0.     0.   1.00     69.      0.      0.      0.      0.      0.
  339  75      0.      0.      0.      0.      0.      0.   0.00   0.00   1.00   0.42   0.00    125.   4947.      0.   1250.   1795.   1333.    495.    525.    275.      0.      0.    105.     0.     0.   1.00     69.      0.      0.      0.      0.      0.
  349  75      0.      0.      0.      0.      0.      0.   0.00   0.00   1.00   0.42   0.00    125.   4951.      0.   1250.   1796.   1335.    495.    525.    275.      0.      0.    105.     0.     0.   1.00     69.      0.      0.      0.      0.      0.
  359  75      0.      0.      0.      0.      0.      0.   0.00   0.00   1.00   0.42   0.00    125.   4956.      0.   1250.   1797.   1339.    496.    525.    275.      0.      0.    105.     0.     0.   1.00     69.      0.      0.      0.      0.      0.
    1  76      0.      0.      0.      0.      0.      0.   0.00   0.00   1.00   0.42   0.00    125.   4974.      0.   1250.   1799.   1353.    497.    525.    275.      0.      0.    105.     0.     0.   1.00     69.      0.      0.      0.      0.      0.
